driver_name,driver_phone,district,customer_name,customer_email,delivery_date,address,customer_phone,order_no,customer_status,paid_status,packaging_option,distance_in_km,Zone_Name,Zone_Price,hubs,total_price,time_slot,payment_method,total_weight_perorder,shipping_number (Box #)
3PLC-DRIVER-2,0812-XXXX-XXXX,kecamatan pinang,Customer_0,cust@XXXX.com,2026-04-01,"Anonymized Street, Jabodetabek",0812-XXXX-XXXX,Sample_Order_6,NEW,1,MEDIUM BOX,9.05,Zone 4,11000,Cibitung - KAB BEKASI,169800,slot-1,Cash on Delivery,5,33
3PLB-DRIVER-1,0812-XXXX-XXXX,kecamatan jagakarsa,Customer_1,cust@XXXX.com,2026-04-01,"Anonymized Street, Jabodetabek",0812-XXXX-XXXX,Sample_Order_6,NEW,1,MEDIUM BOX,9.05,Zone 4,11000,Cibitung - KAB BEKASI,169800,slot-0,Cash on Delivery,5,33
3PLB-DRIVER-3,0812-XXXX-XXXX,kecamatan penjaringan,Customer_2,cust@XXXX.com,2026-04-01,"Anonymized Street, Jabodetabek",0812-XXXX-XXXX,Sample_Order_3,RETURNING,1,PLASTIC,6.8,Zone 3,7000,Kembangan - JAKBAR,151710,slot-sameday03,ShopeePay,4,197
3PLB-DRIVER-2,0812-XXXX-XXXX,kecamatan pademangan,Customer_3,cust@XXXX.com,2026-04-01,"Anonymized Street, Jabodetabek",0812-XXXX-XXXX,Sample_Order_4,RETURNING,1,PLASTIC,4.79,Zone 2,6500,Kramat - JAKPUS,162800,slot-1,MANDIRI VA Transferpay!,4,99
Sample_Driver_9,0812-XXXX-XXXX,cikarang selatan,Customer_4,cust@XXXX.com,2026-04-01,"Anonymized Street, Jabodetabek",0812-XXXX-XXXX,Sample_Order_3,RETURNING,1,PLASTIC,6.8,Zone 3,7000,Kembangan - JAKBAR,151710,slot-0,ShopeePay,4,197
3PLB-DRIVER-2,0812-XXXX-XXXX,sepatan,Customer_5,cust@XXXX.com,2026-04-01,"Anonymized Street, Jabodetabek",0812-XXXX-XXXX,Sample_Order_6,NEW,1,MEDIUM BOX,9.05,Zone 4,11000,Cibitung - KAB BEKASI,169800,slot-13,Cash on Delivery,5,33
3PLC-DRIVER-2,0812-XXXX-XXXX,kecamatan grogol petamburan,Customer_6,cust@XXXX.com,2026-04-01,"Anonymized Street, Jabodetabek",0812-XXXX-XXXX,Sample_Order_1,RETURNING,1,HALF MEDIUM BOX,11.13,Zone 4,11000,Bintaro - TANGSEL,116100,slot-1bb,OVO Wallet,2,85
3PLA-DRIVER-1,0812-XXXX-XXXX,kecamatan grogol petamburan,Customer_7,cust@XXXX.com,2026-04-01,"Anonymized Street, Jabodetabek",0812-XXXX-XXXX,Sample_Order_9,RETURNING,1,HALF MEDIUM BOX,6.9,Zone 3,7000,Kramat - JAKPUS,126900,slot-1,Credit Card,4,90
3PLC-DRIVER-2,0812-XXXX-XXXX,kecamatan pademangan,Customer_8,cust@XXXX.com,2026-04-01,"Anonymized Street, Jabodetabek",0812-XXXX-XXXX,Sample_Order_1,RETURNING,1,HALF MEDIUM BOX,11.13,Zone 4,11000,Bintaro - TANGSEL,116100,slot-1,OVO Wallet,2,85
Sample_Driver_8,0812-XXXX-XXXX,kecamatan jatinegara,Customer_9,cust@XXXX.com,2026-04-01,"Anonymized Street, Jabodetabek",0812-XXXX-XXXX,Sample_Order_0,RETURNING,1,PLASTIC,5.54,Zone 2,6500,Kramat - JAKPUS,227370,slot-0bb,Cash on Delivery,5,242
3PLC-DRIVER-2,0812-XXXX-XXXX,kecamatan jagakarsa,Customer_10,cust@XXXX.com,2026-04-01,"Anonymized Street, Jabodetabek",0812-XXXX-XXXX,Sample_Order_2,RETURNING,1,PLASTIC,7.03,Zone 3,7000,Kembangan - JAKBAR,624450,slot-1,Credit Card,8,24
3PLB-DRIVER-2,0812-XXXX-XXXX,kecamatan setiabudi,Customer_11,cust@XXXX.com,2026-04-01,"Anonymized Street, Jabodetabek",0812-XXXX-XXXX,Sample_Order_0,RETURNING,1,PLASTIC,5.54,Zone 2,6500,Kramat - JAKPUS,227370,slot-sameday03,Cash on Delivery,5,242
Sample_Driver_9,0812-XXXX-XXXX,kecamatan setiabudi,Customer_12,cust@XXXX.com,2026-04-01,"Anonymized Street, Jabodetabek",0812-XXXX-XXXX,Sample_Order_1,RETURNING,1,HALF MEDIUM BOX,11.13,Zone 4,11000,Bintaro - TANGSEL,116100,slot-0bb,OVO Wallet,2,85
3PLB-DRIVER-2,0812-XXXX-XXXX,sepatan,Customer_13,cust@XXXX.com,2026-04-01,"Anonymized Street, Jabodetabek",0812-XXXX-XXXX,Sample_Order_1,RETURNING,1,HALF MEDIUM BOX,11.13,Zone 4,11000,Bintaro - TANGSEL,116100,slot-0bb,OVO Wallet,2,85
Sample_Driver_9,0812-XXXX-XXXX,kecamatan jagakarsa,Customer_14,cust@XXXX.com,2026-04-01,"Anonymized Street, Jabodetabek",0812-XXXX-XXXX,Sample_Order_3,RETURNING,1,PLASTIC,6.8,Zone 3,7000,Kembangan - JAKBAR,151710,slot-2,ShopeePay,4,197
3PLC-DRIVER-2,0812-XXXX-XXXX,kecamatan pademangan,Customer_15,cust@XXXX.com,2026-04-01,"Anonymized Street, Jabodetabek",0812-XXXX-XXXX,Sample_Order_0,RETURNING,1,PLASTIC,5.54,Zone 2,6500,Kramat - JAKPUS,227370,slot-2,Cash on Delivery,5,242
3PLB-DRIVER-3,0812-XXXX-XXXX,sepatan,Customer_16,cust@XXXX.com,2026-04-01,"Anonymized Street, Jabodetabek",0812-XXXX-XXXX,Sample_Order_5,,1,,8.03,Zone 3,7000,Kramat - JAKPUS,273600,slot-2,Cash on Delivery,5,276
Sample_Driver_9,0812-XXXX-XXXX,kecamatan jatinegara,Customer_17,cust@XXXX.com,2026-04-01,"Anonymized Street, Jabodetabek",0812-XXXX-XXXX,Sample_Order_4,RETURNING,1,PLASTIC,4.79,Zone 2,6500,Kramat - JAKPUS,162800,slot-sameday03,MANDIRI VA Transferpay!,4,99
3PLB-DRIVER-2,0812-XXXX-XXXX,kecamatan pinang,Customer_18,cust@XXXX.com,2026-04-01,"Anonymized Street, Jabodetabek",0812-XXXX-XXXX,Sample_Order_0,RETURNING,1,PLASTIC,5.54,Zone 2,6500,Kramat - JAKPUS,227370,slot-1,Cash on Delivery,5,242
Sample_Driver_9,0812-XXXX-XXXX,kecamatan parung panjang,Customer_19,cust@XXXX.com,2026-04-01,"Anonymized Street, Jabodetabek",0812-XXXX-XXXX,Sample_Order_2,RETURNING,1,PLASTIC,7.03,Zone 3,7000,Kembangan - JAKBAR,624450,slot-sameday03,Credit Card,8,24
3PLB-DRIVER-3,0812-XXXX-XXXX,kecamatan pademangan,Customer_20,cust@XXXX.com,2026-04-01,"Anonymized Street, Jabodetabek",0812-XXXX-XXXX,Sample_Order_3,RETURNING,1,PLASTIC,6.8,Zone 3,7000,Kembangan - JAKBAR,151710,slot-0bb,ShopeePay,4,197
3PLB-DRIVER-2,0812-XXXX-XXXX,kecamatan grogol petamburan,Customer_21,cust@XXXX.com,2026-04-01,"Anonymized Street, Jabodetabek",0812-XXXX-XXXX,Sample_Order_7,RETURNING,1,HALF MEDIUM BOX,7.41,Zone 3,7000,Satellite HUB Karawaci,126300,slot-1,Credit Card,2,34
3PLB-DRIVER-2,0812-XXXX-XXXX,cikarang selatan,Customer_22,cust@XXXX.com,2026-04-01,"Anonymized Street, Jabodetabek",0812-XXXX-XXXX,Sample_Order_8,RETURNING,1,HALF MEDIUM BOX,3.65,Zone 2,6500,Beji - Depok,78200,slot-0bb,GO-PAY Wallet,2,111
3PLC-DRIVER-1,0812-XXXX-XXXX,sepatan,Customer_23,cust@XXXX.com,2026-04-01,"Anonymized Street, Jabodetabek",0812-XXXX-XXXX,Sample_Order_2,RETURNING,1,PLASTIC,7.03,Zone 3,7000,Kembangan - JAKBAR,624450,slot-0bb,Credit Card,8,24
3PLA-DRIVER-1,0812-XXXX-XXXX,kecamatan pademangan,Customer_24,cust@XXXX.com,2026-04-01,"Anonymized Street, Jabodetabek",0812-XXXX-XXXX,Sample_Order_6,NEW,1,MEDIUM BOX,9.05,Zone 4,11000,Cibitung - KAB BEKASI,169800,slot-sameday03,Cash on Delivery,5,33
3PLB-DRIVER-1,0812-XXXX-XXXX,kecamatan setiabudi,Customer_25,cust@XXXX.com,2026-04-01,"Anonymized Street, Jabodetabek",0812-XXXX-XXXX,Sample_Order_6,NEW,1,MEDIUM BOX,9.05,Zone 4,11000,Cibitung - KAB BEKASI,169800,slot-13,Cash on Delivery,5,33
3PLB-DRIVER-1,0812-XXXX-XXXX,kecamatan parung panjang,Customer_26,cust@XXXX.com,2026-04-01,"Anonymized Street, Jabodetabek",0812-XXXX-XXXX,Sample_Order_6,NEW,1,MEDIUM BOX,9.05,Zone 4,11000,Cibitung - KAB BEKASI,169800,slot-1bb,Cash on Delivery,5,33
3PLA-DRIVER-2,0812-XXXX-XXXX,kecamatan grogol petamburan,Customer_27,cust@XXXX.com,2026-04-01,"Anonymized Street, Jabodetabek",0812-XXXX-XXXX,Sample_Order_8,RETURNING,1,HALF MEDIUM BOX,3.65,Zone 2,6500,Beji - Depok,78200,slot-sameday,GO-PAY Wallet,2,111
3PLB-DRIVER-3,0812-XXXX-XXXX,kecamatan penjaringan,Customer_28,cust@XXXX.com,2026-04-01,"Anonymized Street, Jabodetabek",0812-XXXX-XXXX,Sample_Order_3,RETURNING,1,PLASTIC,6.8,Zone 3,7000,Kembangan - JAKBAR,151710,slot-2,ShopeePay,4,197
3PLB-DRIVER-3,0812-XXXX-XXXX,kecamatan pinang,Customer_29,cust@XXXX.com,2026-04-01,"Anonymized Street, Jabodetabek",0812-XXXX-XXXX,Sample_Order_4,RETURNING,1,PLASTIC,4.79,Zone 2,6500,Kramat - JAKPUS,162800,slot-1,MANDIRI VA Transferpay!,4,99
3PLA-DRIVER-1,0812-XXXX-XXXX,kecamatan pinang,Customer_30,cust@XXXX.com,2026-04-01,"Anonymized Street, Jabodetabek",0812-XXXX-XXXX,Sample_Order_5,,1,,8.03,Zone 3,7000,Kramat - JAKPUS,273600,slot-1,Cash on Delivery,5,276
Sample_Driver_9,0812-XXXX-XXXX,kecamatan grogol petamburan,Customer_31,cust@XXXX.com,2026-04-01,"Anonymized Street, Jabodetabek",0812-XXXX-XXXX,Sample_Order_7,RETURNING,1,HALF MEDIUM BOX,7.41,Zone 3,7000,Satellite HUB Karawaci,126300,slot-13,Credit Card,2,34
3PLA-DRIVER-1,0812-XXXX-XXXX,kecamatan setiabudi,Customer_32,cust@XXXX.com,2026-04-01,"Anonymized Street, Jabodetabek",0812-XXXX-XXXX,Sample_Order_9,RETURNING,1,HALF MEDIUM BOX,6.9,Zone 3,7000,Kramat - JAKPUS,126900,slot-sameday,Credit Card,4,90
3PLA-DRIVER-1,0812-XXXX-XXXX,kecamatan jatinegara,Customer_33,cust@XXXX.com,2026-04-01,"Anonymized Street, Jabodetabek",0812-XXXX-XXXX,Sample_Order_7,RETURNING,1,HALF MEDIUM BOX,7.41,Zone 3,7000,Satellite HUB Karawaci,126300,slot-2,Credit Card,2,34
3PLB-DRIVER-3,0812-XXXX-XXXX,cikarang selatan,Customer_34,cust@XXXX.com,2026-04-01,"Anonymized Street, Jabodetabek",0812-XXXX-XXXX,Sample_Order_7,RETURNING,1,HALF MEDIUM BOX,7.41,Zone 3,7000,Satellite HUB Karawaci,126300,slot-1,Credit Card,2,34
3PLA-DRIVER-1,0812-XXXX-XXXX,kecamatan jagakarsa,Customer_35,cust@XXXX.com,2026-04-01,"Anonymized Street, Jabodetabek",0812-XXXX-XXXX,Sample_Order_7,RETURNING,1,HALF MEDIUM BOX,7.41,Zone 3,7000,Satellite HUB Karawaci,126300,slot-1bb,Credit Card,2,34
3PLA-DRIVER-1,0812-XXXX-XXXX,sepatan,Customer_36,cust@XXXX.com,2026-04-01,"Anonymized Street, Jabodetabek",0812-XXXX-XXXX,Sample_Order_9,RETURNING,1,HALF MEDIUM BOX,6.9,Zone 3,7000,Kramat - JAKPUS,126900,slot-0bb,Credit Card,4,90
3PLC-DRIVER-2,0812-XXXX-XXXX,kecamatan pinang,Customer_37,cust@XXXX.com,2026-04-01,"Anonymized Street, Jabodetabek",0812-XXXX-XXXX,Sample_Order_6,NEW,1,MEDIUM BOX,9.05,Zone 4,11000,Cibitung - KAB BEKASI,169800,slot-2,Cash on Delivery,5,33
Sample_Driver_8,0812-XXXX-XXXX,kecamatan jagakarsa,Customer_38,cust@XXXX.com,2026-04-01,"Anonymized Street, Jabodetabek",0812-XXXX-XXXX,Sample_Order_9,RETURNING,1,HALF MEDIUM BOX,6.9,Zone 3,7000,Kramat - JAKPUS,126900,slot-sameday03,Credit Card,4,90
3PLC-DRIVER-1,0812-XXXX-XXXX,kecamatan setiabudi,Customer_39,cust@XXXX.com,2026-04-01,"Anonymized Street, Jabodetabek",0812-XXXX-XXXX,Sample_Order_7,RETURNING,1,HALF MEDIUM BOX,7.41,Zone 3,7000,Satellite HUB Karawaci,126300,slot-1bb,Credit Card,2,34
3PLC-DRIVER-2,0812-XXXX-XXXX,kecamatan setiabudi,Customer_40,cust@XXXX.com,2026-04-01,"Anonymized Street, Jabodetabek",0812-XXXX-XXXX,Sample_Order_4,RETURNING,1,PLASTIC,4.79,Zone 2,6500,Kramat - JAKPUS,162800,slot-0bb,MANDIRI VA Transferpay!,4,99
3PLC-DRIVER-2,0812-XXXX-XXXX,kecamatan jagakarsa,Customer_41,cust@XXXX.com,2026-04-01,"Anonymized Street, Jabodetabek",0812-XXXX-XXXX,Sample_Order_1,RETURNING,1,HALF MEDIUM BOX,11.13,Zone 4,11000,Bintaro - TANGSEL,116100,slot-0,OVO Wallet,2,85
3PLB-DRIVER-1,0812-XXXX-XXXX,kecamatan parung panjang,Customer_42,cust@XXXX.com,2026-04-01,"Anonymized Street, Jabodetabek",0812-XXXX-XXXX,Sample_Order_9,RETURNING,1,HALF MEDIUM BOX,6.9,Zone 3,7000,Kramat - JAKPUS,126900,slot-1bb,Credit Card,4,90
3PLA-DRIVER-1,0812-XXXX-XXXX,kecamatan jatinegara,Customer_43,cust@XXXX.com,2026-04-01,"Anonymized Street, Jabodetabek",0812-XXXX-XXXX,Sample_Order_0,RETURNING,1,PLASTIC,5.54,Zone 2,6500,Kramat - JAKPUS,227370,slot-1bb,Cash on Delivery,5,242
3PLC-DRIVER-1,0812-XXXX-XXXX,kecamatan parung panjang,Customer_44,cust@XXXX.com,2026-04-01,"Anonymized Street, Jabodetabek",0812-XXXX-XXXX,Sample_Order_4,RETURNING,1,PLASTIC,4.79,Zone 2,6500,Kramat - JAKPUS,162800,slot-sameday03,MANDIRI VA Transferpay!,4,99
3PLA-DRIVER-1,0812-XXXX-XXXX,kecamatan pademangan,Customer_45,cust@XXXX.com,2026-04-01,"Anonymized Street, Jabodetabek",0812-XXXX-XXXX,Sample_Order_8,RETURNING,1,HALF MEDIUM BOX,3.65,Zone 2,6500,Beji - Depok,78200,slot-sameday,GO-PAY Wallet,2,111
3PLC-DRIVER-2,0812-XXXX-XXXX,kecamatan setiabudi,Customer_46,cust@XXXX.com,2026-04-01,"Anonymized Street, Jabodetabek",0812-XXXX-XXXX,Sample_Order_2,RETURNING,1,PLASTIC,7.03,Zone 3,7000,Kembangan - JAKBAR,624450,slot-sameday03,Credit Card,8,24
3PLC-DRIVER-1,0812-XXXX-XXXX,kecamatan grogol petamburan,Customer_47,cust@XXXX.com,2026-04-01,"Anonymized Street, Jabodetabek",0812-XXXX-XXXX,Sample_Order_2,RETURNING,1,PLASTIC,7.03,Zone 3,7000,Kembangan - JAKBAR,624450,slot-0,Credit Card,8,24
3PLB-DRIVER-1,0812-XXXX-XXXX,kecamatan penjaringan,Customer_48,cust@XXXX.com,2026-04-01,"Anonymized Street, Jabodetabek",0812-XXXX-XXXX,Sample_Order_0,RETURNING,1,PLASTIC,5.54,Zone 2,6500,Kramat - JAKPUS,227370,slot-2,Cash on Delivery,5,242
3PLA-DRIVER-1,0812-XXXX-XXXX,kecamatan jagakarsa,Customer_49,cust@XXXX.com,2026-04-01,"Anonymized Street, Jabodetabek",0812-XXXX-XXXX,Sample_Order_1,RETURNING,1,HALF MEDIUM BOX,11.13,Zone 4,11000,Bintaro - TANGSEL,116100,slot-13,OVO Wallet,2,85
3PLB-DRIVER-1,0812-XXXX-XXXX,kecamatan jatinegara,Customer_50,cust@XXXX.com,2026-04-01,"Anonymized Street, Jabodetabek",0812-XXXX-XXXX,Sample_Order_7,RETURNING,1,HALF MEDIUM BOX,7.41,Zone 3,7000,Satellite HUB Karawaci,126300,slot-0,Credit Card,2,34
3PLA-DRIVER-2,0812-XXXX-XXXX,kecamatan jatinegara,Customer_51,cust@XXXX.com,2026-04-01,"Anonymized Street, Jabodetabek",0812-XXXX-XXXX,Sample_Order_4,RETURNING,1,PLASTIC,4.79,Zone 2,6500,Kramat - JAKPUS,162800,slot-1,MANDIRI VA Transferpay!,4,99
3PLB-DRIVER-3,0812-XXXX-XXXX,kecamatan grogol petamburan,Customer_52,cust@XXXX.com,2026-04-01,"Anonymized Street, Jabodetabek",0812-XXXX-XXXX,Sample_Order_0,RETURNING,1,PLASTIC,5.54,Zone 2,6500,Kramat - JAKPUS,227370,slot-1,Cash on Delivery,5,242
3PLC-DRIVER-2,0812-XXXX-XXXX,kecamatan jagakarsa,Customer_53,cust@XXXX.com,2026-04-01,"Anonymized Street, Jabodetabek",0812-XXXX-XXXX,Sample_Order_5,,1,,8.03,Zone 3,7000,Kramat - JAKPUS,273600,slot-sameday03,Cash on Delivery,5,276
3PLA-DRIVER-2,0812-XXXX-XXXX,kecamatan parung panjang,Customer_54,cust@XXXX.com,2026-04-01,"Anonymized Street, Jabodetabek",0812-XXXX-XXXX,Sample_Order_6,NEW,1,MEDIUM BOX,9.05,Zone 4,11000,Cibitung - KAB BEKASI,169800,slot-13,Cash on Delivery,5,33
Sample_Driver_8,0812-XXXX-XXXX,kecamatan setiabudi,Customer_55,cust@XXXX.com,2026-04-01,"Anonymized Street, Jabodetabek",0812-XXXX-XXXX,Sample_Order_6,NEW,1,MEDIUM BOX,9.05,Zone 4,11000,Cibitung - KAB BEKASI,169800,slot-1,Cash on Delivery,5,33
Sample_Driver_9,0812-XXXX-XXXX,kecamatan penjaringan,Customer_56,cust@XXXX.com,2026-04-01,"Anonymized Street, Jabodetabek",0812-XXXX-XXXX,Sample_Order_0,RETURNING,1,PLASTIC,5.54,Zone 2,6500,Kramat - JAKPUS,227370,slot-0bb,Cash on Delivery,5,242
3PLC-DRIVER-1,0812-XXXX-XXXX,kecamatan pademangan,Customer_57,cust@XXXX.com,2026-04-01,"Anonymized Street, Jabodetabek",0812-XXXX-XXXX,Sample_Order_5,,1,,8.03,Zone 3,7000,Kramat - JAKPUS,273600,slot-1,Cash on Delivery,5,276
3PLA-DRIVER-1,0812-XXXX-XXXX,kecamatan jatinegara,Customer_58,cust@XXXX.com,2026-04-01,"Anonymized Street, Jabodetabek",0812-XXXX-XXXX,Sample_Order_4,RETURNING,1,PLASTIC,4.79,Zone 2,6500,Kramat - JAKPUS,162800,slot-0,MANDIRI VA Transferpay!,4,99
3PLA-DRIVER-1,0812-XXXX-XXXX,kecamatan setiabudi,Customer_59,cust@XXXX.com,2026-04-01,"Anonymized Street, Jabodetabek",0812-XXXX-XXXX,Sample_Order_7,RETURNING,1,HALF MEDIUM BOX,7.41,Zone 3,7000,Satellite HUB Karawaci,126300,slot-13,Credit Card,2,34
Sample_Driver_9,0812-XXXX-XXXX,kecamatan jatinegara,Customer_60,cust@XXXX.com,2026-04-01,"Anonymized Street, Jabodetabek",0812-XXXX-XXXX,Sample_Order_5,,1,,8.03,Zone 3,7000,Kramat - JAKPUS,273600,slot-13,Cash on Delivery,5,276
Sample_Driver_8,0812-XXXX-XXXX,kecamatan parung panjang,Customer_61,cust@XXXX.com,2026-04-01,"Anonymized Street, Jabodetabek",0812-XXXX-XXXX,Sample_Order_5,,1,,8.03,Zone 3,7000,Kramat - JAKPUS,273600,slot-0,Cash on Delivery,5,276
3PLB-DRIVER-3,0812-XXXX-XXXX,cikarang selatan,Customer_62,cust@XXXX.com,2026-04-01,"Anonymized Street, Jabodetabek",0812-XXXX-XXXX,Sample_Order_7,RETURNING,1,HALF MEDIUM BOX,7.41,Zone 3,7000,Satellite HUB Karawaci,126300,slot-1bb,Credit Card,2,34
3PLB-DRIVER-3,0812-XXXX-XXXX,kecamatan parung panjang,Customer_63,cust@XXXX.com,2026-04-01,"Anonymized Street, Jabodetabek",0812-XXXX-XXXX,Sample_Order_7,RETURNING,1,HALF MEDIUM BOX,7.41,Zone 3,7000,Satellite HUB Karawaci,126300,slot-sameday03,Credit Card,2,34
3PLA-DRIVER-2,0812-XXXX-XXXX,sepatan,Customer_64,cust@XXXX.com,2026-04-01,"Anonymized Street, Jabodetabek",0812-XXXX-XXXX,Sample_Order_9,RETURNING,1,HALF MEDIUM BOX,6.9,Zone 3,7000,Kramat - JAKPUS,126900,slot-0,Credit Card,4,90
3PLA-DRIVER-2,0812-XXXX-XXXX,kecamatan parung panjang,Customer_65,cust@XXXX.com,2026-04-01,"Anonymized Street, Jabodetabek",0812-XXXX-XXXX,Sample_Order_4,RETURNING,1,PLASTIC,4.79,Zone 2,6500,Kramat - JAKPUS,162800,slot-sameday,MANDIRI VA Transferpay!,4,99
3PLB-DRIVER-3,0812-XXXX-XXXX,kecamatan jagakarsa,Customer_66,cust@XXXX.com,2026-04-01,"Anonymized Street, Jabodetabek",0812-XXXX-XXXX,Sample_Order_1,RETURNING,1,HALF MEDIUM BOX,11.13,Zone 4,11000,Bintaro - TANGSEL,116100,slot-0,OVO Wallet,2,85
3PLC-DRIVER-2,0812-XXXX-XXXX,kecamatan penjaringan,Customer_67,cust@XXXX.com,2026-04-01,"Anonymized Street, Jabodetabek",0812-XXXX-XXXX,Sample_Order_2,RETURNING,1,PLASTIC,7.03,Zone 3,7000,Kembangan - JAKBAR,624450,slot-0,Credit Card,8,24
3PLB-DRIVER-2,0812-XXXX-XXXX,kecamatan pademangan,Customer_68,cust@XXXX.com,2026-04-01,"Anonymized Street, Jabodetabek",0812-XXXX-XXXX,Sample_Order_1,RETURNING,1,HALF MEDIUM BOX,11.13,Zone 4,11000,Bintaro - TANGSEL,116100,slot-1bb,OVO Wallet,2,85
3PLA-DRIVER-1,0812-XXXX-XXXX,kecamatan jagakarsa,Customer_69,cust@XXXX.com,2026-04-01,"Anonymized Street, Jabodetabek",0812-XXXX-XXXX,Sample_Order_2,RETURNING,1,PLASTIC,7.03,Zone 3,7000,Kembangan - JAKBAR,624450,slot-0bb,Credit Card,8,24
3PLC-DRIVER-2,0812-XXXX-XXXX,kecamatan pademangan,Customer_70,cust@XXXX.com,2026-04-01,"Anonymized Street, Jabodetabek",0812-XXXX-XXXX,Sample_Order_3,RETURNING,1,PLASTIC,6.8,Zone 3,7000,Kembangan - JAKBAR,151710,slot-2,ShopeePay,4,197
3PLC-DRIVER-1,0812-XXXX-XXXX,kecamatan pademangan,Customer_71,cust@XXXX.com,2026-04-01,"Anonymized Street, Jabodetabek",0812-XXXX-XXXX,Sample_Order_7,RETURNING,1,HALF MEDIUM BOX,7.41,Zone 3,7000,Satellite HUB Karawaci,126300,slot-0bb,Credit Card,2,34
3PLC-DRIVER-1,0812-XXXX-XXXX,sepatan,Customer_72,cust@XXXX.com,2026-04-01,"Anonymized Street, Jabodetabek",0812-XXXX-XXXX,Sample_Order_4,RETURNING,1,PLASTIC,4.79,Zone 2,6500,Kramat - JAKPUS,162800,slot-1bb,MANDIRI VA Transferpay!,4,99
3PLB-DRIVER-2,0812-XXXX-XXXX,kecamatan penjaringan,Customer_73,cust@XXXX.com,2026-04-01,"Anonymized Street, Jabodetabek",0812-XXXX-XXXX,Sample_Order_0,RETURNING,1,PLASTIC,5.54,Zone 2,6500,Kramat - JAKPUS,227370,slot-2,Cash on Delivery,5,242
3PLB-DRIVER-3,0812-XXXX-XXXX,kecamatan penjaringan,Customer_74,cust@XXXX.com,2026-04-01,"Anonymized Street, Jabodetabek",0812-XXXX-XXXX,Sample_Order_2,RETURNING,1,PLASTIC,7.03,Zone 3,7000,Kembangan - JAKBAR,624450,slot-sameday03,Credit Card,8,24
3PLC-DRIVER-1,0812-XXXX-XXXX,kecamatan setiabudi,Customer_75,cust@XXXX.com,2026-04-01,"Anonymized Street, Jabodetabek",0812-XXXX-XXXX,Sample_Order_2,RETURNING,1,PLASTIC,7.03,Zone 3,7000,Kembangan - JAKBAR,624450,slot-2,Credit Card,8,24
3PLC-DRIVER-2,0812-XXXX-XXXX,cikarang selatan,Customer_76,cust@XXXX.com,2026-04-01,"Anonymized Street, Jabodetabek",0812-XXXX-XXXX,Sample_Order_0,RETURNING,1,PLASTIC,5.54,Zone 2,6500,Kramat - JAKPUS,227370,slot-13,Cash on Delivery,5,242
3PLA-DRIVER-1,0812-XXXX-XXXX,kecamatan grogol petamburan,Customer_77,cust@XXXX.com,2026-04-01,"Anonymized Street, Jabodetabek",0812-XXXX-XXXX,Sample_Order_7,RETURNING,1,HALF MEDIUM BOX,7.41,Zone 3,7000,Satellite HUB Karawaci,126300,slot-1,Credit Card,2,34
3PLB-DRIVER-2,0812-XXXX-XXXX,kecamatan pademangan,Customer_78,cust@XXXX.com,2026-04-01,"Anonymized Street, Jabodetabek",0812-XXXX-XXXX,Sample_Order_7,RETURNING,1,HALF MEDIUM BOX,7.41,Zone 3,7000,Satellite HUB Karawaci,126300,slot-sameday03,Credit Card,2,34
3PLB-DRIVER-3,0812-XXXX-XXXX,kecamatan jatinegara,Customer_79,cust@XXXX.com,2026-04-01,"Anonymized Street, Jabodetabek",0812-XXXX-XXXX,Sample_Order_1,RETURNING,1,HALF MEDIUM BOX,11.13,Zone 4,11000,Bintaro - TANGSEL,116100,slot-0,OVO Wallet,2,85
Sample_Driver_9,0812-XXXX-XXXX,sepatan,Customer_80,cust@XXXX.com,2026-04-01,"Anonymized Street, Jabodetabek",0812-XXXX-XXXX,Sample_Order_1,RETURNING,1,HALF MEDIUM BOX,11.13,Zone 4,11000,Bintaro - TANGSEL,116100,slot-0,OVO Wallet,2,85
3PLA-DRIVER-1,0812-XXXX-XXXX,kecamatan penjaringan,Customer_81,cust@XXXX.com,2026-04-01,"Anonymized Street, Jabodetabek",0812-XXXX-XXXX,Sample_Order_5,,1,,8.03,Zone 3,7000,Kramat - JAKPUS,273600,slot-0,Cash on Delivery,5,276
3PLB-DRIVER-2,0812-XXXX-XXXX,kecamatan penjaringan,Customer_82,cust@XXXX.com,2026-04-01,"Anonymized Street, Jabodetabek",0812-XXXX-XXXX,Sample_Order_4,RETURNING,1,PLASTIC,4.79,Zone 2,6500,Kramat - JAKPUS,162800,slot-0,MANDIRI VA Transferpay!,4,99
Sample_Driver_8,0812-XXXX-XXXX,sepatan,Customer_83,cust@XXXX.com,2026-04-01,"Anonymized Street, Jabodetabek",0812-XXXX-XXXX,Sample_Order_5,,1,,8.03,Zone 3,7000,Kramat - JAKPUS,273600,slot-13,Cash on Delivery,5,276
3PLA-DRIVER-2,0812-XXXX-XXXX,kecamatan penjaringan,Customer_84,cust@XXXX.com,2026-04-01,"Anonymized Street, Jabodetabek",0812-XXXX-XXXX,Sample_Order_9,RETURNING,1,HALF MEDIUM BOX,6.9,Zone 3,7000,Kramat - JAKPUS,126900,slot-2,Credit Card,4,90
Sample_Driver_8,0812-XXXX-XXXX,kecamatan jatinegara,Customer_85,cust@XXXX.com,2026-04-01,"Anonymized Street, Jabodetabek",0812-XXXX-XXXX,Sample_Order_9,RETURNING,1,HALF MEDIUM BOX,6.9,Zone 3,7000,Kramat - JAKPUS,126900,slot-0bb,Credit Card,4,90
3PLA-DRIVER-2,0812-XXXX-XXXX,kecamatan pinang,Customer_86,cust@XXXX.com,2026-04-01,"Anonymized Street, Jabodetabek",0812-XXXX-XXXX,Sample_Order_9,RETURNING,1,HALF MEDIUM BOX,6.9,Zone 3,7000,Kramat - JAKPUS,126900,slot-0,Credit Card,4,90
3PLA-DRIVER-2,0812-XXXX-XXXX,kecamatan penjaringan,Customer_87,cust@XXXX.com,2026-04-01,"Anonymized Street, Jabodetabek",0812-XXXX-XXXX,Sample_Order_1,RETURNING,1,HALF MEDIUM BOX,11.13,Zone 4,11000,Bintaro - TANGSEL,116100,slot-2,OVO Wallet,2,85
3PLB-DRIVER-3,0812-XXXX-XXXX,kecamatan jagakarsa,Customer_88,cust@XXXX.com,2026-04-01,"Anonymized Street, Jabodetabek",0812-XXXX-XXXX,Sample_Order_4,RETURNING,1,PLASTIC,4.79,Zone 2,6500,Kramat - JAKPUS,162800,slot-0,MANDIRI VA Transferpay!,4,99
3PLB-DRIVER-2,0812-XXXX-XXXX,kecamatan penjaringan,Customer_89,cust@XXXX.com,2026-04-01,"Anonymized Street, Jabodetabek",0812-XXXX-XXXX,Sample_Order_5,,1,,8.03,Zone 3,7000,Kramat - JAKPUS,273600,slot-0,Cash on Delivery,5,276
3PLC-DRIVER-1,0812-XXXX-XXXX,kecamatan pinang,Customer_90,cust@XXXX.com,2026-04-01,"Anonymized Street, Jabodetabek",0812-XXXX-XXXX,Sample_Order_9,RETURNING,1,HALF MEDIUM BOX,6.9,Zone 3,7000,Kramat - JAKPUS,126900,slot-sameday03,Credit Card,4,90
Sample_Driver_9,0812-XXXX-XXXX,kecamatan parung panjang,Customer_91,cust@XXXX.com,2026-04-01,"Anonymized Street, Jabodetabek",0812-XXXX-XXXX,Sample_Order_2,RETURNING,1,PLASTIC,7.03,Zone 3,7000,Kembangan - JAKBAR,624450,slot-1,Credit Card,8,24
3PLC-DRIVER-2,0812-XXXX-XXXX,kecamatan penjaringan,Customer_92,cust@XXXX.com,2026-04-01,"Anonymized Street, Jabodetabek",0812-XXXX-XXXX,Sample_Order_4,RETURNING,1,PLASTIC,4.79,Zone 2,6500,Kramat - JAKPUS,162800,slot-sameday,MANDIRI VA Transferpay!,4,99
3PLC-DRIVER-1,0812-XXXX-XXXX,kecamatan jagakarsa,Customer_93,cust@XXXX.com,2026-04-01,"Anonymized Street, Jabodetabek",0812-XXXX-XXXX,Sample_Order_9,RETURNING,1,HALF MEDIUM BOX,6.9,Zone 3,7000,Kramat - JAKPUS,126900,slot-2,Credit Card,4,90
Sample_Driver_8,0812-XXXX-XXXX,kecamatan parung panjang,Customer_94,cust@XXXX.com,2026-04-01,"Anonymized Street, Jabodetabek",0812-XXXX-XXXX,Sample_Order_8,RETURNING,1,HALF MEDIUM BOX,3.65,Zone 2,6500,Beji - Depok,78200,slot-13,GO-PAY Wallet,2,111
Sample_Driver_8,0812-XXXX-XXXX,cikarang selatan,Customer_95,cust@XXXX.com,2026-04-01,"Anonymized Street, Jabodetabek",0812-XXXX-XXXX,Sample_Order_0,RETURNING,1,PLASTIC,5.54,Zone 2,6500,Kramat - JAKPUS,227370,slot-sameday03,Cash on Delivery,5,242
3PLA-DRIVER-1,0812-XXXX-XXXX,kecamatan setiabudi,Customer_96,cust@XXXX.com,2026-04-01,"Anonymized Street, Jabodetabek",0812-XXXX-XXXX,Sample_Order_9,RETURNING,1,HALF MEDIUM BOX,6.9,Zone 3,7000,Kramat - JAKPUS,126900,slot-1bb,Credit Card,4,90
3PLB-DRIVER-3,0812-XXXX-XXXX,kecamatan parung panjang,Customer_97,cust@XXXX.com,2026-04-01,"Anonymized Street, Jabodetabek",0812-XXXX-XXXX,Sample_Order_0,RETURNING,1,PLASTIC,5.54,Zone 2,6500,Kramat - JAKPUS,227370,slot-13,Cash on Delivery,5,242
3PLA-DRIVER-1,0812-XXXX-XXXX,kecamatan pinang,Customer_98,cust@XXXX.com,2026-04-01,"Anonymized Street, Jabodetabek",0812-XXXX-XXXX,Sample_Order_1,RETURNING,1,HALF MEDIUM BOX,11.13,Zone 4,11000,Bintaro - TANGSEL,116100,slot-sameday,OVO Wallet,2,85
3PLB-DRIVER-2,0812-XXXX-XXXX,kecamatan parung panjang,Customer_99,cust@XXXX.com,2026-04-01,"Anonymized Street, Jabodetabek",0812-XXXX-XXXX,Sample_Order_7,RETURNING,1,HALF MEDIUM BOX,7.41,Zone 3,7000,Satellite HUB Karawaci,126300,slot-13,Credit Card,2,34
3PLB-DRIVER-1,0812-XXXX-XXXX,kecamatan jatinegara,Customer_100,cust@XXXX.com,2026-04-01,"Anonymized Street, Jabodetabek",0812-XXXX-XXXX,Sample_Order_3,RETURNING,1,PLASTIC,6.8,Zone 3,7000,Kembangan - JAKBAR,151710,slot-0,ShopeePay,4,197
Sample_Driver_9,0812-XXXX-XXXX,kecamatan penjaringan,Customer_101,cust@XXXX.com,2026-04-01,"Anonymized Street, Jabodetabek",0812-XXXX-XXXX,Sample_Order_5,,1,,8.03,Zone 3,7000,Kramat - JAKPUS,273600,slot-0bb,Cash on Delivery,5,276
Sample_Driver_8,0812-XXXX-XXXX,kecamatan penjaringan,Customer_102,cust@XXXX.com,2026-04-01,"Anonymized Street, Jabodetabek",0812-XXXX-XXXX,Sample_Order_4,RETURNING,1,PLASTIC,4.79,Zone 2,6500,Kramat - JAKPUS,162800,slot-2,MANDIRI VA Transferpay!,4,99
3PLA-DRIVER-2,0812-XXXX-XXXX,kecamatan penjaringan,Customer_103,cust@XXXX.com,2026-04-01,"Anonymized Street, Jabodetabek",0812-XXXX-XXXX,Sample_Order_3,RETURNING,1,PLASTIC,6.8,Zone 3,7000,Kembangan - JAKBAR,151710,slot-sameday,ShopeePay,4,197
3PLA-DRIVER-2,0812-XXXX-XXXX,kecamatan pademangan,Customer_104,cust@XXXX.com,2026-04-01,"Anonymized Street, Jabodetabek",0812-XXXX-XXXX,Sample_Order_1,RETURNING,1,HALF MEDIUM BOX,11.13,Zone 4,11000,Bintaro - TANGSEL,116100,slot-1,OVO Wallet,2,85
3PLB-DRIVER-3,0812-XXXX-XXXX,kecamatan parung panjang,Customer_105,cust@XXXX.com,2026-04-01,"Anonymized Street, Jabodetabek",0812-XXXX-XXXX,Sample_Order_0,RETURNING,1,PLASTIC,5.54,Zone 2,6500,Kramat - JAKPUS,227370,slot-0,Cash on Delivery,5,242
3PLC-DRIVER-2,0812-XXXX-XXXX,kecamatan pinang,Customer_106,cust@XXXX.com,2026-04-01,"Anonymized Street, Jabodetabek",0812-XXXX-XXXX,Sample_Order_6,NEW,1,MEDIUM BOX,9.05,Zone 4,11000,Cibitung - KAB BEKASI,169800,slot-1bb,Cash on Delivery,5,33
Sample_Driver_8,0812-XXXX-XXXX,kecamatan setiabudi,Customer_107,cust@XXXX.com,2026-04-01,"Anonymized Street, Jabodetabek",0812-XXXX-XXXX,Sample_Order_8,RETURNING,1,HALF MEDIUM BOX,3.65,Zone 2,6500,Beji - Depok,78200,slot-sameday,GO-PAY Wallet,2,111
3PLA-DRIVER-1,0812-XXXX-XXXX,kecamatan jatinegara,Customer_108,cust@XXXX.com,2026-04-01,"Anonymized Street, Jabodetabek",0812-XXXX-XXXX,Sample_Order_1,RETURNING,1,HALF MEDIUM BOX,11.13,Zone 4,11000,Bintaro - TANGSEL,116100,slot-0,OVO Wallet,2,85
3PLB-DRIVER-1,0812-XXXX-XXXX,kecamatan penjaringan,Customer_109,cust@XXXX.com,2026-04-01,"Anonymized Street, Jabodetabek",0812-XXXX-XXXX,Sample_Order_2,RETURNING,1,PLASTIC,7.03,Zone 3,7000,Kembangan - JAKBAR,624450,slot-1bb,Credit Card,8,24
3PLB-DRIVER-1,0812-XXXX-XXXX,kecamatan penjaringan,Customer_110,cust@XXXX.com,2026-04-01,"Anonymized Street, Jabodetabek",0812-XXXX-XXXX,Sample_Order_9,RETURNING,1,HALF MEDIUM BOX,6.9,Zone 3,7000,Kramat - JAKPUS,126900,slot-1,Credit Card,4,90
3PLA-DRIVER-1,0812-XXXX-XXXX,sepatan,Customer_111,cust@XXXX.com,2026-04-01,"Anonymized Street, Jabodetabek",0812-XXXX-XXXX,Sample_Order_6,NEW,1,MEDIUM BOX,9.05,Zone 4,11000,Cibitung - KAB BEKASI,169800,slot-sameday,Cash on Delivery,5,33
3PLB-DRIVER-2,0812-XXXX-XXXX,sepatan,Customer_112,cust@XXXX.com,2026-04-01,"Anonymized Street, Jabodetabek",0812-XXXX-XXXX,Sample_Order_4,RETURNING,1,PLASTIC,4.79,Zone 2,6500,Kramat - JAKPUS,162800,slot-2,MANDIRI VA Transferpay!,4,99
3PLB-DRIVER-2,0812-XXXX-XXXX,kecamatan penjaringan,Customer_113,cust@XXXX.com,2026-04-01,"Anonymized Street, Jabodetabek",0812-XXXX-XXXX,Sample_Order_1,RETURNING,1,HALF MEDIUM BOX,11.13,Zone 4,11000,Bintaro - TANGSEL,116100,slot-1bb,OVO Wallet,2,85
3PLA-DRIVER-2,0812-XXXX-XXXX,cikarang selatan,Customer_114,cust@XXXX.com,2026-04-01,"Anonymized Street, Jabodetabek",0812-XXXX-XXXX,Sample_Order_1,RETURNING,1,HALF MEDIUM BOX,11.13,Zone 4,11000,Bintaro - TANGSEL,116100,slot-sameday,OVO Wallet,2,85
3PLC-DRIVER-2,0812-XXXX-XXXX,kecamatan grogol petamburan,Customer_115,cust@XXXX.com,2026-04-01,"Anonymized Street, Jabodetabek",0812-XXXX-XXXX,Sample_Order_6,NEW,1,MEDIUM BOX,9.05,Zone 4,11000,Cibitung - KAB BEKASI,169800,slot-0bb,Cash on Delivery,5,33
3PLB-DRIVER-3,0812-XXXX-XXXX,kecamatan penjaringan,Customer_116,cust@XXXX.com,2026-04-01,"Anonymized Street, Jabodetabek",0812-XXXX-XXXX,Sample_Order_6,NEW,1,MEDIUM BOX,9.05,Zone 4,11000,Cibitung - KAB BEKASI,169800,slot-sameday03,Cash on Delivery,5,33
3PLC-DRIVER-2,0812-XXXX-XXXX,kecamatan setiabudi,Customer_117,cust@XXXX.com,2026-04-01,"Anonymized Street, Jabodetabek",0812-XXXX-XXXX,Sample_Order_1,RETURNING,1,HALF MEDIUM BOX,11.13,Zone 4,11000,Bintaro - TANGSEL,116100,slot-1,OVO Wallet,2,85
3PLA-DRIVER-2,0812-XXXX-XXXX,kecamatan jatinegara,Customer_118,cust@XXXX.com,2026-04-01,"Anonymized Street, Jabodetabek",0812-XXXX-XXXX,Sample_Order_2,RETURNING,1,PLASTIC,7.03,Zone 3,7000,Kembangan - JAKBAR,624450,slot-sameday,Credit Card,8,24
3PLC-DRIVER-2,0812-XXXX-XXXX,kecamatan setiabudi,Customer_119,cust@XXXX.com,2026-04-01,"Anonymized Street, Jabodetabek",0812-XXXX-XXXX,Sample_Order_4,RETURNING,1,PLASTIC,4.79,Zone 2,6500,Kramat - JAKPUS,162800,slot-1,MANDIRI VA Transferpay!,4,99
3PLC-DRIVER-1,0812-XXXX-XXXX,kecamatan grogol petamburan,Customer_120,cust@XXXX.com,2026-04-01,"Anonymized Street, Jabodetabek",0812-XXXX-XXXX,Sample_Order_2,RETURNING,1,PLASTIC,7.03,Zone 3,7000,Kembangan - JAKBAR,624450,slot-sameday03,Credit Card,8,24
Sample_Driver_8,0812-XXXX-XXXX,kecamatan jatinegara,Customer_121,cust@XXXX.com,2026-04-01,"Anonymized Street, Jabodetabek",0812-XXXX-XXXX,Sample_Order_4,RETURNING,1,PLASTIC,4.79,Zone 2,6500,Kramat - JAKPUS,162800,slot-0bb,MANDIRI VA Transferpay!,4,99
3PLB-DRIVER-3,0812-XXXX-XXXX,kecamatan pinang,Customer_122,cust@XXXX.com,2026-04-01,"Anonymized Street, Jabodetabek",0812-XXXX-XXXX,Sample_Order_0,RETURNING,1,PLASTIC,5.54,Zone 2,6500,Kramat - JAKPUS,227370,slot-sameday03,Cash on Delivery,5,242
Sample_Driver_8,0812-XXXX-XXXX,kecamatan grogol petamburan,Customer_123,cust@XXXX.com,2026-04-01,"Anonymized Street, Jabodetabek",0812-XXXX-XXXX,Sample_Order_1,RETURNING,1,HALF MEDIUM BOX,11.13,Zone 4,11000,Bintaro - TANGSEL,116100,slot-1,OVO Wallet,2,85
3PLC-DRIVER-2,0812-XXXX-XXXX,kecamatan setiabudi,Customer_124,cust@XXXX.com,2026-04-01,"Anonymized Street, Jabodetabek",0812-XXXX-XXXX,Sample_Order_4,RETURNING,1,PLASTIC,4.79,Zone 2,6500,Kramat - JAKPUS,162800,slot-0bb,MANDIRI VA Transferpay!,4,99
Sample_Driver_9,0812-XXXX-XXXX,kecamatan parung panjang,Customer_125,cust@XXXX.com,2026-04-01,"Anonymized Street, Jabodetabek",0812-XXXX-XXXX,Sample_Order_8,RETURNING,1,HALF MEDIUM BOX,3.65,Zone 2,6500,Beji - Depok,78200,slot-1bb,GO-PAY Wallet,2,111
3PLB-DRIVER-3,0812-XXXX-XXXX,kecamatan pademangan,Customer_126,cust@XXXX.com,2026-04-01,"Anonymized Street, Jabodetabek",0812-XXXX-XXXX,Sample_Order_7,RETURNING,1,HALF MEDIUM BOX,7.41,Zone 3,7000,Satellite HUB Karawaci,126300,slot-0bb,Credit Card,2,34
3PLA-DRIVER-1,0812-XXXX-XXXX,kecamatan jagakarsa,Customer_127,cust@XXXX.com,2026-04-01,"Anonymized Street, Jabodetabek",0812-XXXX-XXXX,Sample_Order_3,RETURNING,1,PLASTIC,6.8,Zone 3,7000,Kembangan - JAKBAR,151710,slot-sameday,ShopeePay,4,197
3PLB-DRIVER-2,0812-XXXX-XXXX,kecamatan setiabudi,Customer_128,cust@XXXX.com,2026-04-01,"Anonymized Street, Jabodetabek",0812-XXXX-XXXX,Sample_Order_5,,1,,8.03,Zone 3,7000,Kramat - JAKPUS,273600,slot-sameday03,Cash on Delivery,5,276
Sample_Driver_8,0812-XXXX-XXXX,sepatan,Customer_129,cust@XXXX.com,2026-04-01,"Anonymized Street, Jabodetabek",0812-XXXX-XXXX,Sample_Order_9,RETURNING,1,HALF MEDIUM BOX,6.9,Zone 3,7000,Kramat - JAKPUS,126900,slot-13,Credit Card,4,90
3PLB-DRIVER-3,0812-XXXX-XXXX,kecamatan pademangan,Customer_130,cust@XXXX.com,2026-04-01,"Anonymized Street, Jabodetabek",0812-XXXX-XXXX,Sample_Order_6,NEW,1,MEDIUM BOX,9.05,Zone 4,11000,Cibitung - KAB BEKASI,169800,slot-2,Cash on Delivery,5,33
Sample_Driver_8,0812-XXXX-XXXX,kecamatan jatinegara,Customer_131,cust@XXXX.com,2026-04-01,"Anonymized Street, Jabodetabek",0812-XXXX-XXXX,Sample_Order_3,RETURNING,1,PLASTIC,6.8,Zone 3,7000,Kembangan - JAKBAR,151710,slot-0,ShopeePay,4,197
Sample_Driver_8,0812-XXXX-XXXX,kecamatan pademangan,Customer_132,cust@XXXX.com,2026-04-01,"Anonymized Street, Jabodetabek",0812-XXXX-XXXX,Sample_Order_1,RETURNING,1,HALF MEDIUM BOX,11.13,Zone 4,11000,Bintaro - TANGSEL,116100,slot-0bb,OVO Wallet,2,85
3PLA-DRIVER-2,0812-XXXX-XXXX,kecamatan pinang,Customer_133,cust@XXXX.com,2026-04-01,"Anonymized Street, Jabodetabek",0812-XXXX-XXXX,Sample_Order_8,RETURNING,1,HALF MEDIUM BOX,3.65,Zone 2,6500,Beji - Depok,78200,slot-sameday03,GO-PAY Wallet,2,111
3PLA-DRIVER-2,0812-XXXX-XXXX,kecamatan penjaringan,Customer_134,cust@XXXX.com,2026-04-01,"Anonymized Street, Jabodetabek",0812-XXXX-XXXX,Sample_Order_5,,1,,8.03,Zone 3,7000,Kramat - JAKPUS,273600,slot-sameday,Cash on Delivery,5,276
3PLA-DRIVER-1,0812-XXXX-XXXX,kecamatan setiabudi,Customer_135,cust@XXXX.com,2026-04-01,"Anonymized Street, Jabodetabek",0812-XXXX-XXXX,Sample_Order_8,RETURNING,1,HALF MEDIUM BOX,3.65,Zone 2,6500,Beji - Depok,78200,slot-2,GO-PAY Wallet,2,111
3PLB-DRIVER-2,0812-XXXX-XXXX,kecamatan pademangan,Customer_136,cust@XXXX.com,2026-04-01,"Anonymized Street, Jabodetabek",0812-XXXX-XXXX,Sample_Order_8,RETURNING,1,HALF MEDIUM BOX,3.65,Zone 2,6500,Beji - Depok,78200,slot-2,GO-PAY Wallet,2,111
Sample_Driver_8,0812-XXXX-XXXX,sepatan,Customer_137,cust@XXXX.com,2026-04-01,"Anonymized Street, Jabodetabek",0812-XXXX-XXXX,Sample_Order_3,RETURNING,1,PLASTIC,6.8,Zone 3,7000,Kembangan - JAKBAR,151710,slot-sameday,ShopeePay,4,197
Sample_Driver_8,0812-XXXX-XXXX,kecamatan jatinegara,Customer_138,cust@XXXX.com,2026-04-01,"Anonymized Street, Jabodetabek",0812-XXXX-XXXX,Sample_Order_1,RETURNING,1,HALF MEDIUM BOX,11.13,Zone 4,11000,Bintaro - TANGSEL,116100,slot-0,OVO Wallet,2,85
3PLA-DRIVER-2,0812-XXXX-XXXX,kecamatan setiabudi,Customer_139,cust@XXXX.com,2026-04-01,"Anonymized Street, Jabodetabek",0812-XXXX-XXXX,Sample_Order_6,NEW,1,MEDIUM BOX,9.05,Zone 4,11000,Cibitung - KAB BEKASI,169800,slot-2,Cash on Delivery,5,33
Sample_Driver_9,0812-XXXX-XXXX,kecamatan parung panjang,Customer_140,cust@XXXX.com,2026-04-01,"Anonymized Street, Jabodetabek",0812-XXXX-XXXX,Sample_Order_5,,1,,8.03,Zone 3,7000,Kramat - JAKPUS,273600,slot-1bb,Cash on Delivery,5,276
Sample_Driver_9,0812-XXXX-XXXX,kecamatan penjaringan,Customer_141,cust@XXXX.com,2026-04-01,"Anonymized Street, Jabodetabek",0812-XXXX-XXXX,Sample_Order_4,RETURNING,1,PLASTIC,4.79,Zone 2,6500,Kramat - JAKPUS,162800,slot-sameday03,MANDIRI VA Transferpay!,4,99
Sample_Driver_9,0812-XXXX-XXXX,kecamatan jagakarsa,Customer_142,cust@XXXX.com,2026-04-01,"Anonymized Street, Jabodetabek",0812-XXXX-XXXX,Sample_Order_8,RETURNING,1,HALF MEDIUM BOX,3.65,Zone 2,6500,Beji - Depok,78200,slot-sameday,GO-PAY Wallet,2,111
3PLC-DRIVER-2,0812-XXXX-XXXX,kecamatan penjaringan,Customer_143,cust@XXXX.com,2026-04-01,"Anonymized Street, Jabodetabek",0812-XXXX-XXXX,Sample_Order_3,RETURNING,1,PLASTIC,6.8,Zone 3,7000,Kembangan - JAKBAR,151710,slot-0,ShopeePay,4,197
3PLC-DRIVER-1,0812-XXXX-XXXX,cikarang selatan,Customer_144,cust@XXXX.com,2026-04-01,"Anonymized Street, Jabodetabek",0812-XXXX-XXXX,Sample_Order_4,RETURNING,1,PLASTIC,4.79,Zone 2,6500,Kramat - JAKPUS,162800,slot-sameday,MANDIRI VA Transferpay!,4,99
3PLB-DRIVER-1,0812-XXXX-XXXX,kecamatan pinang,Customer_145,cust@XXXX.com,2026-04-01,"Anonymized Street, Jabodetabek",0812-XXXX-XXXX,Sample_Order_5,,1,,8.03,Zone 3,7000,Kramat - JAKPUS,273600,slot-1bb,Cash on Delivery,5,276
3PLC-DRIVER-1,0812-XXXX-XXXX,cikarang selatan,Customer_146,cust@XXXX.com,2026-04-01,"Anonymized Street, Jabodetabek",0812-XXXX-XXXX,Sample_Order_1,RETURNING,1,HALF MEDIUM BOX,11.13,Zone 4,11000,Bintaro - TANGSEL,116100,slot-1bb,OVO Wallet,2,85
3PLC-DRIVER-1,0812-XXXX-XXXX,kecamatan setiabudi,Customer_147,cust@XXXX.com,2026-04-01,"Anonymized Street, Jabodetabek",0812-XXXX-XXXX,Sample_Order_5,,1,,8.03,Zone 3,7000,Kramat - JAKPUS,273600,slot-2,Cash on Delivery,5,276
3PLA-DRIVER-1,0812-XXXX-XXXX,sepatan,Customer_148,cust@XXXX.com,2026-04-01,"Anonymized Street, Jabodetabek",0812-XXXX-XXXX,Sample_Order_7,RETURNING,1,HALF MEDIUM BOX,7.41,Zone 3,7000,Satellite HUB Karawaci,126300,slot-13,Credit Card,2,34
3PLA-DRIVER-2,0812-XXXX-XXXX,kecamatan grogol petamburan,Customer_149,cust@XXXX.com,2026-04-01,"Anonymized Street, Jabodetabek",0812-XXXX-XXXX,Sample_Order_0,RETURNING,1,PLASTIC,5.54,Zone 2,6500,Kramat - JAKPUS,227370,slot-2,Cash on Delivery,5,242
3PLB-DRIVER-2,0812-XXXX-XXXX,kecamatan penjaringan,Customer_150,cust@XXXX.com,2026-04-01,"Anonymized Street, Jabodetabek",0812-XXXX-XXXX,Sample_Order_4,RETURNING,1,PLASTIC,4.79,Zone 2,6500,Kramat - JAKPUS,162800,slot-2,MANDIRI VA Transferpay!,4,99
Sample_Driver_9,0812-XXXX-XXXX,kecamatan pinang,Customer_151,cust@XXXX.com,2026-04-01,"Anonymized Street, Jabodetabek",0812-XXXX-XXXX,Sample_Order_2,RETURNING,1,PLASTIC,7.03,Zone 3,7000,Kembangan - JAKBAR,624450,slot-13,Credit Card,8,24
3PLB-DRIVER-3,0812-XXXX-XXXX,kecamatan parung panjang,Customer_152,cust@XXXX.com,2026-04-01,"Anonymized Street, Jabodetabek",0812-XXXX-XXXX,Sample_Order_6,NEW,1,MEDIUM BOX,9.05,Zone 4,11000,Cibitung - KAB BEKASI,169800,slot-1,Cash on Delivery,5,33
3PLC-DRIVER-1,0812-XXXX-XXXX,kecamatan jagakarsa,Customer_153,cust@XXXX.com,2026-04-01,"Anonymized Street, Jabodetabek",0812-XXXX-XXXX,Sample_Order_3,RETURNING,1,PLASTIC,6.8,Zone 3,7000,Kembangan - JAKBAR,151710,slot-1bb,ShopeePay,4,197
3PLB-DRIVER-2,0812-XXXX-XXXX,kecamatan jagakarsa,Customer_154,cust@XXXX.com,2026-04-01,"Anonymized Street, Jabodetabek",0812-XXXX-XXXX,Sample_Order_3,RETURNING,1,PLASTIC,6.8,Zone 3,7000,Kembangan - JAKBAR,151710,slot-0bb,ShopeePay,4,197
3PLB-DRIVER-3,0812-XXXX-XXXX,kecamatan setiabudi,Customer_155,cust@XXXX.com,2026-04-01,"Anonymized Street, Jabodetabek",0812-XXXX-XXXX,Sample_Order_0,RETURNING,1,PLASTIC,5.54,Zone 2,6500,Kramat - JAKPUS,227370,slot-1bb,Cash on Delivery,5,242
3PLC-DRIVER-1,0812-XXXX-XXXX,kecamatan jagakarsa,Customer_156,cust@XXXX.com,2026-04-01,"Anonymized Street, Jabodetabek",0812-XXXX-XXXX,Sample_Order_6,NEW,1,MEDIUM BOX,9.05,Zone 4,11000,Cibitung - KAB BEKASI,169800,slot-13,Cash on Delivery,5,33
Sample_Driver_9,0812-XXXX-XXXX,kecamatan grogol petamburan,Customer_157,cust@XXXX.com,2026-04-01,"Anonymized Street, Jabodetabek",0812-XXXX-XXXX,Sample_Order_7,RETURNING,1,HALF MEDIUM BOX,7.41,Zone 3,7000,Satellite HUB Karawaci,126300,slot-2,Credit Card,2,34
Sample_Driver_8,0812-XXXX-XXXX,kecamatan pinang,Customer_158,cust@XXXX.com,2026-04-01,"Anonymized Street, Jabodetabek",0812-XXXX-XXXX,Sample_Order_0,RETURNING,1,PLASTIC,5.54,Zone 2,6500,Kramat - JAKPUS,227370,slot-0,Cash on Delivery,5,242
3PLC-DRIVER-1,0812-XXXX-XXXX,kecamatan penjaringan,Customer_159,cust@XXXX.com,2026-04-01,"Anonymized Street, Jabodetabek",0812-XXXX-XXXX,Sample_Order_5,,1,,8.03,Zone 3,7000,Kramat - JAKPUS,273600,slot-0bb,Cash on Delivery,5,276
3PLA-DRIVER-2,0812-XXXX-XXXX,kecamatan jatinegara,Customer_160,cust@XXXX.com,2026-04-01,"Anonymized Street, Jabodetabek",0812-XXXX-XXXX,Sample_Order_5,,1,,8.03,Zone 3,7000,Kramat - JAKPUS,273600,slot-2,Cash on Delivery,5,276
3PLC-DRIVER-1,0812-XXXX-XXXX,kecamatan penjaringan,Customer_161,cust@XXXX.com,2026-04-01,"Anonymized Street, Jabodetabek",0812-XXXX-XXXX,Sample_Order_5,,1,,8.03,Zone 3,7000,Kramat - JAKPUS,273600,slot-1bb,Cash on Delivery,5,276
3PLA-DRIVER-1,0812-XXXX-XXXX,kecamatan pinang,Customer_162,cust@XXXX.com,2026-04-01,"Anonymized Street, Jabodetabek",0812-XXXX-XXXX,Sample_Order_9,RETURNING,1,HALF MEDIUM BOX,6.9,Zone 3,7000,Kramat - JAKPUS,126900,slot-0bb,Credit Card,4,90
3PLB-DRIVER-2,0812-XXXX-XXXX,kecamatan pinang,Customer_163,cust@XXXX.com,2026-04-01,"Anonymized Street, Jabodetabek",0812-XXXX-XXXX,Sample_Order_4,RETURNING,1,PLASTIC,4.79,Zone 2,6500,Kramat - JAKPUS,162800,slot-1,MANDIRI VA Transferpay!,4,99
3PLB-DRIVER-3,0812-XXXX-XXXX,kecamatan penjaringan,Customer_164,cust@XXXX.com,2026-04-01,"Anonymized Street, Jabodetabek",0812-XXXX-XXXX,Sample_Order_6,NEW,1,MEDIUM BOX,9.05,Zone 4,11000,Cibitung - KAB BEKASI,169800,slot-13,Cash on Delivery,5,33
3PLA-DRIVER-2,0812-XXXX-XXXX,kecamatan setiabudi,Customer_165,cust@XXXX.com,2026-04-01,"Anonymized Street, Jabodetabek",0812-XXXX-XXXX,Sample_Order_1,RETURNING,1,HALF MEDIUM BOX,11.13,Zone 4,11000,Bintaro - TANGSEL,116100,slot-1,OVO Wallet,2,85
3PLA-DRIVER-2,0812-XXXX-XXXX,sepatan,Customer_166,cust@XXXX.com,2026-04-01,"Anonymized Street, Jabodetabek",0812-XXXX-XXXX,Sample_Order_4,RETURNING,1,PLASTIC,4.79,Zone 2,6500,Kramat - JAKPUS,162800,slot-sameday,MANDIRI VA Transferpay!,4,99
3PLA-DRIVER-1,0812-XXXX-XXXX,kecamatan setiabudi,Customer_167,cust@XXXX.com,2026-04-01,"Anonymized Street, Jabodetabek",0812-XXXX-XXXX,Sample_Order_4,RETURNING,1,PLASTIC,4.79,Zone 2,6500,Kramat - JAKPUS,162800,slot-0,MANDIRI VA Transferpay!,4,99
3PLA-DRIVER-2,0812-XXXX-XXXX,kecamatan grogol petamburan,Customer_168,cust@XXXX.com,2026-04-01,"Anonymized Street, Jabodetabek",0812-XXXX-XXXX,Sample_Order_6,NEW,1,MEDIUM BOX,9.05,Zone 4,11000,Cibitung - KAB BEKASI,169800,slot-2,Cash on Delivery,5,33
3PLC-DRIVER-1,0812-XXXX-XXXX,kecamatan pinang,Customer_169,cust@XXXX.com,2026-04-01,"Anonymized Street, Jabodetabek",0812-XXXX-XXXX,Sample_Order_9,RETURNING,1,HALF MEDIUM BOX,6.9,Zone 3,7000,Kramat - JAKPUS,126900,slot-1bb,Credit Card,4,90
3PLB-DRIVER-2,0812-XXXX-XXXX,kecamatan grogol petamburan,Customer_170,cust@XXXX.com,2026-04-01,"Anonymized Street, Jabodetabek",0812-XXXX-XXXX,Sample_Order_2,RETURNING,1,PLASTIC,7.03,Zone 3,7000,Kembangan - JAKBAR,624450,slot-0,Credit Card,8,24
3PLB-DRIVER-2,0812-XXXX-XXXX,kecamatan parung panjang,Customer_171,cust@XXXX.com,2026-04-01,"Anonymized Street, Jabodetabek",0812-XXXX-XXXX,Sample_Order_6,NEW,1,MEDIUM BOX,9.05,Zone 4,11000,Cibitung - KAB BEKASI,169800,slot-13,Cash on Delivery,5,33
3PLB-DRIVER-3,0812-XXXX-XXXX,kecamatan jagakarsa,Customer_172,cust@XXXX.com,2026-04-01,"Anonymized Street, Jabodetabek",0812-XXXX-XXXX,Sample_Order_0,RETURNING,1,PLASTIC,5.54,Zone 2,6500,Kramat - JAKPUS,227370,slot-1,Cash on Delivery,5,242
3PLB-DRIVER-3,0812-XXXX-XXXX,kecamatan grogol petamburan,Customer_173,cust@XXXX.com,2026-04-01,"Anonymized Street, Jabodetabek",0812-XXXX-XXXX,Sample_Order_9,RETURNING,1,HALF MEDIUM BOX,6.9,Zone 3,7000,Kramat - JAKPUS,126900,slot-1bb,Credit Card,4,90
Sample_Driver_8,0812-XXXX-XXXX,kecamatan setiabudi,Customer_174,cust@XXXX.com,2026-04-01,"Anonymized Street, Jabodetabek",0812-XXXX-XXXX,Sample_Order_1,RETURNING,1,HALF MEDIUM BOX,11.13,Zone 4,11000,Bintaro - TANGSEL,116100,slot-13,OVO Wallet,2,85
3PLC-DRIVER-1,0812-XXXX-XXXX,kecamatan pinang,Customer_175,cust@XXXX.com,2026-04-01,"Anonymized Street, Jabodetabek",0812-XXXX-XXXX,Sample_Order_9,RETURNING,1,HALF MEDIUM BOX,6.9,Zone 3,7000,Kramat - JAKPUS,126900,slot-1bb,Credit Card,4,90
3PLA-DRIVER-2,0812-XXXX-XXXX,kecamatan pademangan,Customer_176,cust@XXXX.com,2026-04-01,"Anonymized Street, Jabodetabek",0812-XXXX-XXXX,Sample_Order_8,RETURNING,1,HALF MEDIUM BOX,3.65,Zone 2,6500,Beji - Depok,78200,slot-0,GO-PAY Wallet,2,111
3PLA-DRIVER-1,0812-XXXX-XXXX,cikarang selatan,Customer_177,cust@XXXX.com,2026-04-01,"Anonymized Street, Jabodetabek",0812-XXXX-XXXX,Sample_Order_2,RETURNING,1,PLASTIC,7.03,Zone 3,7000,Kembangan - JAKBAR,624450,slot-sameday03,Credit Card,8,24
3PLC-DRIVER-2,0812-XXXX-XXXX,cikarang selatan,Customer_178,cust@XXXX.com,2026-04-01,"Anonymized Street, Jabodetabek",0812-XXXX-XXXX,Sample_Order_3,RETURNING,1,PLASTIC,6.8,Zone 3,7000,Kembangan - JAKBAR,151710,slot-sameday03,ShopeePay,4,197
Sample_Driver_8,0812-XXXX-XXXX,kecamatan pinang,Customer_179,cust@XXXX.com,2026-04-01,"Anonymized Street, Jabodetabek",0812-XXXX-XXXX,Sample_Order_9,RETURNING,1,HALF MEDIUM BOX,6.9,Zone 3,7000,Kramat - JAKPUS,126900,slot-0,Credit Card,4,90
3PLB-DRIVER-3,0812-XXXX-XXXX,kecamatan pademangan,Customer_180,cust@XXXX.com,2026-04-01,"Anonymized Street, Jabodetabek",0812-XXXX-XXXX,Sample_Order_7,RETURNING,1,HALF MEDIUM BOX,7.41,Zone 3,7000,Satellite HUB Karawaci,126300,slot-2,Credit Card,2,34
3PLC-DRIVER-2,0812-XXXX-XXXX,kecamatan jagakarsa,Customer_181,cust@XXXX.com,2026-04-01,"Anonymized Street, Jabodetabek",0812-XXXX-XXXX,Sample_Order_6,NEW,1,MEDIUM BOX,9.05,Zone 4,11000,Cibitung - KAB BEKASI,169800,slot-13,Cash on Delivery,5,33
3PLA-DRIVER-1,0812-XXXX-XXXX,cikarang selatan,Customer_182,cust@XXXX.com,2026-04-01,"Anonymized Street, Jabodetabek",0812-XXXX-XXXX,Sample_Order_1,RETURNING,1,HALF MEDIUM BOX,11.13,Zone 4,11000,Bintaro - TANGSEL,116100,slot-1,OVO Wallet,2,85
3PLC-DRIVER-1,0812-XXXX-XXXX,kecamatan pinang,Customer_183,cust@XXXX.com,2026-04-01,"Anonymized Street, Jabodetabek",0812-XXXX-XXXX,Sample_Order_2,RETURNING,1,PLASTIC,7.03,Zone 3,7000,Kembangan - JAKBAR,624450,slot-sameday03,Credit Card,8,24
3PLA-DRIVER-2,0812-XXXX-XXXX,kecamatan jatinegara,Customer_184,cust@XXXX.com,2026-04-01,"Anonymized Street, Jabodetabek",0812-XXXX-XXXX,Sample_Order_1,RETURNING,1,HALF MEDIUM BOX,11.13,Zone 4,11000,Bintaro - TANGSEL,116100,slot-1,OVO Wallet,2,85
3PLB-DRIVER-1,0812-XXXX-XXXX,kecamatan pinang,Customer_185,cust@XXXX.com,2026-04-01,"Anonymized Street, Jabodetabek",0812-XXXX-XXXX,Sample_Order_4,RETURNING,1,PLASTIC,4.79,Zone 2,6500,Kramat - JAKPUS,162800,slot-13,MANDIRI VA Transferpay!,4,99
Sample_Driver_8,0812-XXXX-XXXX,cikarang selatan,Customer_186,cust@XXXX.com,2026-04-01,"Anonymized Street, Jabodetabek",0812-XXXX-XXXX,Sample_Order_1,RETURNING,1,HALF MEDIUM BOX,11.13,Zone 4,11000,Bintaro - TANGSEL,116100,slot-1bb,OVO Wallet,2,85
Sample_Driver_8,0812-XXXX-XXXX,sepatan,Customer_187,cust@XXXX.com,2026-04-01,"Anonymized Street, Jabodetabek",0812-XXXX-XXXX,Sample_Order_1,RETURNING,1,HALF MEDIUM BOX,11.13,Zone 4,11000,Bintaro - TANGSEL,116100,slot-2,OVO Wallet,2,85
3PLA-DRIVER-1,0812-XXXX-XXXX,sepatan,Customer_188,cust@XXXX.com,2026-04-01,"Anonymized Street, Jabodetabek",0812-XXXX-XXXX,Sample_Order_1,RETURNING,1,HALF MEDIUM BOX,11.13,Zone 4,11000,Bintaro - TANGSEL,116100,slot-0bb,OVO Wallet,2,85
3PLC-DRIVER-2,0812-XXXX-XXXX,cikarang selatan,Customer_189,cust@XXXX.com,2026-04-01,"Anonymized Street, Jabodetabek",0812-XXXX-XXXX,Sample_Order_9,RETURNING,1,HALF MEDIUM BOX,6.9,Zone 3,7000,Kramat - JAKPUS,126900,slot-1,Credit Card,4,90
3PLB-DRIVER-2,0812-XXXX-XXXX,kecamatan penjaringan,Customer_190,cust@XXXX.com,2026-04-01,"Anonymized Street, Jabodetabek",0812-XXXX-XXXX,Sample_Order_9,RETURNING,1,HALF MEDIUM BOX,6.9,Zone 3,7000,Kramat - JAKPUS,126900,slot-sameday03,Credit Card,4,90
3PLB-DRIVER-1,0812-XXXX-XXXX,kecamatan jagakarsa,Customer_191,cust@XXXX.com,2026-04-01,"Anonymized Street, Jabodetabek",0812-XXXX-XXXX,Sample_Order_6,NEW,1,MEDIUM BOX,9.05,Zone 4,11000,Cibitung - KAB BEKASI,169800,slot-sameday03,Cash on Delivery,5,33
3PLB-DRIVER-2,0812-XXXX-XXXX,sepatan,Customer_192,cust@XXXX.com,2026-04-01,"Anonymized Street, Jabodetabek",0812-XXXX-XXXX,Sample_Order_0,RETURNING,1,PLASTIC,5.54,Zone 2,6500,Kramat - JAKPUS,227370,slot-sameday03,Cash on Delivery,5,242
3PLC-DRIVER-1,0812-XXXX-XXXX,kecamatan jagakarsa,Customer_193,cust@XXXX.com,2026-04-01,"Anonymized Street, Jabodetabek",0812-XXXX-XXXX,Sample_Order_0,RETURNING,1,PLASTIC,5.54,Zone 2,6500,Kramat - JAKPUS,227370,slot-2,Cash on Delivery,5,242
Sample_Driver_9,0812-XXXX-XXXX,kecamatan penjaringan,Customer_194,cust@XXXX.com,2026-04-01,"Anonymized Street, Jabodetabek",0812-XXXX-XXXX,Sample_Order_1,RETURNING,1,HALF MEDIUM BOX,11.13,Zone 4,11000,Bintaro - TANGSEL,116100,slot-sameday03,OVO Wallet,2,85
3PLB-DRIVER-3,0812-XXXX-XXXX,cikarang selatan,Customer_195,cust@XXXX.com,2026-04-01,"Anonymized Street, Jabodetabek",0812-XXXX-XXXX,Sample_Order_0,RETURNING,1,PLASTIC,5.54,Zone 2,6500,Kramat - JAKPUS,227370,slot-sameday,Cash on Delivery,5,242
3PLA-DRIVER-2,0812-XXXX-XXXX,kecamatan penjaringan,Customer_196,cust@XXXX.com,2026-04-01,"Anonymized Street, Jabodetabek",0812-XXXX-XXXX,Sample_Order_4,RETURNING,1,PLASTIC,4.79,Zone 2,6500,Kramat - JAKPUS,162800,slot-1bb,MANDIRI VA Transferpay!,4,99
3PLA-DRIVER-2,0812-XXXX-XXXX,kecamatan jatinegara,Customer_197,cust@XXXX.com,2026-04-01,"Anonymized Street, Jabodetabek",0812-XXXX-XXXX,Sample_Order_2,RETURNING,1,PLASTIC,7.03,Zone 3,7000,Kembangan - JAKBAR,624450,slot-1,Credit Card,8,24
3PLA-DRIVER-1,0812-XXXX-XXXX,cikarang selatan,Customer_198,cust@XXXX.com,2026-04-01,"Anonymized Street, Jabodetabek",0812-XXXX-XXXX,Sample_Order_4,RETURNING,1,PLASTIC,4.79,Zone 2,6500,Kramat - JAKPUS,162800,slot-2,MANDIRI VA Transferpay!,4,99
Sample_Driver_9,0812-XXXX-XXXX,kecamatan jatinegara,Customer_199,cust@XXXX.com,2026-04-01,"Anonymized Street, Jabodetabek",0812-XXXX-XXXX,Sample_Order_2,RETURNING,1,PLASTIC,7.03,Zone 3,7000,Kembangan - JAKBAR,624450,slot-0,Credit Card,8,24
3PLA-DRIVER-2,0812-XXXX-XXXX,kecamatan parung panjang,Customer_200,cust@XXXX.com,2026-04-01,"Anonymized Street, Jabodetabek",0812-XXXX-XXXX,Sample_Order_7,RETURNING,1,HALF MEDIUM BOX,7.41,Zone 3,7000,Satellite HUB Karawaci,126300,slot-2,Credit Card,2,34
3PLC-DRIVER-1,0812-XXXX-XXXX,kecamatan setiabudi,Customer_201,cust@XXXX.com,2026-04-01,"Anonymized Street, Jabodetabek",0812-XXXX-XXXX,Sample_Order_1,RETURNING,1,HALF MEDIUM BOX,11.13,Zone 4,11000,Bintaro - TANGSEL,116100,slot-sameday03,OVO Wallet,2,85
3PLA-DRIVER-2,0812-XXXX-XXXX,sepatan,Customer_202,cust@XXXX.com,2026-04-01,"Anonymized Street, Jabodetabek",0812-XXXX-XXXX,Sample_Order_9,RETURNING,1,HALF MEDIUM BOX,6.9,Zone 3,7000,Kramat - JAKPUS,126900,slot-1bb,Credit Card,4,90
Sample_Driver_8,0812-XXXX-XXXX,kecamatan pademangan,Customer_203,cust@XXXX.com,2026-04-01,"Anonymized Street, Jabodetabek",0812-XXXX-XXXX,Sample_Order_0,RETURNING,1,PLASTIC,5.54,Zone 2,6500,Kramat - JAKPUS,227370,slot-sameday,Cash on Delivery,5,242
3PLA-DRIVER-2,0812-XXXX-XXXX,kecamatan penjaringan,Customer_204,cust@XXXX.com,2026-04-01,"Anonymized Street, Jabodetabek",0812-XXXX-XXXX,Sample_Order_4,RETURNING,1,PLASTIC,4.79,Zone 2,6500,Kramat - JAKPUS,162800,slot-sameday03,MANDIRI VA Transferpay!,4,99
Sample_Driver_8,0812-XXXX-XXXX,kecamatan pademangan,Customer_205,cust@XXXX.com,2026-04-01,"Anonymized Street, Jabodetabek",0812-XXXX-XXXX,Sample_Order_5,,1,,8.03,Zone 3,7000,Kramat - JAKPUS,273600,slot-1bb,Cash on Delivery,5,276
3PLA-DRIVER-1,0812-XXXX-XXXX,kecamatan grogol petamburan,Customer_206,cust@XXXX.com,2026-04-01,"Anonymized Street, Jabodetabek",0812-XXXX-XXXX,Sample_Order_6,NEW,1,MEDIUM BOX,9.05,Zone 4,11000,Cibitung - KAB BEKASI,169800,slot-sameday,Cash on Delivery,5,33
3PLB-DRIVER-1,0812-XXXX-XXXX,kecamatan grogol petamburan,Customer_207,cust@XXXX.com,2026-04-01,"Anonymized Street, Jabodetabek",0812-XXXX-XXXX,Sample_Order_2,RETURNING,1,PLASTIC,7.03,Zone 3,7000,Kembangan - JAKBAR,624450,slot-0,Credit Card,8,24
3PLA-DRIVER-2,0812-XXXX-XXXX,kecamatan jagakarsa,Customer_208,cust@XXXX.com,2026-04-01,"Anonymized Street, Jabodetabek",0812-XXXX-XXXX,Sample_Order_4,RETURNING,1,PLASTIC,4.79,Zone 2,6500,Kramat - JAKPUS,162800,slot-1,MANDIRI VA Transferpay!,4,99
Sample_Driver_9,0812-XXXX-XXXX,kecamatan jatinegara,Customer_209,cust@XXXX.com,2026-04-01,"Anonymized Street, Jabodetabek",0812-XXXX-XXXX,Sample_Order_5,,1,,8.03,Zone 3,7000,Kramat - JAKPUS,273600,slot-0,Cash on Delivery,5,276
3PLC-DRIVER-1,0812-XXXX-XXXX,kecamatan grogol petamburan,Customer_210,cust@XXXX.com,2026-04-01,"Anonymized Street, Jabodetabek",0812-XXXX-XXXX,Sample_Order_3,RETURNING,1,PLASTIC,6.8,Zone 3,7000,Kembangan - JAKBAR,151710,slot-0,ShopeePay,4,197
3PLB-DRIVER-2,0812-XXXX-XXXX,kecamatan parung panjang,Customer_211,cust@XXXX.com,2026-04-01,"Anonymized Street, Jabodetabek",0812-XXXX-XXXX,Sample_Order_9,RETURNING,1,HALF MEDIUM BOX,6.9,Zone 3,7000,Kramat - JAKPUS,126900,slot-1bb,Credit Card,4,90
3PLA-DRIVER-1,0812-XXXX-XXXX,kecamatan parung panjang,Customer_212,cust@XXXX.com,2026-04-01,"Anonymized Street, Jabodetabek",0812-XXXX-XXXX,Sample_Order_4,RETURNING,1,PLASTIC,4.79,Zone 2,6500,Kramat - JAKPUS,162800,slot-1,MANDIRI VA Transferpay!,4,99
3PLB-DRIVER-1,0812-XXXX-XXXX,sepatan,Customer_213,cust@XXXX.com,2026-04-01,"Anonymized Street, Jabodetabek",0812-XXXX-XXXX,Sample_Order_7,RETURNING,1,HALF MEDIUM BOX,7.41,Zone 3,7000,Satellite HUB Karawaci,126300,slot-sameday03,Credit Card,2,34
3PLC-DRIVER-1,0812-XXXX-XXXX,kecamatan penjaringan,Customer_214,cust@XXXX.com,2026-04-01,"Anonymized Street, Jabodetabek",0812-XXXX-XXXX,Sample_Order_7,RETURNING,1,HALF MEDIUM BOX,7.41,Zone 3,7000,Satellite HUB Karawaci,126300,slot-0bb,Credit Card,2,34
Sample_Driver_9,0812-XXXX-XXXX,sepatan,Customer_215,cust@XXXX.com,2026-04-01,"Anonymized Street, Jabodetabek",0812-XXXX-XXXX,Sample_Order_2,RETURNING,1,PLASTIC,7.03,Zone 3,7000,Kembangan - JAKBAR,624450,slot-sameday,Credit Card,8,24
3PLA-DRIVER-1,0812-XXXX-XXXX,sepatan,Customer_216,cust@XXXX.com,2026-04-01,"Anonymized Street, Jabodetabek",0812-XXXX-XXXX,Sample_Order_4,RETURNING,1,PLASTIC,4.79,Zone 2,6500,Kramat - JAKPUS,162800,slot-sameday03,MANDIRI VA Transferpay!,4,99
Sample_Driver_9,0812-XXXX-XXXX,kecamatan pademangan,Customer_217,cust@XXXX.com,2026-04-01,"Anonymized Street, Jabodetabek",0812-XXXX-XXXX,Sample_Order_0,RETURNING,1,PLASTIC,5.54,Zone 2,6500,Kramat - JAKPUS,227370,slot-1,Cash on Delivery,5,242
Sample_Driver_9,0812-XXXX-XXXX,kecamatan jatinegara,Customer_218,cust@XXXX.com,2026-04-01,"Anonymized Street, Jabodetabek",0812-XXXX-XXXX,Sample_Order_3,RETURNING,1,PLASTIC,6.8,Zone 3,7000,Kembangan - JAKBAR,151710,slot-0,ShopeePay,4,197
3PLB-DRIVER-3,0812-XXXX-XXXX,kecamatan grogol petamburan,Customer_219,cust@XXXX.com,2026-04-01,"Anonymized Street, Jabodetabek",0812-XXXX-XXXX,Sample_Order_2,RETURNING,1,PLASTIC,7.03,Zone 3,7000,Kembangan - JAKBAR,624450,slot-13,Credit Card,8,24
3PLA-DRIVER-1,0812-XXXX-XXXX,kecamatan jatinegara,Customer_220,cust@XXXX.com,2026-04-01,"Anonymized Street, Jabodetabek",0812-XXXX-XXXX,Sample_Order_3,RETURNING,1,PLASTIC,6.8,Zone 3,7000,Kembangan - JAKBAR,151710,slot-0,ShopeePay,4,197
3PLC-DRIVER-1,0812-XXXX-XXXX,kecamatan pinang,Customer_221,cust@XXXX.com,2026-04-01,"Anonymized Street, Jabodetabek",0812-XXXX-XXXX,Sample_Order_9,RETURNING,1,HALF MEDIUM BOX,6.9,Zone 3,7000,Kramat - JAKPUS,126900,slot-1bb,Credit Card,4,90
3PLB-DRIVER-1,0812-XXXX-XXXX,kecamatan penjaringan,Customer_222,cust@XXXX.com,2026-04-01,"Anonymized Street, Jabodetabek",0812-XXXX-XXXX,Sample_Order_8,RETURNING,1,HALF MEDIUM BOX,3.65,Zone 2,6500,Beji - Depok,78200,slot-0,GO-PAY Wallet,2,111
3PLB-DRIVER-2,0812-XXXX-XXXX,kecamatan parung panjang,Customer_223,cust@XXXX.com,2026-04-01,"Anonymized Street, Jabodetabek",0812-XXXX-XXXX,Sample_Order_4,RETURNING,1,PLASTIC,4.79,Zone 2,6500,Kramat - JAKPUS,162800,slot-13,MANDIRI VA Transferpay!,4,99
3PLB-DRIVER-3,0812-XXXX-XXXX,kecamatan pademangan,Customer_224,cust@XXXX.com,2026-04-01,"Anonymized Street, Jabodetabek",0812-XXXX-XXXX,Sample_Order_9,RETURNING,1,HALF MEDIUM BOX,6.9,Zone 3,7000,Kramat - JAKPUS,126900,slot-1,Credit Card,4,90
3PLC-DRIVER-2,0812-XXXX-XXXX,kecamatan pademangan,Customer_225,cust@XXXX.com,2026-04-01,"Anonymized Street, Jabodetabek",0812-XXXX-XXXX,Sample_Order_8,RETURNING,1,HALF MEDIUM BOX,3.65,Zone 2,6500,Beji - Depok,78200,slot-sameday,GO-PAY Wallet,2,111
3PLB-DRIVER-2,0812-XXXX-XXXX,kecamatan jagakarsa,Customer_226,cust@XXXX.com,2026-04-01,"Anonymized Street, Jabodetabek",0812-XXXX-XXXX,Sample_Order_1,RETURNING,1,HALF MEDIUM BOX,11.13,Zone 4,11000,Bintaro - TANGSEL,116100,slot-2,OVO Wallet,2,85
3PLA-DRIVER-2,0812-XXXX-XXXX,kecamatan grogol petamburan,Customer_227,cust@XXXX.com,2026-04-01,"Anonymized Street, Jabodetabek",0812-XXXX-XXXX,Sample_Order_3,RETURNING,1,PLASTIC,6.8,Zone 3,7000,Kembangan - JAKBAR,151710,slot-sameday03,ShopeePay,4,197
3PLA-DRIVER-1,0812-XXXX-XXXX,kecamatan penjaringan,Customer_228,cust@XXXX.com,2026-04-01,"Anonymized Street, Jabodetabek",0812-XXXX-XXXX,Sample_Order_7,RETURNING,1,HALF MEDIUM BOX,7.41,Zone 3,7000,Satellite HUB Karawaci,126300,slot-2,Credit Card,2,34
3PLA-DRIVER-2,0812-XXXX-XXXX,kecamatan pademangan,Customer_229,cust@XXXX.com,2026-04-01,"Anonymized Street, Jabodetabek",0812-XXXX-XXXX,Sample_Order_4,RETURNING,1,PLASTIC,4.79,Zone 2,6500,Kramat - JAKPUS,162800,slot-sameday03,MANDIRI VA Transferpay!,4,99
3PLB-DRIVER-2,0812-XXXX-XXXX,kecamatan pademangan,Customer_230,cust@XXXX.com,2026-04-01,"Anonymized Street, Jabodetabek",0812-XXXX-XXXX,Sample_Order_6,NEW,1,MEDIUM BOX,9.05,Zone 4,11000,Cibitung - KAB BEKASI,169800,slot-1bb,Cash on Delivery,5,33
3PLC-DRIVER-1,0812-XXXX-XXXX,kecamatan jagakarsa,Customer_231,cust@XXXX.com,2026-04-01,"Anonymized Street, Jabodetabek",0812-XXXX-XXXX,Sample_Order_1,RETURNING,1,HALF MEDIUM BOX,11.13,Zone 4,11000,Bintaro - TANGSEL,116100,slot-0,OVO Wallet,2,85
3PLB-DRIVER-1,0812-XXXX-XXXX,kecamatan grogol petamburan,Customer_232,cust@XXXX.com,2026-04-01,"Anonymized Street, Jabodetabek",0812-XXXX-XXXX,Sample_Order_4,RETURNING,1,PLASTIC,4.79,Zone 2,6500,Kramat - JAKPUS,162800,slot-1bb,MANDIRI VA Transferpay!,4,99
Sample_Driver_8,0812-XXXX-XXXX,kecamatan parung panjang,Customer_233,cust@XXXX.com,2026-04-01,"Anonymized Street, Jabodetabek",0812-XXXX-XXXX,Sample_Order_5,,1,,8.03,Zone 3,7000,Kramat - JAKPUS,273600,slot-1,Cash on Delivery,5,276
3PLC-DRIVER-1,0812-XXXX-XXXX,kecamatan pinang,Customer_234,cust@XXXX.com,2026-04-01,"Anonymized Street, Jabodetabek",0812-XXXX-XXXX,Sample_Order_0,RETURNING,1,PLASTIC,5.54,Zone 2,6500,Kramat - JAKPUS,227370,slot-sameday03,Cash on Delivery,5,242
3PLA-DRIVER-2,0812-XXXX-XXXX,kecamatan grogol petamburan,Customer_235,cust@XXXX.com,2026-04-01,"Anonymized Street, Jabodetabek",0812-XXXX-XXXX,Sample_Order_8,RETURNING,1,HALF MEDIUM BOX,3.65,Zone 2,6500,Beji - Depok,78200,slot-sameday03,GO-PAY Wallet,2,111
3PLB-DRIVER-1,0812-XXXX-XXXX,kecamatan pinang,Customer_236,cust@XXXX.com,2026-04-01,"Anonymized Street, Jabodetabek",0812-XXXX-XXXX,Sample_Order_0,RETURNING,1,PLASTIC,5.54,Zone 2,6500,Kramat - JAKPUS,227370,slot-sameday03,Cash on Delivery,5,242
3PLA-DRIVER-2,0812-XXXX-XXXX,kecamatan jagakarsa,Customer_237,cust@XXXX.com,2026-04-01,"Anonymized Street, Jabodetabek",0812-XXXX-XXXX,Sample_Order_2,RETURNING,1,PLASTIC,7.03,Zone 3,7000,Kembangan - JAKBAR,624450,slot-0,Credit Card,8,24
3PLB-DRIVER-1,0812-XXXX-XXXX,kecamatan penjaringan,Customer_238,cust@XXXX.com,2026-04-01,"Anonymized Street, Jabodetabek",0812-XXXX-XXXX,Sample_Order_6,NEW,1,MEDIUM BOX,9.05,Zone 4,11000,Cibitung - KAB BEKASI,169800,slot-2,Cash on Delivery,5,33
3PLA-DRIVER-2,0812-XXXX-XXXX,kecamatan grogol petamburan,Customer_239,cust@XXXX.com,2026-04-01,"Anonymized Street, Jabodetabek",0812-XXXX-XXXX,Sample_Order_8,RETURNING,1,HALF MEDIUM BOX,3.65,Zone 2,6500,Beji - Depok,78200,slot-2,GO-PAY Wallet,2,111
3PLA-DRIVER-1,0812-XXXX-XXXX,kecamatan pademangan,Customer_240,cust@XXXX.com,2026-04-01,"Anonymized Street, Jabodetabek",0812-XXXX-XXXX,Sample_Order_0,RETURNING,1,PLASTIC,5.54,Zone 2,6500,Kramat - JAKPUS,227370,slot-2,Cash on Delivery,5,242
3PLC-DRIVER-1,0812-XXXX-XXXX,sepatan,Customer_241,cust@XXXX.com,2026-04-01,"Anonymized Street, Jabodetabek",0812-XXXX-XXXX,Sample_Order_6,NEW,1,MEDIUM BOX,9.05,Zone 4,11000,Cibitung - KAB BEKASI,169800,slot-13,Cash on Delivery,5,33
3PLB-DRIVER-3,0812-XXXX-XXXX,kecamatan parung panjang,Customer_242,cust@XXXX.com,2026-04-01,"Anonymized Street, Jabodetabek",0812-XXXX-XXXX,Sample_Order_2,RETURNING,1,PLASTIC,7.03,Zone 3,7000,Kembangan - JAKBAR,624450,slot-1,Credit Card,8,24
3PLA-DRIVER-1,0812-XXXX-XXXX,kecamatan parung panjang,Customer_243,cust@XXXX.com,2026-04-01,"Anonymized Street, Jabodetabek",0812-XXXX-XXXX,Sample_Order_6,NEW,1,MEDIUM BOX,9.05,Zone 4,11000,Cibitung - KAB BEKASI,169800,slot-0,Cash on Delivery,5,33
Sample_Driver_8,0812-XXXX-XXXX,kecamatan pademangan,Customer_244,cust@XXXX.com,2026-04-01,"Anonymized Street, Jabodetabek",0812-XXXX-XXXX,Sample_Order_6,NEW,1,MEDIUM BOX,9.05,Zone 4,11000,Cibitung - KAB BEKASI,169800,slot-sameday,Cash on Delivery,5,33
3PLA-DRIVER-2,0812-XXXX-XXXX,kecamatan pademangan,Customer_245,cust@XXXX.com,2026-04-01,"Anonymized Street, Jabodetabek",0812-XXXX-XXXX,Sample_Order_5,,1,,8.03,Zone 3,7000,Kramat - JAKPUS,273600,slot-13,Cash on Delivery,5,276
3PLB-DRIVER-3,0812-XXXX-XXXX,kecamatan jagakarsa,Customer_246,cust@XXXX.com,2026-04-01,"Anonymized Street, Jabodetabek",0812-XXXX-XXXX,Sample_Order_8,RETURNING,1,HALF MEDIUM BOX,3.65,Zone 2,6500,Beji - Depok,78200,slot-1bb,GO-PAY Wallet,2,111
3PLA-DRIVER-1,0812-XXXX-XXXX,kecamatan pademangan,Customer_247,cust@XXXX.com,2026-04-01,"Anonymized Street, Jabodetabek",0812-XXXX-XXXX,Sample_Order_3,RETURNING,1,PLASTIC,6.8,Zone 3,7000,Kembangan - JAKBAR,151710,slot-0bb,ShopeePay,4,197
3PLC-DRIVER-2,0812-XXXX-XXXX,cikarang selatan,Customer_248,cust@XXXX.com,2026-04-01,"Anonymized Street, Jabodetabek",0812-XXXX-XXXX,Sample_Order_3,RETURNING,1,PLASTIC,6.8,Zone 3,7000,Kembangan - JAKBAR,151710,slot-0bb,ShopeePay,4,197
Sample_Driver_8,0812-XXXX-XXXX,kecamatan penjaringan,Customer_249,cust@XXXX.com,2026-04-01,"Anonymized Street, Jabodetabek",0812-XXXX-XXXX,Sample_Order_7,RETURNING,1,HALF MEDIUM BOX,7.41,Zone 3,7000,Satellite HUB Karawaci,126300,slot-13,Credit Card,2,34
3PLC-DRIVER-1,0812-XXXX-XXXX,sepatan,Customer_250,cust@XXXX.com,2026-04-01,"Anonymized Street, Jabodetabek",0812-XXXX-XXXX,Sample_Order_6,NEW,1,MEDIUM BOX,9.05,Zone 4,11000,Cibitung - KAB BEKASI,169800,slot-13,Cash on Delivery,5,33
3PLB-DRIVER-2,0812-XXXX-XXXX,kecamatan pinang,Customer_251,cust@XXXX.com,2026-04-01,"Anonymized Street, Jabodetabek",0812-XXXX-XXXX,Sample_Order_6,NEW,1,MEDIUM BOX,9.05,Zone 4,11000,Cibitung - KAB BEKASI,169800,slot-sameday03,Cash on Delivery,5,33
Sample_Driver_9,0812-XXXX-XXXX,kecamatan pademangan,Customer_252,cust@XXXX.com,2026-04-01,"Anonymized Street, Jabodetabek",0812-XXXX-XXXX,Sample_Order_3,RETURNING,1,PLASTIC,6.8,Zone 3,7000,Kembangan - JAKBAR,151710,slot-sameday03,ShopeePay,4,197
3PLA-DRIVER-2,0812-XXXX-XXXX,kecamatan parung panjang,Customer_253,cust@XXXX.com,2026-04-01,"Anonymized Street, Jabodetabek",0812-XXXX-XXXX,Sample_Order_2,RETURNING,1,PLASTIC,7.03,Zone 3,7000,Kembangan - JAKBAR,624450,slot-0,Credit Card,8,24
3PLB-DRIVER-1,0812-XXXX-XXXX,cikarang selatan,Customer_254,cust@XXXX.com,2026-04-01,"Anonymized Street, Jabodetabek",0812-XXXX-XXXX,Sample_Order_0,RETURNING,1,PLASTIC,5.54,Zone 2,6500,Kramat - JAKPUS,227370,slot-sameday,Cash on Delivery,5,242
3PLA-DRIVER-2,0812-XXXX-XXXX,kecamatan pademangan,Customer_255,cust@XXXX.com,2026-04-01,"Anonymized Street, Jabodetabek",0812-XXXX-XXXX,Sample_Order_5,,1,,8.03,Zone 3,7000,Kramat - JAKPUS,273600,slot-sameday03,Cash on Delivery,5,276
3PLC-DRIVER-1,0812-XXXX-XXXX,kecamatan parung panjang,Customer_256,cust@XXXX.com,2026-04-01,"Anonymized Street, Jabodetabek",0812-XXXX-XXXX,Sample_Order_2,RETURNING,1,PLASTIC,7.03,Zone 3,7000,Kembangan - JAKBAR,624450,slot-1,Credit Card,8,24
3PLA-DRIVER-2,0812-XXXX-XXXX,kecamatan jatinegara,Customer_257,cust@XXXX.com,2026-04-01,"Anonymized Street, Jabodetabek",0812-XXXX-XXXX,Sample_Order_4,RETURNING,1,PLASTIC,4.79,Zone 2,6500,Kramat - JAKPUS,162800,slot-1bb,MANDIRI VA Transferpay!,4,99
Sample_Driver_9,0812-XXXX-XXXX,kecamatan setiabudi,Customer_258,cust@XXXX.com,2026-04-01,"Anonymized Street, Jabodetabek",0812-XXXX-XXXX,Sample_Order_2,RETURNING,1,PLASTIC,7.03,Zone 3,7000,Kembangan - JAKBAR,624450,slot-1,Credit Card,8,24
3PLA-DRIVER-2,0812-XXXX-XXXX,kecamatan pinang,Customer_259,cust@XXXX.com,2026-04-01,"Anonymized Street, Jabodetabek",0812-XXXX-XXXX,Sample_Order_6,NEW,1,MEDIUM BOX,9.05,Zone 4,11000,Cibitung - KAB BEKASI,169800,slot-2,Cash on Delivery,5,33
3PLA-DRIVER-1,0812-XXXX-XXXX,kecamatan pinang,Customer_260,cust@XXXX.com,2026-04-01,"Anonymized Street, Jabodetabek",0812-XXXX-XXXX,Sample_Order_0,RETURNING,1,PLASTIC,5.54,Zone 2,6500,Kramat - JAKPUS,227370,slot-0bb,Cash on Delivery,5,242
Sample_Driver_9,0812-XXXX-XXXX,kecamatan penjaringan,Customer_261,cust@XXXX.com,2026-04-01,"Anonymized Street, Jabodetabek",0812-XXXX-XXXX,Sample_Order_5,,1,,8.03,Zone 3,7000,Kramat - JAKPUS,273600,slot-13,Cash on Delivery,5,276
3PLA-DRIVER-1,0812-XXXX-XXXX,kecamatan setiabudi,Customer_262,cust@XXXX.com,2026-04-01,"Anonymized Street, Jabodetabek",0812-XXXX-XXXX,Sample_Order_1,RETURNING,1,HALF MEDIUM BOX,11.13,Zone 4,11000,Bintaro - TANGSEL,116100,slot-1,OVO Wallet,2,85
3PLA-DRIVER-1,0812-XXXX-XXXX,kecamatan parung panjang,Customer_263,cust@XXXX.com,2026-04-01,"Anonymized Street, Jabodetabek",0812-XXXX-XXXX,Sample_Order_2,RETURNING,1,PLASTIC,7.03,Zone 3,7000,Kembangan - JAKBAR,624450,slot-0,Credit Card,8,24
Sample_Driver_8,0812-XXXX-XXXX,kecamatan jagakarsa,Customer_264,cust@XXXX.com,2026-04-01,"Anonymized Street, Jabodetabek",0812-XXXX-XXXX,Sample_Order_8,RETURNING,1,HALF MEDIUM BOX,3.65,Zone 2,6500,Beji - Depok,78200,slot-0,GO-PAY Wallet,2,111
Sample_Driver_9,0812-XXXX-XXXX,kecamatan jatinegara,Customer_265,cust@XXXX.com,2026-04-01,"Anonymized Street, Jabodetabek",0812-XXXX-XXXX,Sample_Order_6,NEW,1,MEDIUM BOX,9.05,Zone 4,11000,Cibitung - KAB BEKASI,169800,slot-0,Cash on Delivery,5,33
3PLA-DRIVER-1,0812-XXXX-XXXX,kecamatan jagakarsa,Customer_266,cust@XXXX.com,2026-04-01,"Anonymized Street, Jabodetabek",0812-XXXX-XXXX,Sample_Order_2,RETURNING,1,PLASTIC,7.03,Zone 3,7000,Kembangan - JAKBAR,624450,slot-0bb,Credit Card,8,24
3PLA-DRIVER-2,0812-XXXX-XXXX,kecamatan parung panjang,Customer_267,cust@XXXX.com,2026-04-01,"Anonymized Street, Jabodetabek",0812-XXXX-XXXX,Sample_Order_9,RETURNING,1,HALF MEDIUM BOX,6.9,Zone 3,7000,Kramat - JAKPUS,126900,slot-sameday,Credit Card,4,90
3PLA-DRIVER-1,0812-XXXX-XXXX,kecamatan parung panjang,Customer_268,cust@XXXX.com,2026-04-01,"Anonymized Street, Jabodetabek",0812-XXXX-XXXX,Sample_Order_5,,1,,8.03,Zone 3,7000,Kramat - JAKPUS,273600,slot-0,Cash on Delivery,5,276
3PLB-DRIVER-1,0812-XXXX-XXXX,kecamatan jagakarsa,Customer_269,cust@XXXX.com,2026-04-01,"Anonymized Street, Jabodetabek",0812-XXXX-XXXX,Sample_Order_2,RETURNING,1,PLASTIC,7.03,Zone 3,7000,Kembangan - JAKBAR,624450,slot-0bb,Credit Card,8,24
3PLA-DRIVER-1,0812-XXXX-XXXX,sepatan,Customer_270,cust@XXXX.com,2026-04-01,"Anonymized Street, Jabodetabek",0812-XXXX-XXXX,Sample_Order_0,RETURNING,1,PLASTIC,5.54,Zone 2,6500,Kramat - JAKPUS,227370,slot-sameday,Cash on Delivery,5,242
3PLB-DRIVER-2,0812-XXXX-XXXX,kecamatan jagakarsa,Customer_271,cust@XXXX.com,2026-04-01,"Anonymized Street, Jabodetabek",0812-XXXX-XXXX,Sample_Order_3,RETURNING,1,PLASTIC,6.8,Zone 3,7000,Kembangan - JAKBAR,151710,slot-13,ShopeePay,4,197
Sample_Driver_8,0812-XXXX-XXXX,kecamatan jagakarsa,Customer_272,cust@XXXX.com,2026-04-01,"Anonymized Street, Jabodetabek",0812-XXXX-XXXX,Sample_Order_3,RETURNING,1,PLASTIC,6.8,Zone 3,7000,Kembangan - JAKBAR,151710,slot-sameday,ShopeePay,4,197
Sample_Driver_8,0812-XXXX-XXXX,kecamatan grogol petamburan,Customer_273,cust@XXXX.com,2026-04-01,"Anonymized Street, Jabodetabek",0812-XXXX-XXXX,Sample_Order_2,RETURNING,1,PLASTIC,7.03,Zone 3,7000,Kembangan - JAKBAR,624450,slot-1,Credit Card,8,24
3PLB-DRIVER-3,0812-XXXX-XXXX,kecamatan grogol petamburan,Customer_274,cust@XXXX.com,2026-04-01,"Anonymized Street, Jabodetabek",0812-XXXX-XXXX,Sample_Order_2,RETURNING,1,PLASTIC,7.03,Zone 3,7000,Kembangan - JAKBAR,624450,slot-sameday03,Credit Card,8,24
3PLB-DRIVER-3,0812-XXXX-XXXX,cikarang selatan,Customer_275,cust@XXXX.com,2026-04-01,"Anonymized Street, Jabodetabek",0812-XXXX-XXXX,Sample_Order_5,,1,,8.03,Zone 3,7000,Kramat - JAKPUS,273600,slot-sameday03,Cash on Delivery,5,276
3PLB-DRIVER-3,0812-XXXX-XXXX,sepatan,Customer_276,cust@XXXX.com,2026-04-01,"Anonymized Street, Jabodetabek",0812-XXXX-XXXX,Sample_Order_2,RETURNING,1,PLASTIC,7.03,Zone 3,7000,Kembangan - JAKBAR,624450,slot-0,Credit Card,8,24
3PLB-DRIVER-1,0812-XXXX-XXXX,sepatan,Customer_277,cust@XXXX.com,2026-04-01,"Anonymized Street, Jabodetabek",0812-XXXX-XXXX,Sample_Order_0,RETURNING,1,PLASTIC,5.54,Zone 2,6500,Kramat - JAKPUS,227370,slot-1bb,Cash on Delivery,5,242
3PLC-DRIVER-1,0812-XXXX-XXXX,kecamatan pinang,Customer_278,cust@XXXX.com,2026-04-01,"Anonymized Street, Jabodetabek",0812-XXXX-XXXX,Sample_Order_5,,1,,8.03,Zone 3,7000,Kramat - JAKPUS,273600,slot-0,Cash on Delivery,5,276
3PLC-DRIVER-2,0812-XXXX-XXXX,kecamatan jatinegara,Customer_279,cust@XXXX.com,2026-04-01,"Anonymized Street, Jabodetabek",0812-XXXX-XXXX,Sample_Order_4,RETURNING,1,PLASTIC,4.79,Zone 2,6500,Kramat - JAKPUS,162800,slot-sameday,MANDIRI VA Transferpay!,4,99
3PLA-DRIVER-1,0812-XXXX-XXXX,kecamatan setiabudi,Customer_280,cust@XXXX.com,2026-04-01,"Anonymized Street, Jabodetabek",0812-XXXX-XXXX,Sample_Order_1,RETURNING,1,HALF MEDIUM BOX,11.13,Zone 4,11000,Bintaro - TANGSEL,116100,slot-1,OVO Wallet,2,85
Sample_Driver_9,0812-XXXX-XXXX,sepatan,Customer_281,cust@XXXX.com,2026-04-01,"Anonymized Street, Jabodetabek",0812-XXXX-XXXX,Sample_Order_8,RETURNING,1,HALF MEDIUM BOX,3.65,Zone 2,6500,Beji - Depok,78200,slot-0,GO-PAY Wallet,2,111
Sample_Driver_9,0812-XXXX-XXXX,cikarang selatan,Customer_282,cust@XXXX.com,2026-04-01,"Anonymized Street, Jabodetabek",0812-XXXX-XXXX,Sample_Order_0,RETURNING,1,PLASTIC,5.54,Zone 2,6500,Kramat - JAKPUS,227370,slot-sameday03,Cash on Delivery,5,242
3PLB-DRIVER-1,0812-XXXX-XXXX,kecamatan pinang,Customer_283,cust@XXXX.com,2026-04-01,"Anonymized Street, Jabodetabek",0812-XXXX-XXXX,Sample_Order_8,RETURNING,1,HALF MEDIUM BOX,3.65,Zone 2,6500,Beji - Depok,78200,slot-2,GO-PAY Wallet,2,111
3PLA-DRIVER-2,0812-XXXX-XXXX,cikarang selatan,Customer_284,cust@XXXX.com,2026-04-01,"Anonymized Street, Jabodetabek",0812-XXXX-XXXX,Sample_Order_0,RETURNING,1,PLASTIC,5.54,Zone 2,6500,Kramat - JAKPUS,227370,slot-0,Cash on Delivery,5,242
3PLB-DRIVER-2,0812-XXXX-XXXX,sepatan,Customer_285,cust@XXXX.com,2026-04-01,"Anonymized Street, Jabodetabek",0812-XXXX-XXXX,Sample_Order_7,RETURNING,1,HALF MEDIUM BOX,7.41,Zone 3,7000,Satellite HUB Karawaci,126300,slot-sameday03,Credit Card,2,34
3PLA-DRIVER-1,0812-XXXX-XXXX,kecamatan penjaringan,Customer_286,cust@XXXX.com,2026-04-01,"Anonymized Street, Jabodetabek",0812-XXXX-XXXX,Sample_Order_1,RETURNING,1,HALF MEDIUM BOX,11.13,Zone 4,11000,Bintaro - TANGSEL,116100,slot-sameday,OVO Wallet,2,85
3PLB-DRIVER-3,0812-XXXX-XXXX,kecamatan setiabudi,Customer_287,cust@XXXX.com,2026-04-01,"Anonymized Street, Jabodetabek",0812-XXXX-XXXX,Sample_Order_3,RETURNING,1,PLASTIC,6.8,Zone 3,7000,Kembangan - JAKBAR,151710,slot-0,ShopeePay,4,197
3PLB-DRIVER-2,0812-XXXX-XXXX,sepatan,Customer_288,cust@XXXX.com,2026-04-01,"Anonymized Street, Jabodetabek",0812-XXXX-XXXX,Sample_Order_8,RETURNING,1,HALF MEDIUM BOX,3.65,Zone 2,6500,Beji - Depok,78200,slot-sameday03,GO-PAY Wallet,2,111
Sample_Driver_8,0812-XXXX-XXXX,cikarang selatan,Customer_289,cust@XXXX.com,2026-04-01,"Anonymized Street, Jabodetabek",0812-XXXX-XXXX,Sample_Order_9,RETURNING,1,HALF MEDIUM BOX,6.9,Zone 3,7000,Kramat - JAKPUS,126900,slot-1bb,Credit Card,4,90
3PLA-DRIVER-2,0812-XXXX-XXXX,sepatan,Customer_290,cust@XXXX.com,2026-04-01,"Anonymized Street, Jabodetabek",0812-XXXX-XXXX,Sample_Order_8,RETURNING,1,HALF MEDIUM BOX,3.65,Zone 2,6500,Beji - Depok,78200,slot-sameday,GO-PAY Wallet,2,111
Sample_Driver_9,0812-XXXX-XXXX,kecamatan grogol petamburan,Customer_291,cust@XXXX.com,2026-04-01,"Anonymized Street, Jabodetabek",0812-XXXX-XXXX,Sample_Order_7,RETURNING,1,HALF MEDIUM BOX,7.41,Zone 3,7000,Satellite HUB Karawaci,126300,slot-2,Credit Card,2,34
3PLA-DRIVER-2,0812-XXXX-XXXX,kecamatan parung panjang,Customer_292,cust@XXXX.com,2026-04-01,"Anonymized Street, Jabodetabek",0812-XXXX-XXXX,Sample_Order_3,RETURNING,1,PLASTIC,6.8,Zone 3,7000,Kembangan - JAKBAR,151710,slot-0bb,ShopeePay,4,197
Sample_Driver_8,0812-XXXX-XXXX,kecamatan penjaringan,Customer_293,cust@XXXX.com,2026-04-01,"Anonymized Street, Jabodetabek",0812-XXXX-XXXX,Sample_Order_2,RETURNING,1,PLASTIC,7.03,Zone 3,7000,Kembangan - JAKBAR,624450,slot-sameday,Credit Card,8,24
Sample_Driver_9,0812-XXXX-XXXX,kecamatan parung panjang,Customer_294,cust@XXXX.com,2026-04-01,"Anonymized Street, Jabodetabek",0812-XXXX-XXXX,Sample_Order_0,RETURNING,1,PLASTIC,5.54,Zone 2,6500,Kramat - JAKPUS,227370,slot-sameday,Cash on Delivery,5,242
3PLA-DRIVER-1,0812-XXXX-XXXX,sepatan,Customer_295,cust@XXXX.com,2026-04-01,"Anonymized Street, Jabodetabek",0812-XXXX-XXXX,Sample_Order_4,RETURNING,1,PLASTIC,4.79,Zone 2,6500,Kramat - JAKPUS,162800,slot-sameday03,MANDIRI VA Transferpay!,4,99
Sample_Driver_9,0812-XXXX-XXXX,kecamatan grogol petamburan,Customer_296,cust@XXXX.com,2026-04-01,"Anonymized Street, Jabodetabek",0812-XXXX-XXXX,Sample_Order_2,RETURNING,1,PLASTIC,7.03,Zone 3,7000,Kembangan - JAKBAR,624450,slot-2,Credit Card,8,24
3PLB-DRIVER-1,0812-XXXX-XXXX,kecamatan jatinegara,Customer_297,cust@XXXX.com,2026-04-01,"Anonymized Street, Jabodetabek",0812-XXXX-XXXX,Sample_Order_0,RETURNING,1,PLASTIC,5.54,Zone 2,6500,Kramat - JAKPUS,227370,slot-sameday,Cash on Delivery,5,242
3PLC-DRIVER-1,0812-XXXX-XXXX,kecamatan pinang,Customer_298,cust@XXXX.com,2026-04-01,"Anonymized Street, Jabodetabek",0812-XXXX-XXXX,Sample_Order_3,RETURNING,1,PLASTIC,6.8,Zone 3,7000,Kembangan - JAKBAR,151710,slot-sameday03,ShopeePay,4,197
3PLA-DRIVER-2,0812-XXXX-XXXX,kecamatan parung panjang,Customer_299,cust@XXXX.com,2026-04-01,"Anonymized Street, Jabodetabek",0812-XXXX-XXXX,Sample_Order_5,,1,,8.03,Zone 3,7000,Kramat - JAKPUS,273600,slot-2,Cash on Delivery,5,276
3PLB-DRIVER-1,0812-XXXX-XXXX,kecamatan jagakarsa,Customer_300,cust@XXXX.com,2026-04-01,"Anonymized Street, Jabodetabek",0812-XXXX-XXXX,Sample_Order_5,,1,,8.03,Zone 3,7000,Kramat - JAKPUS,273600,slot-1,Cash on Delivery,5,276
3PLC-DRIVER-1,0812-XXXX-XXXX,kecamatan pinang,Customer_301,cust@XXXX.com,2026-04-01,"Anonymized Street, Jabodetabek",0812-XXXX-XXXX,Sample_Order_4,RETURNING,1,PLASTIC,4.79,Zone 2,6500,Kramat - JAKPUS,162800,slot-2,MANDIRI VA Transferpay!,4,99
3PLA-DRIVER-1,0812-XXXX-XXXX,cikarang selatan,Customer_302,cust@XXXX.com,2026-04-01,"Anonymized Street, Jabodetabek",0812-XXXX-XXXX,Sample_Order_3,RETURNING,1,PLASTIC,6.8,Zone 3,7000,Kembangan - JAKBAR,151710,slot-1bb,ShopeePay,4,197
3PLB-DRIVER-3,0812-XXXX-XXXX,kecamatan jagakarsa,Customer_303,cust@XXXX.com,2026-04-01,"Anonymized Street, Jabodetabek",0812-XXXX-XXXX,Sample_Order_2,RETURNING,1,PLASTIC,7.03,Zone 3,7000,Kembangan - JAKBAR,624450,slot-sameday,Credit Card,8,24
3PLB-DRIVER-1,0812-XXXX-XXXX,kecamatan jagakarsa,Customer_304,cust@XXXX.com,2026-04-01,"Anonymized Street, Jabodetabek",0812-XXXX-XXXX,Sample_Order_5,,1,,8.03,Zone 3,7000,Kramat - JAKPUS,273600,slot-0bb,Cash on Delivery,5,276
3PLB-DRIVER-1,0812-XXXX-XXXX,kecamatan pinang,Customer_305,cust@XXXX.com,2026-04-01,"Anonymized Street, Jabodetabek",0812-XXXX-XXXX,Sample_Order_6,NEW,1,MEDIUM BOX,9.05,Zone 4,11000,Cibitung - KAB BEKASI,169800,slot-sameday,Cash on Delivery,5,33
3PLB-DRIVER-3,0812-XXXX-XXXX,kecamatan setiabudi,Customer_306,cust@XXXX.com,2026-04-01,"Anonymized Street, Jabodetabek",0812-XXXX-XXXX,Sample_Order_6,NEW,1,MEDIUM BOX,9.05,Zone 4,11000,Cibitung - KAB BEKASI,169800,slot-sameday,Cash on Delivery,5,33
3PLA-DRIVER-1,0812-XXXX-XXXX,kecamatan pinang,Customer_307,cust@XXXX.com,2026-04-01,"Anonymized Street, Jabodetabek",0812-XXXX-XXXX,Sample_Order_1,RETURNING,1,HALF MEDIUM BOX,11.13,Zone 4,11000,Bintaro - TANGSEL,116100,slot-1bb,OVO Wallet,2,85
3PLB-DRIVER-2,0812-XXXX-XXXX,kecamatan grogol petamburan,Customer_308,cust@XXXX.com,2026-04-01,"Anonymized Street, Jabodetabek",0812-XXXX-XXXX,Sample_Order_0,RETURNING,1,PLASTIC,5.54,Zone 2,6500,Kramat - JAKPUS,227370,slot-1,Cash on Delivery,5,242
3PLB-DRIVER-1,0812-XXXX-XXXX,sepatan,Customer_309,cust@XXXX.com,2026-04-01,"Anonymized Street, Jabodetabek",0812-XXXX-XXXX,Sample_Order_8,RETURNING,1,HALF MEDIUM BOX,3.65,Zone 2,6500,Beji - Depok,78200,slot-0bb,GO-PAY Wallet,2,111
Sample_Driver_9,0812-XXXX-XXXX,kecamatan parung panjang,Customer_310,cust@XXXX.com,2026-04-01,"Anonymized Street, Jabodetabek",0812-XXXX-XXXX,Sample_Order_3,RETURNING,1,PLASTIC,6.8,Zone 3,7000,Kembangan - JAKBAR,151710,slot-sameday,ShopeePay,4,197
3PLC-DRIVER-2,0812-XXXX-XXXX,kecamatan setiabudi,Customer_311,cust@XXXX.com,2026-04-01,"Anonymized Street, Jabodetabek",0812-XXXX-XXXX,Sample_Order_3,RETURNING,1,PLASTIC,6.8,Zone 3,7000,Kembangan - JAKBAR,151710,slot-sameday03,ShopeePay,4,197
3PLC-DRIVER-2,0812-XXXX-XXXX,kecamatan setiabudi,Customer_312,cust@XXXX.com,2026-04-01,"Anonymized Street, Jabodetabek",0812-XXXX-XXXX,Sample_Order_3,RETURNING,1,PLASTIC,6.8,Zone 3,7000,Kembangan - JAKBAR,151710,slot-sameday03,ShopeePay,4,197
3PLB-DRIVER-3,0812-XXXX-XXXX,kecamatan jagakarsa,Customer_313,cust@XXXX.com,2026-04-01,"Anonymized Street, Jabodetabek",0812-XXXX-XXXX,Sample_Order_0,RETURNING,1,PLASTIC,5.54,Zone 2,6500,Kramat - JAKPUS,227370,slot-2,Cash on Delivery,5,242
3PLB-DRIVER-3,0812-XXXX-XXXX,kecamatan jatinegara,Customer_314,cust@XXXX.com,2026-04-01,"Anonymized Street, Jabodetabek",0812-XXXX-XXXX,Sample_Order_9,RETURNING,1,HALF MEDIUM BOX,6.9,Zone 3,7000,Kramat - JAKPUS,126900,slot-sameday,Credit Card,4,90
3PLC-DRIVER-2,0812-XXXX-XXXX,kecamatan grogol petamburan,Customer_315,cust@XXXX.com,2026-04-01,"Anonymized Street, Jabodetabek",0812-XXXX-XXXX,Sample_Order_6,NEW,1,MEDIUM BOX,9.05,Zone 4,11000,Cibitung - KAB BEKASI,169800,slot-1bb,Cash on Delivery,5,33
3PLA-DRIVER-2,0812-XXXX-XXXX,kecamatan jatinegara,Customer_316,cust@XXXX.com,2026-04-01,"Anonymized Street, Jabodetabek",0812-XXXX-XXXX,Sample_Order_5,,1,,8.03,Zone 3,7000,Kramat - JAKPUS,273600,slot-0bb,Cash on Delivery,5,276
3PLC-DRIVER-2,0812-XXXX-XXXX,kecamatan pademangan,Customer_317,cust@XXXX.com,2026-04-01,"Anonymized Street, Jabodetabek",0812-XXXX-XXXX,Sample_Order_9,RETURNING,1,HALF MEDIUM BOX,6.9,Zone 3,7000,Kramat - JAKPUS,126900,slot-13,Credit Card,4,90
3PLB-DRIVER-2,0812-XXXX-XXXX,kecamatan parung panjang,Customer_318,cust@XXXX.com,2026-04-01,"Anonymized Street, Jabodetabek",0812-XXXX-XXXX,Sample_Order_9,RETURNING,1,HALF MEDIUM BOX,6.9,Zone 3,7000,Kramat - JAKPUS,126900,slot-0bb,Credit Card,4,90
Sample_Driver_8,0812-XXXX-XXXX,kecamatan jatinegara,Customer_319,cust@XXXX.com,2026-04-01,"Anonymized Street, Jabodetabek",0812-XXXX-XXXX,Sample_Order_3,RETURNING,1,PLASTIC,6.8,Zone 3,7000,Kembangan - JAKBAR,151710,slot-sameday03,ShopeePay,4,197
3PLB-DRIVER-3,0812-XXXX-XXXX,kecamatan grogol petamburan,Customer_320,cust@XXXX.com,2026-04-01,"Anonymized Street, Jabodetabek",0812-XXXX-XXXX,Sample_Order_3,RETURNING,1,PLASTIC,6.8,Zone 3,7000,Kembangan - JAKBAR,151710,slot-0,ShopeePay,4,197
3PLB-DRIVER-1,0812-XXXX-XXXX,kecamatan penjaringan,Customer_321,cust@XXXX.com,2026-04-01,"Anonymized Street, Jabodetabek",0812-XXXX-XXXX,Sample_Order_8,RETURNING,1,HALF MEDIUM BOX,3.65,Zone 2,6500,Beji - Depok,78200,slot-1bb,GO-PAY Wallet,2,111
3PLC-DRIVER-1,0812-XXXX-XXXX,kecamatan pinang,Customer_322,cust@XXXX.com,2026-04-01,"Anonymized Street, Jabodetabek",0812-XXXX-XXXX,Sample_Order_5,,1,,8.03,Zone 3,7000,Kramat - JAKPUS,273600,slot-1bb,Cash on Delivery,5,276
3PLA-DRIVER-1,0812-XXXX-XXXX,kecamatan penjaringan,Customer_323,cust@XXXX.com,2026-04-01,"Anonymized Street, Jabodetabek",0812-XXXX-XXXX,Sample_Order_6,NEW,1,MEDIUM BOX,9.05,Zone 4,11000,Cibitung - KAB BEKASI,169800,slot-1,Cash on Delivery,5,33
Sample_Driver_8,0812-XXXX-XXXX,kecamatan grogol petamburan,Customer_324,cust@XXXX.com,2026-04-01,"Anonymized Street, Jabodetabek",0812-XXXX-XXXX,Sample_Order_1,RETURNING,1,HALF MEDIUM BOX,11.13,Zone 4,11000,Bintaro - TANGSEL,116100,slot-13,OVO Wallet,2,85
3PLA-DRIVER-2,0812-XXXX-XXXX,kecamatan jagakarsa,Customer_325,cust@XXXX.com,2026-04-01,"Anonymized Street, Jabodetabek",0812-XXXX-XXXX,Sample_Order_4,RETURNING,1,PLASTIC,4.79,Zone 2,6500,Kramat - JAKPUS,162800,slot-13,MANDIRI VA Transferpay!,4,99
3PLA-DRIVER-1,0812-XXXX-XXXX,kecamatan setiabudi,Customer_326,cust@XXXX.com,2026-04-01,"Anonymized Street, Jabodetabek",0812-XXXX-XXXX,Sample_Order_4,RETURNING,1,PLASTIC,4.79,Zone 2,6500,Kramat - JAKPUS,162800,slot-0,MANDIRI VA Transferpay!,4,99
3PLB-DRIVER-1,0812-XXXX-XXXX,cikarang selatan,Customer_327,cust@XXXX.com,2026-04-01,"Anonymized Street, Jabodetabek",0812-XXXX-XXXX,Sample_Order_8,RETURNING,1,HALF MEDIUM BOX,3.65,Zone 2,6500,Beji - Depok,78200,slot-0bb,GO-PAY Wallet,2,111
Sample_Driver_8,0812-XXXX-XXXX,kecamatan grogol petamburan,Customer_328,cust@XXXX.com,2026-04-01,"Anonymized Street, Jabodetabek",0812-XXXX-XXXX,Sample_Order_3,RETURNING,1,PLASTIC,6.8,Zone 3,7000,Kembangan - JAKBAR,151710,slot-1,ShopeePay,4,197
3PLC-DRIVER-2,0812-XXXX-XXXX,kecamatan penjaringan,Customer_329,cust@XXXX.com,2026-04-01,"Anonymized Street, Jabodetabek",0812-XXXX-XXXX,Sample_Order_7,RETURNING,1,HALF MEDIUM BOX,7.41,Zone 3,7000,Satellite HUB Karawaci,126300,slot-sameday,Credit Card,2,34
3PLB-DRIVER-3,0812-XXXX-XXXX,kecamatan pademangan,Customer_330,cust@XXXX.com,2026-04-01,"Anonymized Street, Jabodetabek",0812-XXXX-XXXX,Sample_Order_0,RETURNING,1,PLASTIC,5.54,Zone 2,6500,Kramat - JAKPUS,227370,slot-0bb,Cash on Delivery,5,242
Sample_Driver_8,0812-XXXX-XXXX,kecamatan jagakarsa,Customer_331,cust@XXXX.com,2026-04-01,"Anonymized Street, Jabodetabek",0812-XXXX-XXXX,Sample_Order_4,RETURNING,1,PLASTIC,4.79,Zone 2,6500,Kramat - JAKPUS,162800,slot-2,MANDIRI VA Transferpay!,4,99
Sample_Driver_9,0812-XXXX-XXXX,cikarang selatan,Customer_332,cust@XXXX.com,2026-04-01,"Anonymized Street, Jabodetabek",0812-XXXX-XXXX,Sample_Order_0,RETURNING,1,PLASTIC,5.54,Zone 2,6500,Kramat - JAKPUS,227370,slot-1bb,Cash on Delivery,5,242
3PLC-DRIVER-2,0812-XXXX-XXXX,kecamatan jagakarsa,Customer_333,cust@XXXX.com,2026-04-01,"Anonymized Street, Jabodetabek",0812-XXXX-XXXX,Sample_Order_7,RETURNING,1,HALF MEDIUM BOX,7.41,Zone 3,7000,Satellite HUB Karawaci,126300,slot-1,Credit Card,2,34
3PLB-DRIVER-2,0812-XXXX-XXXX,kecamatan pademangan,Customer_334,cust@XXXX.com,2026-04-01,"Anonymized Street, Jabodetabek",0812-XXXX-XXXX,Sample_Order_4,RETURNING,1,PLASTIC,4.79,Zone 2,6500,Kramat - JAKPUS,162800,slot-sameday03,MANDIRI VA Transferpay!,4,99
3PLB-DRIVER-2,0812-XXXX-XXXX,kecamatan pademangan,Customer_335,cust@XXXX.com,2026-04-01,"Anonymized Street, Jabodetabek",0812-XXXX-XXXX,Sample_Order_4,RETURNING,1,PLASTIC,4.79,Zone 2,6500,Kramat - JAKPUS,162800,slot-sameday,MANDIRI VA Transferpay!,4,99
3PLA-DRIVER-2,0812-XXXX-XXXX,kecamatan setiabudi,Customer_336,cust@XXXX.com,2026-04-01,"Anonymized Street, Jabodetabek",0812-XXXX-XXXX,Sample_Order_4,RETURNING,1,PLASTIC,4.79,Zone 2,6500,Kramat - JAKPUS,162800,slot-0bb,MANDIRI VA Transferpay!,4,99
3PLA-DRIVER-1,0812-XXXX-XXXX,kecamatan jagakarsa,Customer_337,cust@XXXX.com,2026-04-01,"Anonymized Street, Jabodetabek",0812-XXXX-XXXX,Sample_Order_7,RETURNING,1,HALF MEDIUM BOX,7.41,Zone 3,7000,Satellite HUB Karawaci,126300,slot-0,Credit Card,2,34
3PLB-DRIVER-3,0812-XXXX-XXXX,kecamatan penjaringan,Customer_338,cust@XXXX.com,2026-04-01,"Anonymized Street, Jabodetabek",0812-XXXX-XXXX,Sample_Order_3,RETURNING,1,PLASTIC,6.8,Zone 3,7000,Kembangan - JAKBAR,151710,slot-0,ShopeePay,4,197
3PLB-DRIVER-2,0812-XXXX-XXXX,kecamatan setiabudi,Customer_339,cust@XXXX.com,2026-04-01,"Anonymized Street, Jabodetabek",0812-XXXX-XXXX,Sample_Order_1,RETURNING,1,HALF MEDIUM BOX,11.13,Zone 4,11000,Bintaro - TANGSEL,116100,slot-0bb,OVO Wallet,2,85
3PLA-DRIVER-2,0812-XXXX-XXXX,cikarang selatan,Customer_340,cust@XXXX.com,2026-04-01,"Anonymized Street, Jabodetabek",0812-XXXX-XXXX,Sample_Order_5,,1,,8.03,Zone 3,7000,Kramat - JAKPUS,273600,slot-sameday03,Cash on Delivery,5,276
3PLB-DRIVER-1,0812-XXXX-XXXX,kecamatan jagakarsa,Customer_341,cust@XXXX.com,2026-04-01,"Anonymized Street, Jabodetabek",0812-XXXX-XXXX,Sample_Order_4,RETURNING,1,PLASTIC,4.79,Zone 2,6500,Kramat - JAKPUS,162800,slot-13,MANDIRI VA Transferpay!,4,99
3PLB-DRIVER-2,0812-XXXX-XXXX,kecamatan setiabudi,Customer_342,cust@XXXX.com,2026-04-01,"Anonymized Street, Jabodetabek",0812-XXXX-XXXX,Sample_Order_5,,1,,8.03,Zone 3,7000,Kramat - JAKPUS,273600,slot-sameday,Cash on Delivery,5,276
3PLA-DRIVER-2,0812-XXXX-XXXX,kecamatan parung panjang,Customer_343,cust@XXXX.com,2026-04-01,"Anonymized Street, Jabodetabek",0812-XXXX-XXXX,Sample_Order_6,NEW,1,MEDIUM BOX,9.05,Zone 4,11000,Cibitung - KAB BEKASI,169800,slot-0,Cash on Delivery,5,33
3PLB-DRIVER-1,0812-XXXX-XXXX,kecamatan pademangan,Customer_344,cust@XXXX.com,2026-04-01,"Anonymized Street, Jabodetabek",0812-XXXX-XXXX,Sample_Order_4,RETURNING,1,PLASTIC,4.79,Zone 2,6500,Kramat - JAKPUS,162800,slot-1bb,MANDIRI VA Transferpay!,4,99
3PLB-DRIVER-3,0812-XXXX-XXXX,cikarang selatan,Customer_345,cust@XXXX.com,2026-04-01,"Anonymized Street, Jabodetabek",0812-XXXX-XXXX,Sample_Order_6,NEW,1,MEDIUM BOX,9.05,Zone 4,11000,Cibitung - KAB BEKASI,169800,slot-1bb,Cash on Delivery,5,33
3PLA-DRIVER-1,0812-XXXX-XXXX,sepatan,Customer_346,cust@XXXX.com,2026-04-01,"Anonymized Street, Jabodetabek",0812-XXXX-XXXX,Sample_Order_0,RETURNING,1,PLASTIC,5.54,Zone 2,6500,Kramat - JAKPUS,227370,slot-0bb,Cash on Delivery,5,242
Sample_Driver_9,0812-XXXX-XXXX,kecamatan pademangan,Customer_347,cust@XXXX.com,2026-04-01,"Anonymized Street, Jabodetabek",0812-XXXX-XXXX,Sample_Order_2,RETURNING,1,PLASTIC,7.03,Zone 3,7000,Kembangan - JAKBAR,624450,slot-13,Credit Card,8,24
3PLB-DRIVER-1,0812-XXXX-XXXX,kecamatan jatinegara,Customer_348,cust@XXXX.com,2026-04-01,"Anonymized Street, Jabodetabek",0812-XXXX-XXXX,Sample_Order_2,RETURNING,1,PLASTIC,7.03,Zone 3,7000,Kembangan - JAKBAR,624450,slot-1bb,Credit Card,8,24
3PLB-DRIVER-2,0812-XXXX-XXXX,kecamatan pinang,Customer_349,cust@XXXX.com,2026-04-01,"Anonymized Street, Jabodetabek",0812-XXXX-XXXX,Sample_Order_1,RETURNING,1,HALF MEDIUM BOX,11.13,Zone 4,11000,Bintaro - TANGSEL,116100,slot-sameday03,OVO Wallet,2,85
Sample_Driver_8,0812-XXXX-XXXX,kecamatan jagakarsa,Customer_350,cust@XXXX.com,2026-04-01,"Anonymized Street, Jabodetabek",0812-XXXX-XXXX,Sample_Order_8,RETURNING,1,HALF MEDIUM BOX,3.65,Zone 2,6500,Beji - Depok,78200,slot-0,GO-PAY Wallet,2,111
3PLB-DRIVER-3,0812-XXXX-XXXX,cikarang selatan,Customer_351,cust@XXXX.com,2026-04-01,"Anonymized Street, Jabodetabek",0812-XXXX-XXXX,Sample_Order_6,NEW,1,MEDIUM BOX,9.05,Zone 4,11000,Cibitung - KAB BEKASI,169800,slot-0bb,Cash on Delivery,5,33
Sample_Driver_9,0812-XXXX-XXXX,kecamatan jatinegara,Customer_352,cust@XXXX.com,2026-04-01,"Anonymized Street, Jabodetabek",0812-XXXX-XXXX,Sample_Order_2,RETURNING,1,PLASTIC,7.03,Zone 3,7000,Kembangan - JAKBAR,624450,slot-13,Credit Card,8,24
3PLA-DRIVER-1,0812-XXXX-XXXX,kecamatan pinang,Customer_353,cust@XXXX.com,2026-04-01,"Anonymized Street, Jabodetabek",0812-XXXX-XXXX,Sample_Order_1,RETURNING,1,HALF MEDIUM BOX,11.13,Zone 4,11000,Bintaro - TANGSEL,116100,slot-0bb,OVO Wallet,2,85
3PLB-DRIVER-3,0812-XXXX-XXXX,kecamatan pademangan,Customer_354,cust@XXXX.com,2026-04-01,"Anonymized Street, Jabodetabek",0812-XXXX-XXXX,Sample_Order_4,RETURNING,1,PLASTIC,4.79,Zone 2,6500,Kramat - JAKPUS,162800,slot-2,MANDIRI VA Transferpay!,4,99
3PLC-DRIVER-1,0812-XXXX-XXXX,kecamatan grogol petamburan,Customer_355,cust@XXXX.com,2026-04-01,"Anonymized Street, Jabodetabek",0812-XXXX-XXXX,Sample_Order_5,,1,,8.03,Zone 3,7000,Kramat - JAKPUS,273600,slot-13,Cash on Delivery,5,276
3PLB-DRIVER-1,0812-XXXX-XXXX,kecamatan pinang,Customer_356,cust@XXXX.com,2026-04-01,"Anonymized Street, Jabodetabek",0812-XXXX-XXXX,Sample_Order_7,RETURNING,1,HALF MEDIUM BOX,7.41,Zone 3,7000,Satellite HUB Karawaci,126300,slot-0bb,Credit Card,2,34
3PLB-DRIVER-2,0812-XXXX-XXXX,kecamatan pademangan,Customer_357,cust@XXXX.com,2026-04-01,"Anonymized Street, Jabodetabek",0812-XXXX-XXXX,Sample_Order_3,RETURNING,1,PLASTIC,6.8,Zone 3,7000,Kembangan - JAKBAR,151710,slot-sameday,ShopeePay,4,197
3PLA-DRIVER-2,0812-XXXX-XXXX,sepatan,Customer_358,cust@XXXX.com,2026-04-01,"Anonymized Street, Jabodetabek",0812-XXXX-XXXX,Sample_Order_8,RETURNING,1,HALF MEDIUM BOX,3.65,Zone 2,6500,Beji - Depok,78200,slot-1bb,GO-PAY Wallet,2,111
3PLC-DRIVER-2,0812-XXXX-XXXX,kecamatan pademangan,Customer_359,cust@XXXX.com,2026-04-01,"Anonymized Street, Jabodetabek",0812-XXXX-XXXX,Sample_Order_3,RETURNING,1,PLASTIC,6.8,Zone 3,7000,Kembangan - JAKBAR,151710,slot-1,ShopeePay,4,197
Sample_Driver_8,0812-XXXX-XXXX,kecamatan jagakarsa,Customer_360,cust@XXXX.com,2026-04-01,"Anonymized Street, Jabodetabek",0812-XXXX-XXXX,Sample_Order_7,RETURNING,1,HALF MEDIUM BOX,7.41,Zone 3,7000,Satellite HUB Karawaci,126300,slot-sameday,Credit Card,2,34
Sample_Driver_9,0812-XXXX-XXXX,sepatan,Customer_361,cust@XXXX.com,2026-04-01,"Anonymized Street, Jabodetabek",0812-XXXX-XXXX,Sample_Order_6,NEW,1,MEDIUM BOX,9.05,Zone 4,11000,Cibitung - KAB BEKASI,169800,slot-0bb,Cash on Delivery,5,33
Sample_Driver_8,0812-XXXX-XXXX,kecamatan grogol petamburan,Customer_362,cust@XXXX.com,2026-04-01,"Anonymized Street, Jabodetabek",0812-XXXX-XXXX,Sample_Order_6,NEW,1,MEDIUM BOX,9.05,Zone 4,11000,Cibitung - KAB BEKASI,169800,slot-sameday03,Cash on Delivery,5,33
3PLC-DRIVER-2,0812-XXXX-XXXX,kecamatan parung panjang,Customer_363,cust@XXXX.com,2026-04-01,"Anonymized Street, Jabodetabek",0812-XXXX-XXXX,Sample_Order_9,RETURNING,1,HALF MEDIUM BOX,6.9,Zone 3,7000,Kramat - JAKPUS,126900,slot-1,Credit Card,4,90
3PLC-DRIVER-2,0812-XXXX-XXXX,cikarang selatan,Customer_364,cust@XXXX.com,2026-04-01,"Anonymized Street, Jabodetabek",0812-XXXX-XXXX,Sample_Order_7,RETURNING,1,HALF MEDIUM BOX,7.41,Zone 3,7000,Satellite HUB Karawaci,126300,slot-sameday,Credit Card,2,34
Sample_Driver_9,0812-XXXX-XXXX,sepatan,Customer_365,cust@XXXX.com,2026-04-01,"Anonymized Street, Jabodetabek",0812-XXXX-XXXX,Sample_Order_9,RETURNING,1,HALF MEDIUM BOX,6.9,Zone 3,7000,Kramat - JAKPUS,126900,slot-sameday03,Credit Card,4,90
3PLC-DRIVER-2,0812-XXXX-XXXX,kecamatan jagakarsa,Customer_366,cust@XXXX.com,2026-04-01,"Anonymized Street, Jabodetabek",0812-XXXX-XXXX,Sample_Order_1,RETURNING,1,HALF MEDIUM BOX,11.13,Zone 4,11000,Bintaro - TANGSEL,116100,slot-1,OVO Wallet,2,85
Sample_Driver_8,0812-XXXX-XXXX,kecamatan pinang,Customer_367,cust@XXXX.com,2026-04-01,"Anonymized Street, Jabodetabek",0812-XXXX-XXXX,Sample_Order_5,,1,,8.03,Zone 3,7000,Kramat - JAKPUS,273600,slot-0,Cash on Delivery,5,276
3PLB-DRIVER-1,0812-XXXX-XXXX,kecamatan pademangan,Customer_368,cust@XXXX.com,2026-04-01,"Anonymized Street, Jabodetabek",0812-XXXX-XXXX,Sample_Order_4,RETURNING,1,PLASTIC,4.79,Zone 2,6500,Kramat - JAKPUS,162800,slot-0,MANDIRI VA Transferpay!,4,99
Sample_Driver_9,0812-XXXX-XXXX,sepatan,Customer_369,cust@XXXX.com,2026-04-01,"Anonymized Street, Jabodetabek",0812-XXXX-XXXX,Sample_Order_7,RETURNING,1,HALF MEDIUM BOX,7.41,Zone 3,7000,Satellite HUB Karawaci,126300,slot-1,Credit Card,2,34
3PLA-DRIVER-1,0812-XXXX-XXXX,kecamatan jatinegara,Customer_370,cust@XXXX.com,2026-04-01,"Anonymized Street, Jabodetabek",0812-XXXX-XXXX,Sample_Order_8,RETURNING,1,HALF MEDIUM BOX,3.65,Zone 2,6500,Beji - Depok,78200,slot-13,GO-PAY Wallet,2,111
3PLB-DRIVER-3,0812-XXXX-XXXX,cikarang selatan,Customer_371,cust@XXXX.com,2026-04-01,"Anonymized Street, Jabodetabek",0812-XXXX-XXXX,Sample_Order_4,RETURNING,1,PLASTIC,4.79,Zone 2,6500,Kramat - JAKPUS,162800,slot-0,MANDIRI VA Transferpay!,4,99
3PLC-DRIVER-2,0812-XXXX-XXXX,kecamatan jatinegara,Customer_372,cust@XXXX.com,2026-04-01,"Anonymized Street, Jabodetabek",0812-XXXX-XXXX,Sample_Order_2,RETURNING,1,PLASTIC,7.03,Zone 3,7000,Kembangan - JAKBAR,624450,slot-2,Credit Card,8,24
3PLA-DRIVER-1,0812-XXXX-XXXX,sepatan,Customer_373,cust@XXXX.com,2026-04-01,"Anonymized Street, Jabodetabek",0812-XXXX-XXXX,Sample_Order_2,RETURNING,1,PLASTIC,7.03,Zone 3,7000,Kembangan - JAKBAR,624450,slot-0bb,Credit Card,8,24
3PLB-DRIVER-3,0812-XXXX-XXXX,kecamatan parung panjang,Customer_374,cust@XXXX.com,2026-04-01,"Anonymized Street, Jabodetabek",0812-XXXX-XXXX,Sample_Order_6,NEW,1,MEDIUM BOX,9.05,Zone 4,11000,Cibitung - KAB BEKASI,169800,slot-sameday,Cash on Delivery,5,33
3PLB-DRIVER-1,0812-XXXX-XXXX,kecamatan parung panjang,Customer_375,cust@XXXX.com,2026-04-01,"Anonymized Street, Jabodetabek",0812-XXXX-XXXX,Sample_Order_3,RETURNING,1,PLASTIC,6.8,Zone 3,7000,Kembangan - JAKBAR,151710,slot-2,ShopeePay,4,197
Sample_Driver_9,0812-XXXX-XXXX,kecamatan penjaringan,Customer_376,cust@XXXX.com,2026-04-01,"Anonymized Street, Jabodetabek",0812-XXXX-XXXX,Sample_Order_4,RETURNING,1,PLASTIC,4.79,Zone 2,6500,Kramat - JAKPUS,162800,slot-1bb,MANDIRI VA Transferpay!,4,99
3PLC-DRIVER-1,0812-XXXX-XXXX,kecamatan jagakarsa,Customer_377,cust@XXXX.com,2026-04-01,"Anonymized Street, Jabodetabek",0812-XXXX-XXXX,Sample_Order_7,RETURNING,1,HALF MEDIUM BOX,7.41,Zone 3,7000,Satellite HUB Karawaci,126300,slot-0,Credit Card,2,34
3PLB-DRIVER-3,0812-XXXX-XXXX,kecamatan penjaringan,Customer_378,cust@XXXX.com,2026-04-01,"Anonymized Street, Jabodetabek",0812-XXXX-XXXX,Sample_Order_9,RETURNING,1,HALF MEDIUM BOX,6.9,Zone 3,7000,Kramat - JAKPUS,126900,slot-2,Credit Card,4,90
3PLA-DRIVER-2,0812-XXXX-XXXX,kecamatan pinang,Customer_379,cust@XXXX.com,2026-04-01,"Anonymized Street, Jabodetabek",0812-XXXX-XXXX,Sample_Order_9,RETURNING,1,HALF MEDIUM BOX,6.9,Zone 3,7000,Kramat - JAKPUS,126900,slot-13,Credit Card,4,90
3PLC-DRIVER-2,0812-XXXX-XXXX,cikarang selatan,Customer_380,cust@XXXX.com,2026-04-01,"Anonymized Street, Jabodetabek",0812-XXXX-XXXX,Sample_Order_9,RETURNING,1,HALF MEDIUM BOX,6.9,Zone 3,7000,Kramat - JAKPUS,126900,slot-0,Credit Card,4,90
Sample_Driver_9,0812-XXXX-XXXX,kecamatan setiabudi,Customer_381,cust@XXXX.com,2026-04-01,"Anonymized Street, Jabodetabek",0812-XXXX-XXXX,Sample_Order_5,,1,,8.03,Zone 3,7000,Kramat - JAKPUS,273600,slot-1bb,Cash on Delivery,5,276
3PLC-DRIVER-2,0812-XXXX-XXXX,kecamatan jagakarsa,Customer_382,cust@XXXX.com,2026-04-01,"Anonymized Street, Jabodetabek",0812-XXXX-XXXX,Sample_Order_0,RETURNING,1,PLASTIC,5.54,Zone 2,6500,Kramat - JAKPUS,227370,slot-sameday03,Cash on Delivery,5,242
Sample_Driver_8,0812-XXXX-XXXX,sepatan,Customer_383,cust@XXXX.com,2026-04-01,"Anonymized Street, Jabodetabek",0812-XXXX-XXXX,Sample_Order_8,RETURNING,1,HALF MEDIUM BOX,3.65,Zone 2,6500,Beji - Depok,78200,slot-0,GO-PAY Wallet,2,111
3PLA-DRIVER-1,0812-XXXX-XXXX,cikarang selatan,Customer_384,cust@XXXX.com,2026-04-01,"Anonymized Street, Jabodetabek",0812-XXXX-XXXX,Sample_Order_5,,1,,8.03,Zone 3,7000,Kramat - JAKPUS,273600,slot-2,Cash on Delivery,5,276
3PLA-DRIVER-2,0812-XXXX-XXXX,kecamatan pademangan,Customer_385,cust@XXXX.com,2026-04-01,"Anonymized Street, Jabodetabek",0812-XXXX-XXXX,Sample_Order_3,RETURNING,1,PLASTIC,6.8,Zone 3,7000,Kembangan - JAKBAR,151710,slot-1,ShopeePay,4,197
3PLB-DRIVER-2,0812-XXXX-XXXX,kecamatan jagakarsa,Customer_386,cust@XXXX.com,2026-04-01,"Anonymized Street, Jabodetabek",0812-XXXX-XXXX,Sample_Order_9,RETURNING,1,HALF MEDIUM BOX,6.9,Zone 3,7000,Kramat - JAKPUS,126900,slot-sameday03,Credit Card,4,90
3PLB-DRIVER-3,0812-XXXX-XXXX,kecamatan pinang,Customer_387,cust@XXXX.com,2026-04-01,"Anonymized Street, Jabodetabek",0812-XXXX-XXXX,Sample_Order_7,RETURNING,1,HALF MEDIUM BOX,7.41,Zone 3,7000,Satellite HUB Karawaci,126300,slot-0,Credit Card,2,34
Sample_Driver_8,0812-XXXX-XXXX,kecamatan parung panjang,Customer_388,cust@XXXX.com,2026-04-01,"Anonymized Street, Jabodetabek",0812-XXXX-XXXX,Sample_Order_2,RETURNING,1,PLASTIC,7.03,Zone 3,7000,Kembangan - JAKBAR,624450,slot-sameday03,Credit Card,8,24
3PLA-DRIVER-2,0812-XXXX-XXXX,sepatan,Customer_389,cust@XXXX.com,2026-04-01,"Anonymized Street, Jabodetabek",0812-XXXX-XXXX,Sample_Order_8,RETURNING,1,HALF MEDIUM BOX,3.65,Zone 2,6500,Beji - Depok,78200,slot-13,GO-PAY Wallet,2,111
Sample_Driver_9,0812-XXXX-XXXX,kecamatan grogol petamburan,Customer_390,cust@XXXX.com,2026-04-01,"Anonymized Street, Jabodetabek",0812-XXXX-XXXX,Sample_Order_9,RETURNING,1,HALF MEDIUM BOX,6.9,Zone 3,7000,Kramat - JAKPUS,126900,slot-0,Credit Card,4,90
3PLB-DRIVER-2,0812-XXXX-XXXX,kecamatan jatinegara,Customer_391,cust@XXXX.com,2026-04-01,"Anonymized Street, Jabodetabek",0812-XXXX-XXXX,Sample_Order_0,RETURNING,1,PLASTIC,5.54,Zone 2,6500,Kramat - JAKPUS,227370,slot-1,Cash on Delivery,5,242
3PLC-DRIVER-2,0812-XXXX-XXXX,kecamatan pademangan,Customer_392,cust@XXXX.com,2026-04-01,"Anonymized Street, Jabodetabek",0812-XXXX-XXXX,Sample_Order_6,NEW,1,MEDIUM BOX,9.05,Zone 4,11000,Cibitung - KAB BEKASI,169800,slot-2,Cash on Delivery,5,33
Sample_Driver_8,0812-XXXX-XXXX,kecamatan pinang,Customer_393,cust@XXXX.com,2026-04-01,"Anonymized Street, Jabodetabek",0812-XXXX-XXXX,Sample_Order_2,RETURNING,1,PLASTIC,7.03,Zone 3,7000,Kembangan - JAKBAR,624450,slot-1bb,Credit Card,8,24
3PLC-DRIVER-1,0812-XXXX-XXXX,kecamatan jagakarsa,Customer_394,cust@XXXX.com,2026-04-01,"Anonymized Street, Jabodetabek",0812-XXXX-XXXX,Sample_Order_8,RETURNING,1,HALF MEDIUM BOX,3.65,Zone 2,6500,Beji - Depok,78200,slot-1bb,GO-PAY Wallet,2,111
3PLA-DRIVER-2,0812-XXXX-XXXX,sepatan,Customer_395,cust@XXXX.com,2026-04-01,"Anonymized Street, Jabodetabek",0812-XXXX-XXXX,Sample_Order_7,RETURNING,1,HALF MEDIUM BOX,7.41,Zone 3,7000,Satellite HUB Karawaci,126300,slot-sameday,Credit Card,2,34
3PLA-DRIVER-2,0812-XXXX-XXXX,kecamatan grogol petamburan,Customer_396,cust@XXXX.com,2026-04-01,"Anonymized Street, Jabodetabek",0812-XXXX-XXXX,Sample_Order_7,RETURNING,1,HALF MEDIUM BOX,7.41,Zone 3,7000,Satellite HUB Karawaci,126300,slot-sameday03,Credit Card,2,34
3PLB-DRIVER-2,0812-XXXX-XXXX,kecamatan parung panjang,Customer_397,cust@XXXX.com,2026-04-01,"Anonymized Street, Jabodetabek",0812-XXXX-XXXX,Sample_Order_1,RETURNING,1,HALF MEDIUM BOX,11.13,Zone 4,11000,Bintaro - TANGSEL,116100,slot-2,OVO Wallet,2,85
3PLB-DRIVER-2,0812-XXXX-XXXX,kecamatan setiabudi,Customer_398,cust@XXXX.com,2026-04-01,"Anonymized Street, Jabodetabek",0812-XXXX-XXXX,Sample_Order_3,RETURNING,1,PLASTIC,6.8,Zone 3,7000,Kembangan - JAKBAR,151710,slot-0bb,ShopeePay,4,197
3PLA-DRIVER-1,0812-XXXX-XXXX,kecamatan jatinegara,Customer_399,cust@XXXX.com,2026-04-01,"Anonymized Street, Jabodetabek",0812-XXXX-XXXX,Sample_Order_4,RETURNING,1,PLASTIC,4.79,Zone 2,6500,Kramat - JAKPUS,162800,slot-sameday,MANDIRI VA Transferpay!,4,99
3PLC-DRIVER-2,0812-XXXX-XXXX,kecamatan setiabudi,Customer_400,cust@XXXX.com,2026-04-01,"Anonymized Street, Jabodetabek",0812-XXXX-XXXX,Sample_Order_2,RETURNING,1,PLASTIC,7.03,Zone 3,7000,Kembangan - JAKBAR,624450,slot-13,Credit Card,8,24
3PLB-DRIVER-2,0812-XXXX-XXXX,kecamatan parung panjang,Customer_401,cust@XXXX.com,2026-04-01,"Anonymized Street, Jabodetabek",0812-XXXX-XXXX,Sample_Order_8,RETURNING,1,HALF MEDIUM BOX,3.65,Zone 2,6500,Beji - Depok,78200,slot-1,GO-PAY Wallet,2,111
3PLC-DRIVER-1,0812-XXXX-XXXX,kecamatan penjaringan,Customer_402,cust@XXXX.com,2026-04-01,"Anonymized Street, Jabodetabek",0812-XXXX-XXXX,Sample_Order_4,RETURNING,1,PLASTIC,4.79,Zone 2,6500,Kramat - JAKPUS,162800,slot-1bb,MANDIRI VA Transferpay!,4,99
3PLA-DRIVER-2,0812-XXXX-XXXX,kecamatan setiabudi,Customer_403,cust@XXXX.com,2026-04-01,"Anonymized Street, Jabodetabek",0812-XXXX-XXXX,Sample_Order_1,RETURNING,1,HALF MEDIUM BOX,11.13,Zone 4,11000,Bintaro - TANGSEL,116100,slot-1bb,OVO Wallet,2,85
3PLB-DRIVER-2,0812-XXXX-XXXX,kecamatan jagakarsa,Customer_404,cust@XXXX.com,2026-04-01,"Anonymized Street, Jabodetabek",0812-XXXX-XXXX,Sample_Order_7,RETURNING,1,HALF MEDIUM BOX,7.41,Zone 3,7000,Satellite HUB Karawaci,126300,slot-2,Credit Card,2,34
3PLA-DRIVER-1,0812-XXXX-XXXX,kecamatan pinang,Customer_405,cust@XXXX.com,2026-04-01,"Anonymized Street, Jabodetabek",0812-XXXX-XXXX,Sample_Order_4,RETURNING,1,PLASTIC,4.79,Zone 2,6500,Kramat - JAKPUS,162800,slot-2,MANDIRI VA Transferpay!,4,99
3PLB-DRIVER-3,0812-XXXX-XXXX,kecamatan penjaringan,Customer_406,cust@XXXX.com,2026-04-01,"Anonymized Street, Jabodetabek",0812-XXXX-XXXX,Sample_Order_0,RETURNING,1,PLASTIC,5.54,Zone 2,6500,Kramat - JAKPUS,227370,slot-0,Cash on Delivery,5,242
3PLA-DRIVER-2,0812-XXXX-XXXX,kecamatan pinang,Customer_407,cust@XXXX.com,2026-04-01,"Anonymized Street, Jabodetabek",0812-XXXX-XXXX,Sample_Order_9,RETURNING,1,HALF MEDIUM BOX,6.9,Zone 3,7000,Kramat - JAKPUS,126900,slot-sameday03,Credit Card,4,90
3PLC-DRIVER-2,0812-XXXX-XXXX,kecamatan setiabudi,Customer_408,cust@XXXX.com,2026-04-01,"Anonymized Street, Jabodetabek",0812-XXXX-XXXX,Sample_Order_7,RETURNING,1,HALF MEDIUM BOX,7.41,Zone 3,7000,Satellite HUB Karawaci,126300,slot-sameday,Credit Card,2,34
Sample_Driver_8,0812-XXXX-XXXX,kecamatan pinang,Customer_409,cust@XXXX.com,2026-04-01,"Anonymized Street, Jabodetabek",0812-XXXX-XXXX,Sample_Order_7,RETURNING,1,HALF MEDIUM BOX,7.41,Zone 3,7000,Satellite HUB Karawaci,126300,slot-sameday,Credit Card,2,34
Sample_Driver_9,0812-XXXX-XXXX,kecamatan jatinegara,Customer_410,cust@XXXX.com,2026-04-01,"Anonymized Street, Jabodetabek",0812-XXXX-XXXX,Sample_Order_0,RETURNING,1,PLASTIC,5.54,Zone 2,6500,Kramat - JAKPUS,227370,slot-0bb,Cash on Delivery,5,242
Sample_Driver_8,0812-XXXX-XXXX,kecamatan pademangan,Customer_411,cust@XXXX.com,2026-04-01,"Anonymized Street, Jabodetabek",0812-XXXX-XXXX,Sample_Order_0,RETURNING,1,PLASTIC,5.54,Zone 2,6500,Kramat - JAKPUS,227370,slot-sameday03,Cash on Delivery,5,242
3PLA-DRIVER-2,0812-XXXX-XXXX,kecamatan pademangan,Customer_412,cust@XXXX.com,2026-04-01,"Anonymized Street, Jabodetabek",0812-XXXX-XXXX,Sample_Order_5,,1,,8.03,Zone 3,7000,Kramat - JAKPUS,273600,slot-sameday03,Cash on Delivery,5,276
3PLB-DRIVER-1,0812-XXXX-XXXX,kecamatan jagakarsa,Customer_413,cust@XXXX.com,2026-04-01,"Anonymized Street, Jabodetabek",0812-XXXX-XXXX,Sample_Order_7,RETURNING,1,HALF MEDIUM BOX,7.41,Zone 3,7000,Satellite HUB Karawaci,126300,slot-1bb,Credit Card,2,34
3PLA-DRIVER-1,0812-XXXX-XXXX,cikarang selatan,Customer_414,cust@XXXX.com,2026-04-01,"Anonymized Street, Jabodetabek",0812-XXXX-XXXX,Sample_Order_3,RETURNING,1,PLASTIC,6.8,Zone 3,7000,Kembangan - JAKBAR,151710,slot-0,ShopeePay,4,197
Sample_Driver_8,0812-XXXX-XXXX,kecamatan grogol petamburan,Customer_415,cust@XXXX.com,2026-04-01,"Anonymized Street, Jabodetabek",0812-XXXX-XXXX,Sample_Order_0,RETURNING,1,PLASTIC,5.54,Zone 2,6500,Kramat - JAKPUS,227370,slot-2,Cash on Delivery,5,242
3PLB-DRIVER-3,0812-XXXX-XXXX,cikarang selatan,Customer_416,cust@XXXX.com,2026-04-01,"Anonymized Street, Jabodetabek",0812-XXXX-XXXX,Sample_Order_5,,1,,8.03,Zone 3,7000,Kramat - JAKPUS,273600,slot-sameday03,Cash on Delivery,5,276
3PLC-DRIVER-2,0812-XXXX-XXXX,kecamatan penjaringan,Customer_417,cust@XXXX.com,2026-04-01,"Anonymized Street, Jabodetabek",0812-XXXX-XXXX,Sample_Order_3,RETURNING,1,PLASTIC,6.8,Zone 3,7000,Kembangan - JAKBAR,151710,slot-1,ShopeePay,4,197
3PLA-DRIVER-1,0812-XXXX-XXXX,cikarang selatan,Customer_418,cust@XXXX.com,2026-04-01,"Anonymized Street, Jabodetabek",0812-XXXX-XXXX,Sample_Order_2,RETURNING,1,PLASTIC,7.03,Zone 3,7000,Kembangan - JAKBAR,624450,slot-0bb,Credit Card,8,24
3PLC-DRIVER-2,0812-XXXX-XXXX,kecamatan penjaringan,Customer_419,cust@XXXX.com,2026-04-01,"Anonymized Street, Jabodetabek",0812-XXXX-XXXX,Sample_Order_1,RETURNING,1,HALF MEDIUM BOX,11.13,Zone 4,11000,Bintaro - TANGSEL,116100,slot-0bb,OVO Wallet,2,85
3PLB-DRIVER-1,0812-XXXX-XXXX,kecamatan jatinegara,Customer_420,cust@XXXX.com,2026-04-01,"Anonymized Street, Jabodetabek",0812-XXXX-XXXX,Sample_Order_9,RETURNING,1,HALF MEDIUM BOX,6.9,Zone 3,7000,Kramat - JAKPUS,126900,slot-13,Credit Card,4,90
3PLB-DRIVER-2,0812-XXXX-XXXX,kecamatan jatinegara,Customer_421,cust@XXXX.com,2026-04-01,"Anonymized Street, Jabodetabek",0812-XXXX-XXXX,Sample_Order_9,RETURNING,1,HALF MEDIUM BOX,6.9,Zone 3,7000,Kramat - JAKPUS,126900,slot-0,Credit Card,4,90
Sample_Driver_8,0812-XXXX-XXXX,kecamatan setiabudi,Customer_422,cust@XXXX.com,2026-04-01,"Anonymized Street, Jabodetabek",0812-XXXX-XXXX,Sample_Order_1,RETURNING,1,HALF MEDIUM BOX,11.13,Zone 4,11000,Bintaro - TANGSEL,116100,slot-sameday,OVO Wallet,2,85
3PLA-DRIVER-2,0812-XXXX-XXXX,kecamatan penjaringan,Customer_423,cust@XXXX.com,2026-04-01,"Anonymized Street, Jabodetabek",0812-XXXX-XXXX,Sample_Order_8,RETURNING,1,HALF MEDIUM BOX,3.65,Zone 2,6500,Beji - Depok,78200,slot-1bb,GO-PAY Wallet,2,111
Sample_Driver_9,0812-XXXX-XXXX,sepatan,Customer_424,cust@XXXX.com,2026-04-01,"Anonymized Street, Jabodetabek",0812-XXXX-XXXX,Sample_Order_9,RETURNING,1,HALF MEDIUM BOX,6.9,Zone 3,7000,Kramat - JAKPUS,126900,slot-sameday,Credit Card,4,90
3PLB-DRIVER-3,0812-XXXX-XXXX,sepatan,Customer_425,cust@XXXX.com,2026-04-01,"Anonymized Street, Jabodetabek",0812-XXXX-XXXX,Sample_Order_5,,1,,8.03,Zone 3,7000,Kramat - JAKPUS,273600,slot-13,Cash on Delivery,5,276
3PLB-DRIVER-1,0812-XXXX-XXXX,kecamatan penjaringan,Customer_426,cust@XXXX.com,2026-04-01,"Anonymized Street, Jabodetabek",0812-XXXX-XXXX,Sample_Order_2,RETURNING,1,PLASTIC,7.03,Zone 3,7000,Kembangan - JAKBAR,624450,slot-0,Credit Card,8,24
Sample_Driver_8,0812-XXXX-XXXX,kecamatan pademangan,Customer_427,cust@XXXX.com,2026-04-01,"Anonymized Street, Jabodetabek",0812-XXXX-XXXX,Sample_Order_6,NEW,1,MEDIUM BOX,9.05,Zone 4,11000,Cibitung - KAB BEKASI,169800,slot-sameday03,Cash on Delivery,5,33
3PLC-DRIVER-1,0812-XXXX-XXXX,kecamatan grogol petamburan,Customer_428,cust@XXXX.com,2026-04-01,"Anonymized Street, Jabodetabek",0812-XXXX-XXXX,Sample_Order_9,RETURNING,1,HALF MEDIUM BOX,6.9,Zone 3,7000,Kramat - JAKPUS,126900,slot-0,Credit Card,4,90
3PLC-DRIVER-1,0812-XXXX-XXXX,kecamatan parung panjang,Customer_429,cust@XXXX.com,2026-04-01,"Anonymized Street, Jabodetabek",0812-XXXX-XXXX,Sample_Order_9,RETURNING,1,HALF MEDIUM BOX,6.9,Zone 3,7000,Kramat - JAKPUS,126900,slot-2,Credit Card,4,90
3PLB-DRIVER-1,0812-XXXX-XXXX,kecamatan penjaringan,Customer_430,cust@XXXX.com,2026-04-01,"Anonymized Street, Jabodetabek",0812-XXXX-XXXX,Sample_Order_3,RETURNING,1,PLASTIC,6.8,Zone 3,7000,Kembangan - JAKBAR,151710,slot-0,ShopeePay,4,197
3PLC-DRIVER-2,0812-XXXX-XXXX,kecamatan jagakarsa,Customer_431,cust@XXXX.com,2026-04-01,"Anonymized Street, Jabodetabek",0812-XXXX-XXXX,Sample_Order_6,NEW,1,MEDIUM BOX,9.05,Zone 4,11000,Cibitung - KAB BEKASI,169800,slot-sameday,Cash on Delivery,5,33
3PLB-DRIVER-1,0812-XXXX-XXXX,sepatan,Customer_432,cust@XXXX.com,2026-04-01,"Anonymized Street, Jabodetabek",0812-XXXX-XXXX,Sample_Order_5,,1,,8.03,Zone 3,7000,Kramat - JAKPUS,273600,slot-13,Cash on Delivery,5,276
3PLB-DRIVER-2,0812-XXXX-XXXX,sepatan,Customer_433,cust@XXXX.com,2026-04-01,"Anonymized Street, Jabodetabek",0812-XXXX-XXXX,Sample_Order_6,NEW,1,MEDIUM BOX,9.05,Zone 4,11000,Cibitung - KAB BEKASI,169800,slot-1bb,Cash on Delivery,5,33
Sample_Driver_9,0812-XXXX-XXXX,kecamatan pinang,Customer_434,cust@XXXX.com,2026-04-01,"Anonymized Street, Jabodetabek",0812-XXXX-XXXX,Sample_Order_6,NEW,1,MEDIUM BOX,9.05,Zone 4,11000,Cibitung - KAB BEKASI,169800,slot-0bb,Cash on Delivery,5,33
3PLA-DRIVER-1,0812-XXXX-XXXX,kecamatan jagakarsa,Customer_435,cust@XXXX.com,2026-04-01,"Anonymized Street, Jabodetabek",0812-XXXX-XXXX,Sample_Order_6,NEW,1,MEDIUM BOX,9.05,Zone 4,11000,Cibitung - KAB BEKASI,169800,slot-13,Cash on Delivery,5,33
3PLB-DRIVER-2,0812-XXXX-XXXX,cikarang selatan,Customer_436,cust@XXXX.com,2026-04-01,"Anonymized Street, Jabodetabek",0812-XXXX-XXXX,Sample_Order_7,RETURNING,1,HALF MEDIUM BOX,7.41,Zone 3,7000,Satellite HUB Karawaci,126300,slot-13,Credit Card,2,34
3PLC-DRIVER-2,0812-XXXX-XXXX,kecamatan pinang,Customer_437,cust@XXXX.com,2026-04-01,"Anonymized Street, Jabodetabek",0812-XXXX-XXXX,Sample_Order_5,,1,,8.03,Zone 3,7000,Kramat - JAKPUS,273600,slot-0,Cash on Delivery,5,276
3PLA-DRIVER-2,0812-XXXX-XXXX,kecamatan grogol petamburan,Customer_438,cust@XXXX.com,2026-04-01,"Anonymized Street, Jabodetabek",0812-XXXX-XXXX,Sample_Order_1,RETURNING,1,HALF MEDIUM BOX,11.13,Zone 4,11000,Bintaro - TANGSEL,116100,slot-1bb,OVO Wallet,2,85
3PLC-DRIVER-1,0812-XXXX-XXXX,cikarang selatan,Customer_439,cust@XXXX.com,2026-04-01,"Anonymized Street, Jabodetabek",0812-XXXX-XXXX,Sample_Order_7,RETURNING,1,HALF MEDIUM BOX,7.41,Zone 3,7000,Satellite HUB Karawaci,126300,slot-1,Credit Card,2,34
3PLB-DRIVER-2,0812-XXXX-XXXX,kecamatan pinang,Customer_440,cust@XXXX.com,2026-04-01,"Anonymized Street, Jabodetabek",0812-XXXX-XXXX,Sample_Order_6,NEW,1,MEDIUM BOX,9.05,Zone 4,11000,Cibitung - KAB BEKASI,169800,slot-13,Cash on Delivery,5,33
3PLC-DRIVER-2,0812-XXXX-XXXX,cikarang selatan,Customer_441,cust@XXXX.com,2026-04-01,"Anonymized Street, Jabodetabek",0812-XXXX-XXXX,Sample_Order_1,RETURNING,1,HALF MEDIUM BOX,11.13,Zone 4,11000,Bintaro - TANGSEL,116100,slot-0bb,OVO Wallet,2,85
Sample_Driver_9,0812-XXXX-XXXX,kecamatan pademangan,Customer_442,cust@XXXX.com,2026-04-01,"Anonymized Street, Jabodetabek",0812-XXXX-XXXX,Sample_Order_1,RETURNING,1,HALF MEDIUM BOX,11.13,Zone 4,11000,Bintaro - TANGSEL,116100,slot-0,OVO Wallet,2,85
3PLB-DRIVER-2,0812-XXXX-XXXX,sepatan,Customer_443,cust@XXXX.com,2026-04-01,"Anonymized Street, Jabodetabek",0812-XXXX-XXXX,Sample_Order_8,RETURNING,1,HALF MEDIUM BOX,3.65,Zone 2,6500,Beji - Depok,78200,slot-sameday,GO-PAY Wallet,2,111
3PLC-DRIVER-1,0812-XXXX-XXXX,cikarang selatan,Customer_444,cust@XXXX.com,2026-04-01,"Anonymized Street, Jabodetabek",0812-XXXX-XXXX,Sample_Order_2,RETURNING,1,PLASTIC,7.03,Zone 3,7000,Kembangan - JAKBAR,624450,slot-0bb,Credit Card,8,24
3PLB-DRIVER-3,0812-XXXX-XXXX,kecamatan setiabudi,Customer_445,cust@XXXX.com,2026-04-01,"Anonymized Street, Jabodetabek",0812-XXXX-XXXX,Sample_Order_6,NEW,1,MEDIUM BOX,9.05,Zone 4,11000,Cibitung - KAB BEKASI,169800,slot-13,Cash on Delivery,5,33
3PLA-DRIVER-2,0812-XXXX-XXXX,kecamatan jatinegara,Customer_446,cust@XXXX.com,2026-04-01,"Anonymized Street, Jabodetabek",0812-XXXX-XXXX,Sample_Order_2,RETURNING,1,PLASTIC,7.03,Zone 3,7000,Kembangan - JAKBAR,624450,slot-2,Credit Card,8,24
3PLB-DRIVER-2,0812-XXXX-XXXX,kecamatan jagakarsa,Customer_447,cust@XXXX.com,2026-04-01,"Anonymized Street, Jabodetabek",0812-XXXX-XXXX,Sample_Order_2,RETURNING,1,PLASTIC,7.03,Zone 3,7000,Kembangan - JAKBAR,624450,slot-0bb,Credit Card,8,24
3PLA-DRIVER-1,0812-XXXX-XXXX,kecamatan penjaringan,Customer_448,cust@XXXX.com,2026-04-01,"Anonymized Street, Jabodetabek",0812-XXXX-XXXX,Sample_Order_7,RETURNING,1,HALF MEDIUM BOX,7.41,Zone 3,7000,Satellite HUB Karawaci,126300,slot-0bb,Credit Card,2,34
Sample_Driver_8,0812-XXXX-XXXX,kecamatan parung panjang,Customer_449,cust@XXXX.com,2026-04-01,"Anonymized Street, Jabodetabek",0812-XXXX-XXXX,Sample_Order_2,RETURNING,1,PLASTIC,7.03,Zone 3,7000,Kembangan - JAKBAR,624450,slot-sameday03,Credit Card,8,24
3PLC-DRIVER-1,0812-XXXX-XXXX,kecamatan penjaringan,Customer_450,cust@XXXX.com,2026-04-01,"Anonymized Street, Jabodetabek",0812-XXXX-XXXX,Sample_Order_0,RETURNING,1,PLASTIC,5.54,Zone 2,6500,Kramat - JAKPUS,227370,slot-0bb,Cash on Delivery,5,242
3PLC-DRIVER-2,0812-XXXX-XXXX,kecamatan jagakarsa,Customer_451,cust@XXXX.com,2026-04-01,"Anonymized Street, Jabodetabek",0812-XXXX-XXXX,Sample_Order_3,RETURNING,1,PLASTIC,6.8,Zone 3,7000,Kembangan - JAKBAR,151710,slot-13,ShopeePay,4,197
3PLC-DRIVER-1,0812-XXXX-XXXX,kecamatan parung panjang,Customer_452,cust@XXXX.com,2026-04-01,"Anonymized Street, Jabodetabek",0812-XXXX-XXXX,Sample_Order_4,RETURNING,1,PLASTIC,4.79,Zone 2,6500,Kramat - JAKPUS,162800,slot-sameday03,MANDIRI VA Transferpay!,4,99
3PLC-DRIVER-2,0812-XXXX-XXXX,sepatan,Customer_453,cust@XXXX.com,2026-04-01,"Anonymized Street, Jabodetabek",0812-XXXX-XXXX,Sample_Order_9,RETURNING,1,HALF MEDIUM BOX,6.9,Zone 3,7000,Kramat - JAKPUS,126900,slot-1bb,Credit Card,4,90
3PLB-DRIVER-1,0812-XXXX-XXXX,kecamatan parung panjang,Customer_454,cust@XXXX.com,2026-04-01,"Anonymized Street, Jabodetabek",0812-XXXX-XXXX,Sample_Order_7,RETURNING,1,HALF MEDIUM BOX,7.41,Zone 3,7000,Satellite HUB Karawaci,126300,slot-1,Credit Card,2,34
Sample_Driver_8,0812-XXXX-XXXX,kecamatan parung panjang,Customer_455,cust@XXXX.com,2026-04-01,"Anonymized Street, Jabodetabek",0812-XXXX-XXXX,Sample_Order_1,RETURNING,1,HALF MEDIUM BOX,11.13,Zone 4,11000,Bintaro - TANGSEL,116100,slot-0bb,OVO Wallet,2,85
3PLB-DRIVER-3,0812-XXXX-XXXX,kecamatan grogol petamburan,Customer_456,cust@XXXX.com,2026-04-01,"Anonymized Street, Jabodetabek",0812-XXXX-XXXX,Sample_Order_3,RETURNING,1,PLASTIC,6.8,Zone 3,7000,Kembangan - JAKBAR,151710,slot-0bb,ShopeePay,4,197
3PLB-DRIVER-1,0812-XXXX-XXXX,sepatan,Customer_457,cust@XXXX.com,2026-04-01,"Anonymized Street, Jabodetabek",0812-XXXX-XXXX,Sample_Order_2,RETURNING,1,PLASTIC,7.03,Zone 3,7000,Kembangan - JAKBAR,624450,slot-13,Credit Card,8,24
3PLC-DRIVER-1,0812-XXXX-XXXX,kecamatan setiabudi,Customer_458,cust@XXXX.com,2026-04-01,"Anonymized Street, Jabodetabek",0812-XXXX-XXXX,Sample_Order_5,,1,,8.03,Zone 3,7000,Kramat - JAKPUS,273600,slot-1,Cash on Delivery,5,276
3PLA-DRIVER-2,0812-XXXX-XXXX,cikarang selatan,Customer_459,cust@XXXX.com,2026-04-01,"Anonymized Street, Jabodetabek",0812-XXXX-XXXX,Sample_Order_9,RETURNING,1,HALF MEDIUM BOX,6.9,Zone 3,7000,Kramat - JAKPUS,126900,slot-2,Credit Card,4,90
3PLA-DRIVER-2,0812-XXXX-XXXX,kecamatan pinang,Customer_460,cust@XXXX.com,2026-04-01,"Anonymized Street, Jabodetabek",0812-XXXX-XXXX,Sample_Order_4,RETURNING,1,PLASTIC,4.79,Zone 2,6500,Kramat - JAKPUS,162800,slot-sameday03,MANDIRI VA Transferpay!,4,99
3PLA-DRIVER-2,0812-XXXX-XXXX,kecamatan jagakarsa,Customer_461,cust@XXXX.com,2026-04-01,"Anonymized Street, Jabodetabek",0812-XXXX-XXXX,Sample_Order_9,RETURNING,1,HALF MEDIUM BOX,6.9,Zone 3,7000,Kramat - JAKPUS,126900,slot-1,Credit Card,4,90
3PLC-DRIVER-1,0812-XXXX-XXXX,kecamatan parung panjang,Customer_462,cust@XXXX.com,2026-04-01,"Anonymized Street, Jabodetabek",0812-XXXX-XXXX,Sample_Order_1,RETURNING,1,HALF MEDIUM BOX,11.13,Zone 4,11000,Bintaro - TANGSEL,116100,slot-2,OVO Wallet,2,85
Sample_Driver_8,0812-XXXX-XXXX,kecamatan setiabudi,Customer_463,cust@XXXX.com,2026-04-01,"Anonymized Street, Jabodetabek",0812-XXXX-XXXX,Sample_Order_5,,1,,8.03,Zone 3,7000,Kramat - JAKPUS,273600,slot-0,Cash on Delivery,5,276
Sample_Driver_9,0812-XXXX-XXXX,kecamatan penjaringan,Customer_464,cust@XXXX.com,2026-04-01,"Anonymized Street, Jabodetabek",0812-XXXX-XXXX,Sample_Order_7,RETURNING,1,HALF MEDIUM BOX,7.41,Zone 3,7000,Satellite HUB Karawaci,126300,slot-2,Credit Card,2,34
3PLC-DRIVER-1,0812-XXXX-XXXX,kecamatan penjaringan,Customer_465,cust@XXXX.com,2026-04-01,"Anonymized Street, Jabodetabek",0812-XXXX-XXXX,Sample_Order_5,,1,,8.03,Zone 3,7000,Kramat - JAKPUS,273600,slot-1bb,Cash on Delivery,5,276
Sample_Driver_8,0812-XXXX-XXXX,kecamatan grogol petamburan,Customer_466,cust@XXXX.com,2026-04-01,"Anonymized Street, Jabodetabek",0812-XXXX-XXXX,Sample_Order_6,NEW,1,MEDIUM BOX,9.05,Zone 4,11000,Cibitung - KAB BEKASI,169800,slot-2,Cash on Delivery,5,33
3PLA-DRIVER-1,0812-XXXX-XXXX,kecamatan pinang,Customer_467,cust@XXXX.com,2026-04-01,"Anonymized Street, Jabodetabek",0812-XXXX-XXXX,Sample_Order_4,RETURNING,1,PLASTIC,4.79,Zone 2,6500,Kramat - JAKPUS,162800,slot-0,MANDIRI VA Transferpay!,4,99
3PLA-DRIVER-2,0812-XXXX-XXXX,kecamatan penjaringan,Customer_468,cust@XXXX.com,2026-04-01,"Anonymized Street, Jabodetabek",0812-XXXX-XXXX,Sample_Order_1,RETURNING,1,HALF MEDIUM BOX,11.13,Zone 4,11000,Bintaro - TANGSEL,116100,slot-1,OVO Wallet,2,85
Sample_Driver_8,0812-XXXX-XXXX,kecamatan setiabudi,Customer_469,cust@XXXX.com,2026-04-01,"Anonymized Street, Jabodetabek",0812-XXXX-XXXX,Sample_Order_9,RETURNING,1,HALF MEDIUM BOX,6.9,Zone 3,7000,Kramat - JAKPUS,126900,slot-1bb,Credit Card,4,90
3PLB-DRIVER-2,0812-XXXX-XXXX,kecamatan jatinegara,Customer_470,cust@XXXX.com,2026-04-01,"Anonymized Street, Jabodetabek",0812-XXXX-XXXX,Sample_Order_1,RETURNING,1,HALF MEDIUM BOX,11.13,Zone 4,11000,Bintaro - TANGSEL,116100,slot-0bb,OVO Wallet,2,85
3PLC-DRIVER-2,0812-XXXX-XXXX,kecamatan jatinegara,Customer_471,cust@XXXX.com,2026-04-01,"Anonymized Street, Jabodetabek",0812-XXXX-XXXX,Sample_Order_4,RETURNING,1,PLASTIC,4.79,Zone 2,6500,Kramat - JAKPUS,162800,slot-13,MANDIRI VA Transferpay!,4,99
Sample_Driver_9,0812-XXXX-XXXX,kecamatan penjaringan,Customer_472,cust@XXXX.com,2026-04-01,"Anonymized Street, Jabodetabek",0812-XXXX-XXXX,Sample_Order_3,RETURNING,1,PLASTIC,6.8,Zone 3,7000,Kembangan - JAKBAR,151710,slot-1,ShopeePay,4,197
3PLB-DRIVER-3,0812-XXXX-XXXX,kecamatan jatinegara,Customer_473,cust@XXXX.com,2026-04-01,"Anonymized Street, Jabodetabek",0812-XXXX-XXXX,Sample_Order_4,RETURNING,1,PLASTIC,4.79,Zone 2,6500,Kramat - JAKPUS,162800,slot-1bb,MANDIRI VA Transferpay!,4,99
Sample_Driver_9,0812-XXXX-XXXX,kecamatan pinang,Customer_474,cust@XXXX.com,2026-04-01,"Anonymized Street, Jabodetabek",0812-XXXX-XXXX,Sample_Order_8,RETURNING,1,HALF MEDIUM BOX,3.65,Zone 2,6500,Beji - Depok,78200,slot-2,GO-PAY Wallet,2,111
3PLA-DRIVER-1,0812-XXXX-XXXX,kecamatan pademangan,Customer_475,cust@XXXX.com,2026-04-01,"Anonymized Street, Jabodetabek",0812-XXXX-XXXX,Sample_Order_5,,1,,8.03,Zone 3,7000,Kramat - JAKPUS,273600,slot-0bb,Cash on Delivery,5,276
3PLA-DRIVER-2,0812-XXXX-XXXX,kecamatan parung panjang,Customer_476,cust@XXXX.com,2026-04-01,"Anonymized Street, Jabodetabek",0812-XXXX-XXXX,Sample_Order_4,RETURNING,1,PLASTIC,4.79,Zone 2,6500,Kramat - JAKPUS,162800,slot-sameday03,MANDIRI VA Transferpay!,4,99
3PLC-DRIVER-1,0812-XXXX-XXXX,kecamatan pinang,Customer_477,cust@XXXX.com,2026-04-01,"Anonymized Street, Jabodetabek",0812-XXXX-XXXX,Sample_Order_8,RETURNING,1,HALF MEDIUM BOX,3.65,Zone 2,6500,Beji - Depok,78200,slot-2,GO-PAY Wallet,2,111
3PLA-DRIVER-1,0812-XXXX-XXXX,kecamatan parung panjang,Customer_478,cust@XXXX.com,2026-04-01,"Anonymized Street, Jabodetabek",0812-XXXX-XXXX,Sample_Order_5,,1,,8.03,Zone 3,7000,Kramat - JAKPUS,273600,slot-1,Cash on Delivery,5,276
3PLB-DRIVER-1,0812-XXXX-XXXX,cikarang selatan,Customer_479,cust@XXXX.com,2026-04-01,"Anonymized Street, Jabodetabek",0812-XXXX-XXXX,Sample_Order_1,RETURNING,1,HALF MEDIUM BOX,11.13,Zone 4,11000,Bintaro - TANGSEL,116100,slot-0,OVO Wallet,2,85
3PLC-DRIVER-1,0812-XXXX-XXXX,cikarang selatan,Customer_480,cust@XXXX.com,2026-04-01,"Anonymized Street, Jabodetabek",0812-XXXX-XXXX,Sample_Order_0,RETURNING,1,PLASTIC,5.54,Zone 2,6500,Kramat - JAKPUS,227370,slot-1bb,Cash on Delivery,5,242
3PLC-DRIVER-2,0812-XXXX-XXXX,kecamatan setiabudi,Customer_481,cust@XXXX.com,2026-04-01,"Anonymized Street, Jabodetabek",0812-XXXX-XXXX,Sample_Order_5,,1,,8.03,Zone 3,7000,Kramat - JAKPUS,273600,slot-0,Cash on Delivery,5,276
3PLB-DRIVER-3,0812-XXXX-XXXX,kecamatan grogol petamburan,Customer_482,cust@XXXX.com,2026-04-01,"Anonymized Street, Jabodetabek",0812-XXXX-XXXX,Sample_Order_5,,1,,8.03,Zone 3,7000,Kramat - JAKPUS,273600,slot-2,Cash on Delivery,5,276
3PLB-DRIVER-3,0812-XXXX-XXXX,cikarang selatan,Customer_483,cust@XXXX.com,2026-04-01,"Anonymized Street, Jabodetabek",0812-XXXX-XXXX,Sample_Order_3,RETURNING,1,PLASTIC,6.8,Zone 3,7000,Kembangan - JAKBAR,151710,slot-sameday,ShopeePay,4,197
3PLB-DRIVER-2,0812-XXXX-XXXX,sepatan,Customer_484,cust@XXXX.com,2026-04-01,"Anonymized Street, Jabodetabek",0812-XXXX-XXXX,Sample_Order_2,RETURNING,1,PLASTIC,7.03,Zone 3,7000,Kembangan - JAKBAR,624450,slot-sameday03,Credit Card,8,24
Sample_Driver_8,0812-XXXX-XXXX,kecamatan pinang,Customer_485,cust@XXXX.com,2026-04-01,"Anonymized Street, Jabodetabek",0812-XXXX-XXXX,Sample_Order_3,RETURNING,1,PLASTIC,6.8,Zone 3,7000,Kembangan - JAKBAR,151710,slot-0bb,ShopeePay,4,197
3PLB-DRIVER-1,0812-XXXX-XXXX,kecamatan penjaringan,Customer_486,cust@XXXX.com,2026-04-01,"Anonymized Street, Jabodetabek",0812-XXXX-XXXX,Sample_Order_7,RETURNING,1,HALF MEDIUM BOX,7.41,Zone 3,7000,Satellite HUB Karawaci,126300,slot-sameday03,Credit Card,2,34
3PLB-DRIVER-1,0812-XXXX-XXXX,kecamatan jatinegara,Customer_487,cust@XXXX.com,2026-04-01,"Anonymized Street, Jabodetabek",0812-XXXX-XXXX,Sample_Order_0,RETURNING,1,PLASTIC,5.54,Zone 2,6500,Kramat - JAKPUS,227370,slot-0bb,Cash on Delivery,5,242
3PLB-DRIVER-2,0812-XXXX-XXXX,kecamatan setiabudi,Customer_488,cust@XXXX.com,2026-04-01,"Anonymized Street, Jabodetabek",0812-XXXX-XXXX,Sample_Order_3,RETURNING,1,PLASTIC,6.8,Zone 3,7000,Kembangan - JAKBAR,151710,slot-13,ShopeePay,4,197
3PLB-DRIVER-3,0812-XXXX-XXXX,cikarang selatan,Customer_489,cust@XXXX.com,2026-04-01,"Anonymized Street, Jabodetabek",0812-XXXX-XXXX,Sample_Order_9,RETURNING,1,HALF MEDIUM BOX,6.9,Zone 3,7000,Kramat - JAKPUS,126900,slot-2,Credit Card,4,90
Sample_Driver_8,0812-XXXX-XXXX,kecamatan grogol petamburan,Customer_490,cust@XXXX.com,2026-04-01,"Anonymized Street, Jabodetabek",0812-XXXX-XXXX,Sample_Order_4,RETURNING,1,PLASTIC,4.79,Zone 2,6500,Kramat - JAKPUS,162800,slot-1bb,MANDIRI VA Transferpay!,4,99
3PLA-DRIVER-1,0812-XXXX-XXXX,kecamatan pinang,Customer_491,cust@XXXX.com,2026-04-01,"Anonymized Street, Jabodetabek",0812-XXXX-XXXX,Sample_Order_1,RETURNING,1,HALF MEDIUM BOX,11.13,Zone 4,11000,Bintaro - TANGSEL,116100,slot-sameday03,OVO Wallet,2,85
Sample_Driver_9,0812-XXXX-XXXX,kecamatan setiabudi,Customer_492,cust@XXXX.com,2026-04-01,"Anonymized Street, Jabodetabek",0812-XXXX-XXXX,Sample_Order_0,RETURNING,1,PLASTIC,5.54,Zone 2,6500,Kramat - JAKPUS,227370,slot-13,Cash on Delivery,5,242
Sample_Driver_9,0812-XXXX-XXXX,sepatan,Customer_493,cust@XXXX.com,2026-04-01,"Anonymized Street, Jabodetabek",0812-XXXX-XXXX,Sample_Order_4,RETURNING,1,PLASTIC,4.79,Zone 2,6500,Kramat - JAKPUS,162800,slot-1bb,MANDIRI VA Transferpay!,4,99
3PLB-DRIVER-3,0812-XXXX-XXXX,sepatan,Customer_494,cust@XXXX.com,2026-04-01,"Anonymized Street, Jabodetabek",0812-XXXX-XXXX,Sample_Order_1,RETURNING,1,HALF MEDIUM BOX,11.13,Zone 4,11000,Bintaro - TANGSEL,116100,slot-0,OVO Wallet,2,85
3PLA-DRIVER-2,0812-XXXX-XXXX,cikarang selatan,Customer_495,cust@XXXX.com,2026-04-01,"Anonymized Street, Jabodetabek",0812-XXXX-XXXX,Sample_Order_6,NEW,1,MEDIUM BOX,9.05,Zone 4,11000,Cibitung - KAB BEKASI,169800,slot-sameday03,Cash on Delivery,5,33
3PLA-DRIVER-2,0812-XXXX-XXXX,cikarang selatan,Customer_496,cust@XXXX.com,2026-04-01,"Anonymized Street, Jabodetabek",0812-XXXX-XXXX,Sample_Order_5,,1,,8.03,Zone 3,7000,Kramat - JAKPUS,273600,slot-1,Cash on Delivery,5,276
3PLA-DRIVER-1,0812-XXXX-XXXX,kecamatan setiabudi,Customer_497,cust@XXXX.com,2026-04-01,"Anonymized Street, Jabodetabek",0812-XXXX-XXXX,Sample_Order_4,RETURNING,1,PLASTIC,4.79,Zone 2,6500,Kramat - JAKPUS,162800,slot-13,MANDIRI VA Transferpay!,4,99
3PLC-DRIVER-1,0812-XXXX-XXXX,kecamatan penjaringan,Customer_498,cust@XXXX.com,2026-04-01,"Anonymized Street, Jabodetabek",0812-XXXX-XXXX,Sample_Order_4,RETURNING,1,PLASTIC,4.79,Zone 2,6500,Kramat - JAKPUS,162800,slot-sameday,MANDIRI VA Transferpay!,4,99
3PLA-DRIVER-1,0812-XXXX-XXXX,kecamatan pinang,Customer_499,cust@XXXX.com,2026-04-01,"Anonymized Street, Jabodetabek",0812-XXXX-XXXX,Sample_Order_5,,1,,8.03,Zone 3,7000,Kramat - JAKPUS,273600,slot-1,Cash on Delivery,5,276
Sample_Driver_8,0812-XXXX-XXXX,kecamatan pademangan,Customer_500,cust@XXXX.com,2026-04-01,"Anonymized Street, Jabodetabek",0812-XXXX-XXXX,Sample_Order_7,RETURNING,1,HALF MEDIUM BOX,7.41,Zone 3,7000,Satellite HUB Karawaci,126300,slot-sameday03,Credit Card,2,34
3PLC-DRIVER-2,0812-XXXX-XXXX,kecamatan setiabudi,Customer_501,cust@XXXX.com,2026-04-01,"Anonymized Street, Jabodetabek",0812-XXXX-XXXX,Sample_Order_1,RETURNING,1,HALF MEDIUM BOX,11.13,Zone 4,11000,Bintaro - TANGSEL,116100,slot-1bb,OVO Wallet,2,85
Sample_Driver_9,0812-XXXX-XXXX,kecamatan penjaringan,Customer_502,cust@XXXX.com,2026-04-01,"Anonymized Street, Jabodetabek",0812-XXXX-XXXX,Sample_Order_8,RETURNING,1,HALF MEDIUM BOX,3.65,Zone 2,6500,Beji - Depok,78200,slot-1,GO-PAY Wallet,2,111
Sample_Driver_8,0812-XXXX-XXXX,kecamatan jatinegara,Customer_503,cust@XXXX.com,2026-04-01,"Anonymized Street, Jabodetabek",0812-XXXX-XXXX,Sample_Order_2,RETURNING,1,PLASTIC,7.03,Zone 3,7000,Kembangan - JAKBAR,624450,slot-sameday03,Credit Card,8,24
3PLB-DRIVER-3,0812-XXXX-XXXX,kecamatan pademangan,Customer_504,cust@XXXX.com,2026-04-01,"Anonymized Street, Jabodetabek",0812-XXXX-XXXX,Sample_Order_5,,1,,8.03,Zone 3,7000,Kramat - JAKPUS,273600,slot-0,Cash on Delivery,5,276
Sample_Driver_8,0812-XXXX-XXXX,kecamatan pinang,Customer_505,cust@XXXX.com,2026-04-01,"Anonymized Street, Jabodetabek",0812-XXXX-XXXX,Sample_Order_0,RETURNING,1,PLASTIC,5.54,Zone 2,6500,Kramat - JAKPUS,227370,slot-1,Cash on Delivery,5,242
3PLB-DRIVER-1,0812-XXXX-XXXX,kecamatan pademangan,Customer_506,cust@XXXX.com,2026-04-01,"Anonymized Street, Jabodetabek",0812-XXXX-XXXX,Sample_Order_0,RETURNING,1,PLASTIC,5.54,Zone 2,6500,Kramat - JAKPUS,227370,slot-13,Cash on Delivery,5,242
3PLB-DRIVER-3,0812-XXXX-XXXX,kecamatan jagakarsa,Customer_507,cust@XXXX.com,2026-04-01,"Anonymized Street, Jabodetabek",0812-XXXX-XXXX,Sample_Order_2,RETURNING,1,PLASTIC,7.03,Zone 3,7000,Kembangan - JAKBAR,624450,slot-2,Credit Card,8,24
3PLA-DRIVER-2,0812-XXXX-XXXX,kecamatan grogol petamburan,Customer_508,cust@XXXX.com,2026-04-01,"Anonymized Street, Jabodetabek",0812-XXXX-XXXX,Sample_Order_8,RETURNING,1,HALF MEDIUM BOX,3.65,Zone 2,6500,Beji - Depok,78200,slot-0bb,GO-PAY Wallet,2,111
3PLB-DRIVER-3,0812-XXXX-XXXX,kecamatan penjaringan,Customer_509,cust@XXXX.com,2026-04-01,"Anonymized Street, Jabodetabek",0812-XXXX-XXXX,Sample_Order_7,RETURNING,1,HALF MEDIUM BOX,7.41,Zone 3,7000,Satellite HUB Karawaci,126300,slot-0bb,Credit Card,2,34
3PLA-DRIVER-2,0812-XXXX-XXXX,kecamatan penjaringan,Customer_510,cust@XXXX.com,2026-04-01,"Anonymized Street, Jabodetabek",0812-XXXX-XXXX,Sample_Order_0,RETURNING,1,PLASTIC,5.54,Zone 2,6500,Kramat - JAKPUS,227370,slot-1,Cash on Delivery,5,242
3PLC-DRIVER-1,0812-XXXX-XXXX,sepatan,Customer_511,cust@XXXX.com,2026-04-01,"Anonymized Street, Jabodetabek",0812-XXXX-XXXX,Sample_Order_1,RETURNING,1,HALF MEDIUM BOX,11.13,Zone 4,11000,Bintaro - TANGSEL,116100,slot-2,OVO Wallet,2,85
3PLA-DRIVER-2,0812-XXXX-XXXX,sepatan,Customer_512,cust@XXXX.com,2026-04-01,"Anonymized Street, Jabodetabek",0812-XXXX-XXXX,Sample_Order_2,RETURNING,1,PLASTIC,7.03,Zone 3,7000,Kembangan - JAKBAR,624450,slot-0bb,Credit Card,8,24
3PLB-DRIVER-2,0812-XXXX-XXXX,cikarang selatan,Customer_513,cust@XXXX.com,2026-04-01,"Anonymized Street, Jabodetabek",0812-XXXX-XXXX,Sample_Order_0,RETURNING,1,PLASTIC,5.54,Zone 2,6500,Kramat - JAKPUS,227370,slot-1bb,Cash on Delivery,5,242
3PLA-DRIVER-1,0812-XXXX-XXXX,kecamatan pademangan,Customer_514,cust@XXXX.com,2026-04-01,"Anonymized Street, Jabodetabek",0812-XXXX-XXXX,Sample_Order_4,RETURNING,1,PLASTIC,4.79,Zone 2,6500,Kramat - JAKPUS,162800,slot-1,MANDIRI VA Transferpay!,4,99
3PLC-DRIVER-1,0812-XXXX-XXXX,kecamatan pinang,Customer_515,cust@XXXX.com,2026-04-01,"Anonymized Street, Jabodetabek",0812-XXXX-XXXX,Sample_Order_9,RETURNING,1,HALF MEDIUM BOX,6.9,Zone 3,7000,Kramat - JAKPUS,126900,slot-0,Credit Card,4,90
3PLB-DRIVER-2,0812-XXXX-XXXX,kecamatan pademangan,Customer_516,cust@XXXX.com,2026-04-01,"Anonymized Street, Jabodetabek",0812-XXXX-XXXX,Sample_Order_5,,1,,8.03,Zone 3,7000,Kramat - JAKPUS,273600,slot-2,Cash on Delivery,5,276
Sample_Driver_9,0812-XXXX-XXXX,kecamatan grogol petamburan,Customer_517,cust@XXXX.com,2026-04-01,"Anonymized Street, Jabodetabek",0812-XXXX-XXXX,Sample_Order_0,RETURNING,1,PLASTIC,5.54,Zone 2,6500,Kramat - JAKPUS,227370,slot-1,Cash on Delivery,5,242
Sample_Driver_8,0812-XXXX-XXXX,kecamatan grogol petamburan,Customer_518,cust@XXXX.com,2026-04-01,"Anonymized Street, Jabodetabek",0812-XXXX-XXXX,Sample_Order_5,,1,,8.03,Zone 3,7000,Kramat - JAKPUS,273600,slot-13,Cash on Delivery,5,276
Sample_Driver_8,0812-XXXX-XXXX,kecamatan jatinegara,Customer_519,cust@XXXX.com,2026-04-01,"Anonymized Street, Jabodetabek",0812-XXXX-XXXX,Sample_Order_2,RETURNING,1,PLASTIC,7.03,Zone 3,7000,Kembangan - JAKBAR,624450,slot-1,Credit Card,8,24
Sample_Driver_9,0812-XXXX-XXXX,sepatan,Customer_520,cust@XXXX.com,2026-04-01,"Anonymized Street, Jabodetabek",0812-XXXX-XXXX,Sample_Order_7,RETURNING,1,HALF MEDIUM BOX,7.41,Zone 3,7000,Satellite HUB Karawaci,126300,slot-13,Credit Card,2,34
3PLA-DRIVER-1,0812-XXXX-XXXX,kecamatan parung panjang,Customer_521,cust@XXXX.com,2026-04-01,"Anonymized Street, Jabodetabek",0812-XXXX-XXXX,Sample_Order_4,RETURNING,1,PLASTIC,4.79,Zone 2,6500,Kramat - JAKPUS,162800,slot-0bb,MANDIRI VA Transferpay!,4,99
3PLA-DRIVER-1,0812-XXXX-XXXX,cikarang selatan,Customer_522,cust@XXXX.com,2026-04-01,"Anonymized Street, Jabodetabek",0812-XXXX-XXXX,Sample_Order_5,,1,,8.03,Zone 3,7000,Kramat - JAKPUS,273600,slot-0bb,Cash on Delivery,5,276
3PLB-DRIVER-2,0812-XXXX-XXXX,kecamatan jatinegara,Customer_523,cust@XXXX.com,2026-04-01,"Anonymized Street, Jabodetabek",0812-XXXX-XXXX,Sample_Order_1,RETURNING,1,HALF MEDIUM BOX,11.13,Zone 4,11000,Bintaro - TANGSEL,116100,slot-1,OVO Wallet,2,85
3PLA-DRIVER-1,0812-XXXX-XXXX,kecamatan setiabudi,Customer_524,cust@XXXX.com,2026-04-01,"Anonymized Street, Jabodetabek",0812-XXXX-XXXX,Sample_Order_2,RETURNING,1,PLASTIC,7.03,Zone 3,7000,Kembangan - JAKBAR,624450,slot-sameday03,Credit Card,8,24
3PLB-DRIVER-1,0812-XXXX-XXXX,kecamatan parung panjang,Customer_525,cust@XXXX.com,2026-04-01,"Anonymized Street, Jabodetabek",0812-XXXX-XXXX,Sample_Order_1,RETURNING,1,HALF MEDIUM BOX,11.13,Zone 4,11000,Bintaro - TANGSEL,116100,slot-1bb,OVO Wallet,2,85
3PLB-DRIVER-1,0812-XXXX-XXXX,kecamatan pinang,Customer_526,cust@XXXX.com,2026-04-01,"Anonymized Street, Jabodetabek",0812-XXXX-XXXX,Sample_Order_5,,1,,8.03,Zone 3,7000,Kramat - JAKPUS,273600,slot-sameday03,Cash on Delivery,5,276
3PLB-DRIVER-2,0812-XXXX-XXXX,kecamatan penjaringan,Customer_527,cust@XXXX.com,2026-04-01,"Anonymized Street, Jabodetabek",0812-XXXX-XXXX,Sample_Order_1,RETURNING,1,HALF MEDIUM BOX,11.13,Zone 4,11000,Bintaro - TANGSEL,116100,slot-13,OVO Wallet,2,85
3PLC-DRIVER-1,0812-XXXX-XXXX,kecamatan grogol petamburan,Customer_528,cust@XXXX.com,2026-04-01,"Anonymized Street, Jabodetabek",0812-XXXX-XXXX,Sample_Order_8,RETURNING,1,HALF MEDIUM BOX,3.65,Zone 2,6500,Beji - Depok,78200,slot-13,GO-PAY Wallet,2,111
3PLB-DRIVER-1,0812-XXXX-XXXX,kecamatan pademangan,Customer_529,cust@XXXX.com,2026-04-01,"Anonymized Street, Jabodetabek",0812-XXXX-XXXX,Sample_Order_4,RETURNING,1,PLASTIC,4.79,Zone 2,6500,Kramat - JAKPUS,162800,slot-2,MANDIRI VA Transferpay!,4,99
3PLC-DRIVER-1,0812-XXXX-XXXX,kecamatan pinang,Customer_530,cust@XXXX.com,2026-04-01,"Anonymized Street, Jabodetabek",0812-XXXX-XXXX,Sample_Order_2,RETURNING,1,PLASTIC,7.03,Zone 3,7000,Kembangan - JAKBAR,624450,slot-1bb,Credit Card,8,24
Sample_Driver_9,0812-XXXX-XXXX,sepatan,Customer_531,cust@XXXX.com,2026-04-01,"Anonymized Street, Jabodetabek",0812-XXXX-XXXX,Sample_Order_5,,1,,8.03,Zone 3,7000,Kramat - JAKPUS,273600,slot-1,Cash on Delivery,5,276
Sample_Driver_9,0812-XXXX-XXXX,kecamatan parung panjang,Customer_532,cust@XXXX.com,2026-04-01,"Anonymized Street, Jabodetabek",0812-XXXX-XXXX,Sample_Order_7,RETURNING,1,HALF MEDIUM BOX,7.41,Zone 3,7000,Satellite HUB Karawaci,126300,slot-13,Credit Card,2,34
3PLA-DRIVER-2,0812-XXXX-XXXX,kecamatan grogol petamburan,Customer_533,cust@XXXX.com,2026-04-01,"Anonymized Street, Jabodetabek",0812-XXXX-XXXX,Sample_Order_0,RETURNING,1,PLASTIC,5.54,Zone 2,6500,Kramat - JAKPUS,227370,slot-0,Cash on Delivery,5,242
3PLB-DRIVER-3,0812-XXXX-XXXX,cikarang selatan,Customer_534,cust@XXXX.com,2026-04-01,"Anonymized Street, Jabodetabek",0812-XXXX-XXXX,Sample_Order_5,,1,,8.03,Zone 3,7000,Kramat - JAKPUS,273600,slot-2,Cash on Delivery,5,276
3PLB-DRIVER-3,0812-XXXX-XXXX,sepatan,Customer_535,cust@XXXX.com,2026-04-01,"Anonymized Street, Jabodetabek",0812-XXXX-XXXX,Sample_Order_0,RETURNING,1,PLASTIC,5.54,Zone 2,6500,Kramat - JAKPUS,227370,slot-sameday03,Cash on Delivery,5,242
3PLB-DRIVER-1,0812-XXXX-XXXX,kecamatan setiabudi,Customer_536,cust@XXXX.com,2026-04-01,"Anonymized Street, Jabodetabek",0812-XXXX-XXXX,Sample_Order_5,,1,,8.03,Zone 3,7000,Kramat - JAKPUS,273600,slot-1,Cash on Delivery,5,276
3PLB-DRIVER-2,0812-XXXX-XXXX,kecamatan pademangan,Customer_537,cust@XXXX.com,2026-04-01,"Anonymized Street, Jabodetabek",0812-XXXX-XXXX,Sample_Order_4,RETURNING,1,PLASTIC,4.79,Zone 2,6500,Kramat - JAKPUS,162800,slot-0,MANDIRI VA Transferpay!,4,99
Sample_Driver_8,0812-XXXX-XXXX,kecamatan jagakarsa,Customer_538,cust@XXXX.com,2026-04-01,"Anonymized Street, Jabodetabek",0812-XXXX-XXXX,Sample_Order_5,,1,,8.03,Zone 3,7000,Kramat - JAKPUS,273600,slot-2,Cash on Delivery,5,276
3PLB-DRIVER-2,0812-XXXX-XXXX,kecamatan pinang,Customer_539,cust@XXXX.com,2026-04-01,"Anonymized Street, Jabodetabek",0812-XXXX-XXXX,Sample_Order_9,RETURNING,1,HALF MEDIUM BOX,6.9,Zone 3,7000,Kramat - JAKPUS,126900,slot-1bb,Credit Card,4,90
Sample_Driver_8,0812-XXXX-XXXX,kecamatan jagakarsa,Customer_540,cust@XXXX.com,2026-04-01,"Anonymized Street, Jabodetabek",0812-XXXX-XXXX,Sample_Order_5,,1,,8.03,Zone 3,7000,Kramat - JAKPUS,273600,slot-1bb,Cash on Delivery,5,276
3PLC-DRIVER-1,0812-XXXX-XXXX,sepatan,Customer_541,cust@XXXX.com,2026-04-01,"Anonymized Street, Jabodetabek",0812-XXXX-XXXX,Sample_Order_3,RETURNING,1,PLASTIC,6.8,Zone 3,7000,Kembangan - JAKBAR,151710,slot-sameday03,ShopeePay,4,197
3PLB-DRIVER-3,0812-XXXX-XXXX,sepatan,Customer_542,cust@XXXX.com,2026-04-01,"Anonymized Street, Jabodetabek",0812-XXXX-XXXX,Sample_Order_9,RETURNING,1,HALF MEDIUM BOX,6.9,Zone 3,7000,Kramat - JAKPUS,126900,slot-sameday03,Credit Card,4,90
3PLB-DRIVER-3,0812-XXXX-XXXX,kecamatan penjaringan,Customer_543,cust@XXXX.com,2026-04-01,"Anonymized Street, Jabodetabek",0812-XXXX-XXXX,Sample_Order_7,RETURNING,1,HALF MEDIUM BOX,7.41,Zone 3,7000,Satellite HUB Karawaci,126300,slot-sameday,Credit Card,2,34
3PLC-DRIVER-1,0812-XXXX-XXXX,kecamatan jatinegara,Customer_544,cust@XXXX.com,2026-04-01,"Anonymized Street, Jabodetabek",0812-XXXX-XXXX,Sample_Order_6,NEW,1,MEDIUM BOX,9.05,Zone 4,11000,Cibitung - KAB BEKASI,169800,slot-0bb,Cash on Delivery,5,33
Sample_Driver_9,0812-XXXX-XXXX,kecamatan penjaringan,Customer_545,cust@XXXX.com,2026-04-01,"Anonymized Street, Jabodetabek",0812-XXXX-XXXX,Sample_Order_7,RETURNING,1,HALF MEDIUM BOX,7.41,Zone 3,7000,Satellite HUB Karawaci,126300,slot-2,Credit Card,2,34
Sample_Driver_8,0812-XXXX-XXXX,kecamatan pademangan,Customer_546,cust@XXXX.com,2026-04-01,"Anonymized Street, Jabodetabek",0812-XXXX-XXXX,Sample_Order_7,RETURNING,1,HALF MEDIUM BOX,7.41,Zone 3,7000,Satellite HUB Karawaci,126300,slot-1,Credit Card,2,34
3PLC-DRIVER-1,0812-XXXX-XXXX,kecamatan grogol petamburan,Customer_547,cust@XXXX.com,2026-04-01,"Anonymized Street, Jabodetabek",0812-XXXX-XXXX,Sample_Order_7,RETURNING,1,HALF MEDIUM BOX,7.41,Zone 3,7000,Satellite HUB Karawaci,126300,slot-sameday03,Credit Card,2,34
3PLB-DRIVER-3,0812-XXXX-XXXX,kecamatan setiabudi,Customer_548,cust@XXXX.com,2026-04-01,"Anonymized Street, Jabodetabek",0812-XXXX-XXXX,Sample_Order_0,RETURNING,1,PLASTIC,5.54,Zone 2,6500,Kramat - JAKPUS,227370,slot-0bb,Cash on Delivery,5,242
3PLC-DRIVER-1,0812-XXXX-XXXX,kecamatan pademangan,Customer_549,cust@XXXX.com,2026-04-01,"Anonymized Street, Jabodetabek",0812-XXXX-XXXX,Sample_Order_7,RETURNING,1,HALF MEDIUM BOX,7.41,Zone 3,7000,Satellite HUB Karawaci,126300,slot-sameday,Credit Card,2,34
3PLC-DRIVER-1,0812-XXXX-XXXX,kecamatan pademangan,Customer_550,cust@XXXX.com,2026-04-01,"Anonymized Street, Jabodetabek",0812-XXXX-XXXX,Sample_Order_0,RETURNING,1,PLASTIC,5.54,Zone 2,6500,Kramat - JAKPUS,227370,slot-0,Cash on Delivery,5,242
Sample_Driver_8,0812-XXXX-XXXX,kecamatan penjaringan,Customer_551,cust@XXXX.com,2026-04-01,"Anonymized Street, Jabodetabek",0812-XXXX-XXXX,Sample_Order_3,RETURNING,1,PLASTIC,6.8,Zone 3,7000,Kembangan - JAKBAR,151710,slot-0,ShopeePay,4,197
3PLC-DRIVER-1,0812-XXXX-XXXX,kecamatan jagakarsa,Customer_552,cust@XXXX.com,2026-04-01,"Anonymized Street, Jabodetabek",0812-XXXX-XXXX,Sample_Order_9,RETURNING,1,HALF MEDIUM BOX,6.9,Zone 3,7000,Kramat - JAKPUS,126900,slot-0,Credit Card,4,90
3PLC-DRIVER-2,0812-XXXX-XXXX,kecamatan pinang,Customer_553,cust@XXXX.com,2026-04-01,"Anonymized Street, Jabodetabek",0812-XXXX-XXXX,Sample_Order_3,RETURNING,1,PLASTIC,6.8,Zone 3,7000,Kembangan - JAKBAR,151710,slot-13,ShopeePay,4,197
Sample_Driver_8,0812-XXXX-XXXX,kecamatan parung panjang,Customer_554,cust@XXXX.com,2026-04-01,"Anonymized Street, Jabodetabek",0812-XXXX-XXXX,Sample_Order_4,RETURNING,1,PLASTIC,4.79,Zone 2,6500,Kramat - JAKPUS,162800,slot-sameday03,MANDIRI VA Transferpay!,4,99
3PLB-DRIVER-1,0812-XXXX-XXXX,kecamatan pinang,Customer_555,cust@XXXX.com,2026-04-01,"Anonymized Street, Jabodetabek",0812-XXXX-XXXX,Sample_Order_2,RETURNING,1,PLASTIC,7.03,Zone 3,7000,Kembangan - JAKBAR,624450,slot-2,Credit Card,8,24
Sample_Driver_8,0812-XXXX-XXXX,kecamatan jatinegara,Customer_556,cust@XXXX.com,2026-04-01,"Anonymized Street, Jabodetabek",0812-XXXX-XXXX,Sample_Order_1,RETURNING,1,HALF MEDIUM BOX,11.13,Zone 4,11000,Bintaro - TANGSEL,116100,slot-2,OVO Wallet,2,85
3PLA-DRIVER-1,0812-XXXX-XXXX,kecamatan grogol petamburan,Customer_557,cust@XXXX.com,2026-04-01,"Anonymized Street, Jabodetabek",0812-XXXX-XXXX,Sample_Order_4,RETURNING,1,PLASTIC,4.79,Zone 2,6500,Kramat - JAKPUS,162800,slot-2,MANDIRI VA Transferpay!,4,99
3PLB-DRIVER-2,0812-XXXX-XXXX,sepatan,Customer_558,cust@XXXX.com,2026-04-01,"Anonymized Street, Jabodetabek",0812-XXXX-XXXX,Sample_Order_8,RETURNING,1,HALF MEDIUM BOX,3.65,Zone 2,6500,Beji - Depok,78200,slot-sameday,GO-PAY Wallet,2,111
3PLA-DRIVER-2,0812-XXXX-XXXX,kecamatan pinang,Customer_559,cust@XXXX.com,2026-04-01,"Anonymized Street, Jabodetabek",0812-XXXX-XXXX,Sample_Order_6,NEW,1,MEDIUM BOX,9.05,Zone 4,11000,Cibitung - KAB BEKASI,169800,slot-13,Cash on Delivery,5,33
3PLB-DRIVER-1,0812-XXXX-XXXX,cikarang selatan,Customer_560,cust@XXXX.com,2026-04-01,"Anonymized Street, Jabodetabek",0812-XXXX-XXXX,Sample_Order_7,RETURNING,1,HALF MEDIUM BOX,7.41,Zone 3,7000,Satellite HUB Karawaci,126300,slot-sameday03,Credit Card,2,34
3PLB-DRIVER-1,0812-XXXX-XXXX,kecamatan penjaringan,Customer_561,cust@XXXX.com,2026-04-01,"Anonymized Street, Jabodetabek",0812-XXXX-XXXX,Sample_Order_7,RETURNING,1,HALF MEDIUM BOX,7.41,Zone 3,7000,Satellite HUB Karawaci,126300,slot-1bb,Credit Card,2,34
3PLB-DRIVER-1,0812-XXXX-XXXX,cikarang selatan,Customer_562,cust@XXXX.com,2026-04-01,"Anonymized Street, Jabodetabek",0812-XXXX-XXXX,Sample_Order_7,RETURNING,1,HALF MEDIUM BOX,7.41,Zone 3,7000,Satellite HUB Karawaci,126300,slot-13,Credit Card,2,34
3PLA-DRIVER-1,0812-XXXX-XXXX,sepatan,Customer_563,cust@XXXX.com,2026-04-01,"Anonymized Street, Jabodetabek",0812-XXXX-XXXX,Sample_Order_0,RETURNING,1,PLASTIC,5.54,Zone 2,6500,Kramat - JAKPUS,227370,slot-sameday,Cash on Delivery,5,242
3PLB-DRIVER-3,0812-XXXX-XXXX,kecamatan pinang,Customer_564,cust@XXXX.com,2026-04-01,"Anonymized Street, Jabodetabek",0812-XXXX-XXXX,Sample_Order_7,RETURNING,1,HALF MEDIUM BOX,7.41,Zone 3,7000,Satellite HUB Karawaci,126300,slot-1bb,Credit Card,2,34
3PLB-DRIVER-1,0812-XXXX-XXXX,kecamatan pademangan,Customer_565,cust@XXXX.com,2026-04-01,"Anonymized Street, Jabodetabek",0812-XXXX-XXXX,Sample_Order_9,RETURNING,1,HALF MEDIUM BOX,6.9,Zone 3,7000,Kramat - JAKPUS,126900,slot-sameday,Credit Card,4,90
3PLA-DRIVER-1,0812-XXXX-XXXX,kecamatan jatinegara,Customer_566,cust@XXXX.com,2026-04-01,"Anonymized Street, Jabodetabek",0812-XXXX-XXXX,Sample_Order_2,RETURNING,1,PLASTIC,7.03,Zone 3,7000,Kembangan - JAKBAR,624450,slot-1,Credit Card,8,24
3PLB-DRIVER-3,0812-XXXX-XXXX,sepatan,Customer_567,cust@XXXX.com,2026-04-01,"Anonymized Street, Jabodetabek",0812-XXXX-XXXX,Sample_Order_2,RETURNING,1,PLASTIC,7.03,Zone 3,7000,Kembangan - JAKBAR,624450,slot-sameday,Credit Card,8,24
3PLB-DRIVER-1,0812-XXXX-XXXX,kecamatan jagakarsa,Customer_568,cust@XXXX.com,2026-04-01,"Anonymized Street, Jabodetabek",0812-XXXX-XXXX,Sample_Order_4,RETURNING,1,PLASTIC,4.79,Zone 2,6500,Kramat - JAKPUS,162800,slot-sameday03,MANDIRI VA Transferpay!,4,99
Sample_Driver_9,0812-XXXX-XXXX,cikarang selatan,Customer_569,cust@XXXX.com,2026-04-01,"Anonymized Street, Jabodetabek",0812-XXXX-XXXX,Sample_Order_8,RETURNING,1,HALF MEDIUM BOX,3.65,Zone 2,6500,Beji - Depok,78200,slot-sameday03,GO-PAY Wallet,2,111
3PLB-DRIVER-3,0812-XXXX-XXXX,kecamatan setiabudi,Customer_570,cust@XXXX.com,2026-04-01,"Anonymized Street, Jabodetabek",0812-XXXX-XXXX,Sample_Order_6,NEW,1,MEDIUM BOX,9.05,Zone 4,11000,Cibitung - KAB BEKASI,169800,slot-13,Cash on Delivery,5,33
3PLA-DRIVER-2,0812-XXXX-XXXX,cikarang selatan,Customer_571,cust@XXXX.com,2026-04-01,"Anonymized Street, Jabodetabek",0812-XXXX-XXXX,Sample_Order_2,RETURNING,1,PLASTIC,7.03,Zone 3,7000,Kembangan - JAKBAR,624450,slot-0,Credit Card,8,24
3PLA-DRIVER-1,0812-XXXX-XXXX,kecamatan parung panjang,Customer_572,cust@XXXX.com,2026-04-01,"Anonymized Street, Jabodetabek",0812-XXXX-XXXX,Sample_Order_6,NEW,1,MEDIUM BOX,9.05,Zone 4,11000,Cibitung - KAB BEKASI,169800,slot-13,Cash on Delivery,5,33
3PLC-DRIVER-1,0812-XXXX-XXXX,kecamatan pademangan,Customer_573,cust@XXXX.com,2026-04-01,"Anonymized Street, Jabodetabek",0812-XXXX-XXXX,Sample_Order_0,RETURNING,1,PLASTIC,5.54,Zone 2,6500,Kramat - JAKPUS,227370,slot-sameday03,Cash on Delivery,5,242
3PLA-DRIVER-2,0812-XXXX-XXXX,kecamatan pinang,Customer_574,cust@XXXX.com,2026-04-01,"Anonymized Street, Jabodetabek",0812-XXXX-XXXX,Sample_Order_3,RETURNING,1,PLASTIC,6.8,Zone 3,7000,Kembangan - JAKBAR,151710,slot-1bb,ShopeePay,4,197
3PLB-DRIVER-1,0812-XXXX-XXXX,sepatan,Customer_575,cust@XXXX.com,2026-04-01,"Anonymized Street, Jabodetabek",0812-XXXX-XXXX,Sample_Order_9,RETURNING,1,HALF MEDIUM BOX,6.9,Zone 3,7000,Kramat - JAKPUS,126900,slot-1,Credit Card,4,90
Sample_Driver_8,0812-XXXX-XXXX,kecamatan jagakarsa,Customer_576,cust@XXXX.com,2026-04-01,"Anonymized Street, Jabodetabek",0812-XXXX-XXXX,Sample_Order_1,RETURNING,1,HALF MEDIUM BOX,11.13,Zone 4,11000,Bintaro - TANGSEL,116100,slot-1,OVO Wallet,2,85
3PLA-DRIVER-1,0812-XXXX-XXXX,kecamatan setiabudi,Customer_577,cust@XXXX.com,2026-04-01,"Anonymized Street, Jabodetabek",0812-XXXX-XXXX,Sample_Order_3,RETURNING,1,PLASTIC,6.8,Zone 3,7000,Kembangan - JAKBAR,151710,slot-2,ShopeePay,4,197
3PLA-DRIVER-2,0812-XXXX-XXXX,sepatan,Customer_578,cust@XXXX.com,2026-04-01,"Anonymized Street, Jabodetabek",0812-XXXX-XXXX,Sample_Order_6,NEW,1,MEDIUM BOX,9.05,Zone 4,11000,Cibitung - KAB BEKASI,169800,slot-1bb,Cash on Delivery,5,33
3PLB-DRIVER-3,0812-XXXX-XXXX,cikarang selatan,Customer_579,cust@XXXX.com,2026-04-01,"Anonymized Street, Jabodetabek",0812-XXXX-XXXX,Sample_Order_8,RETURNING,1,HALF MEDIUM BOX,3.65,Zone 2,6500,Beji - Depok,78200,slot-1,GO-PAY Wallet,2,111
3PLB-DRIVER-3,0812-XXXX-XXXX,kecamatan penjaringan,Customer_580,cust@XXXX.com,2026-04-01,"Anonymized Street, Jabodetabek",0812-XXXX-XXXX,Sample_Order_4,RETURNING,1,PLASTIC,4.79,Zone 2,6500,Kramat - JAKPUS,162800,slot-0,MANDIRI VA Transferpay!,4,99
3PLC-DRIVER-1,0812-XXXX-XXXX,kecamatan grogol petamburan,Customer_581,cust@XXXX.com,2026-04-01,"Anonymized Street, Jabodetabek",0812-XXXX-XXXX,Sample_Order_9,RETURNING,1,HALF MEDIUM BOX,6.9,Zone 3,7000,Kramat - JAKPUS,126900,slot-13,Credit Card,4,90
3PLB-DRIVER-2,0812-XXXX-XXXX,cikarang selatan,Customer_582,cust@XXXX.com,2026-04-01,"Anonymized Street, Jabodetabek",0812-XXXX-XXXX,Sample_Order_3,RETURNING,1,PLASTIC,6.8,Zone 3,7000,Kembangan - JAKBAR,151710,slot-1bb,ShopeePay,4,197
3PLA-DRIVER-2,0812-XXXX-XXXX,kecamatan grogol petamburan,Customer_583,cust@XXXX.com,2026-04-01,"Anonymized Street, Jabodetabek",0812-XXXX-XXXX,Sample_Order_6,NEW,1,MEDIUM BOX,9.05,Zone 4,11000,Cibitung - KAB BEKASI,169800,slot-13,Cash on Delivery,5,33
3PLB-DRIVER-2,0812-XXXX-XXXX,kecamatan grogol petamburan,Customer_584,cust@XXXX.com,2026-04-01,"Anonymized Street, Jabodetabek",0812-XXXX-XXXX,Sample_Order_9,RETURNING,1,HALF MEDIUM BOX,6.9,Zone 3,7000,Kramat - JAKPUS,126900,slot-1bb,Credit Card,4,90
3PLB-DRIVER-1,0812-XXXX-XXXX,kecamatan penjaringan,Customer_585,cust@XXXX.com,2026-04-01,"Anonymized Street, Jabodetabek",0812-XXXX-XXXX,Sample_Order_1,RETURNING,1,HALF MEDIUM BOX,11.13,Zone 4,11000,Bintaro - TANGSEL,116100,slot-sameday,OVO Wallet,2,85
3PLB-DRIVER-3,0812-XXXX-XXXX,kecamatan pinang,Customer_586,cust@XXXX.com,2026-04-01,"Anonymized Street, Jabodetabek",0812-XXXX-XXXX,Sample_Order_2,RETURNING,1,PLASTIC,7.03,Zone 3,7000,Kembangan - JAKBAR,624450,slot-0bb,Credit Card,8,24
3PLA-DRIVER-2,0812-XXXX-XXXX,kecamatan grogol petamburan,Customer_587,cust@XXXX.com,2026-04-01,"Anonymized Street, Jabodetabek",0812-XXXX-XXXX,Sample_Order_5,,1,,8.03,Zone 3,7000,Kramat - JAKPUS,273600,slot-2,Cash on Delivery,5,276
3PLB-DRIVER-2,0812-XXXX-XXXX,kecamatan jagakarsa,Customer_588,cust@XXXX.com,2026-04-01,"Anonymized Street, Jabodetabek",0812-XXXX-XXXX,Sample_Order_1,RETURNING,1,HALF MEDIUM BOX,11.13,Zone 4,11000,Bintaro - TANGSEL,116100,slot-sameday,OVO Wallet,2,85
3PLC-DRIVER-2,0812-XXXX-XXXX,kecamatan parung panjang,Customer_589,cust@XXXX.com,2026-04-01,"Anonymized Street, Jabodetabek",0812-XXXX-XXXX,Sample_Order_3,RETURNING,1,PLASTIC,6.8,Zone 3,7000,Kembangan - JAKBAR,151710,slot-sameday03,ShopeePay,4,197
3PLA-DRIVER-2,0812-XXXX-XXXX,cikarang selatan,Customer_590,cust@XXXX.com,2026-04-01,"Anonymized Street, Jabodetabek",0812-XXXX-XXXX,Sample_Order_9,RETURNING,1,HALF MEDIUM BOX,6.9,Zone 3,7000,Kramat - JAKPUS,126900,slot-0,Credit Card,4,90
Sample_Driver_8,0812-XXXX-XXXX,kecamatan pinang,Customer_591,cust@XXXX.com,2026-04-01,"Anonymized Street, Jabodetabek",0812-XXXX-XXXX,Sample_Order_6,NEW,1,MEDIUM BOX,9.05,Zone 4,11000,Cibitung - KAB BEKASI,169800,slot-0bb,Cash on Delivery,5,33
3PLB-DRIVER-1,0812-XXXX-XXXX,kecamatan jagakarsa,Customer_592,cust@XXXX.com,2026-04-01,"Anonymized Street, Jabodetabek",0812-XXXX-XXXX,Sample_Order_1,RETURNING,1,HALF MEDIUM BOX,11.13,Zone 4,11000,Bintaro - TANGSEL,116100,slot-0bb,OVO Wallet,2,85
3PLA-DRIVER-2,0812-XXXX-XXXX,kecamatan penjaringan,Customer_593,cust@XXXX.com,2026-04-01,"Anonymized Street, Jabodetabek",0812-XXXX-XXXX,Sample_Order_8,RETURNING,1,HALF MEDIUM BOX,3.65,Zone 2,6500,Beji - Depok,78200,slot-2,GO-PAY Wallet,2,111
3PLC-DRIVER-2,0812-XXXX-XXXX,kecamatan pademangan,Customer_594,cust@XXXX.com,2026-04-01,"Anonymized Street, Jabodetabek",0812-XXXX-XXXX,Sample_Order_6,NEW,1,MEDIUM BOX,9.05,Zone 4,11000,Cibitung - KAB BEKASI,169800,slot-1bb,Cash on Delivery,5,33
3PLA-DRIVER-2,0812-XXXX-XXXX,kecamatan pinang,Customer_595,cust@XXXX.com,2026-04-01,"Anonymized Street, Jabodetabek",0812-XXXX-XXXX,Sample_Order_9,RETURNING,1,HALF MEDIUM BOX,6.9,Zone 3,7000,Kramat - JAKPUS,126900,slot-sameday03,Credit Card,4,90
3PLC-DRIVER-2,0812-XXXX-XXXX,kecamatan penjaringan,Customer_596,cust@XXXX.com,2026-04-01,"Anonymized Street, Jabodetabek",0812-XXXX-XXXX,Sample_Order_1,RETURNING,1,HALF MEDIUM BOX,11.13,Zone 4,11000,Bintaro - TANGSEL,116100,slot-0bb,OVO Wallet,2,85
3PLB-DRIVER-3,0812-XXXX-XXXX,kecamatan penjaringan,Customer_597,cust@XXXX.com,2026-04-01,"Anonymized Street, Jabodetabek",0812-XXXX-XXXX,Sample_Order_8,RETURNING,1,HALF MEDIUM BOX,3.65,Zone 2,6500,Beji - Depok,78200,slot-13,GO-PAY Wallet,2,111
3PLC-DRIVER-2,0812-XXXX-XXXX,kecamatan penjaringan,Customer_598,cust@XXXX.com,2026-04-01,"Anonymized Street, Jabodetabek",0812-XXXX-XXXX,Sample_Order_8,RETURNING,1,HALF MEDIUM BOX,3.65,Zone 2,6500,Beji - Depok,78200,slot-2,GO-PAY Wallet,2,111
3PLB-DRIVER-3,0812-XXXX-XXXX,kecamatan grogol petamburan,Customer_599,cust@XXXX.com,2026-04-01,"Anonymized Street, Jabodetabek",0812-XXXX-XXXX,Sample_Order_3,RETURNING,1,PLASTIC,6.8,Zone 3,7000,Kembangan - JAKBAR,151710,slot-2,ShopeePay,4,197
3PLC-DRIVER-1,0812-XXXX-XXXX,kecamatan penjaringan,Customer_600,cust@XXXX.com,2026-04-01,"Anonymized Street, Jabodetabek",0812-XXXX-XXXX,Sample_Order_6,NEW,1,MEDIUM BOX,9.05,Zone 4,11000,Cibitung - KAB BEKASI,169800,slot-1,Cash on Delivery,5,33
3PLA-DRIVER-2,0812-XXXX-XXXX,kecamatan pinang,Customer_601,cust@XXXX.com,2026-04-01,"Anonymized Street, Jabodetabek",0812-XXXX-XXXX,Sample_Order_1,RETURNING,1,HALF MEDIUM BOX,11.13,Zone 4,11000,Bintaro - TANGSEL,116100,slot-1,OVO Wallet,2,85
Sample_Driver_8,0812-XXXX-XXXX,sepatan,Customer_602,cust@XXXX.com,2026-04-01,"Anonymized Street, Jabodetabek",0812-XXXX-XXXX,Sample_Order_8,RETURNING,1,HALF MEDIUM BOX,3.65,Zone 2,6500,Beji - Depok,78200,slot-1bb,GO-PAY Wallet,2,111
Sample_Driver_9,0812-XXXX-XXXX,kecamatan grogol petamburan,Customer_603,cust@XXXX.com,2026-04-01,"Anonymized Street, Jabodetabek",0812-XXXX-XXXX,Sample_Order_5,,1,,8.03,Zone 3,7000,Kramat - JAKPUS,273600,slot-0bb,Cash on Delivery,5,276
3PLB-DRIVER-3,0812-XXXX-XXXX,kecamatan jagakarsa,Customer_604,cust@XXXX.com,2026-04-01,"Anonymized Street, Jabodetabek",0812-XXXX-XXXX,Sample_Order_7,RETURNING,1,HALF MEDIUM BOX,7.41,Zone 3,7000,Satellite HUB Karawaci,126300,slot-1bb,Credit Card,2,34
3PLC-DRIVER-2,0812-XXXX-XXXX,kecamatan parung panjang,Customer_605,cust@XXXX.com,2026-04-01,"Anonymized Street, Jabodetabek",0812-XXXX-XXXX,Sample_Order_9,RETURNING,1,HALF MEDIUM BOX,6.9,Zone 3,7000,Kramat - JAKPUS,126900,slot-1bb,Credit Card,4,90
Sample_Driver_9,0812-XXXX-XXXX,kecamatan penjaringan,Customer_606,cust@XXXX.com,2026-04-01,"Anonymized Street, Jabodetabek",0812-XXXX-XXXX,Sample_Order_1,RETURNING,1,HALF MEDIUM BOX,11.13,Zone 4,11000,Bintaro - TANGSEL,116100,slot-1,OVO Wallet,2,85
3PLB-DRIVER-3,0812-XXXX-XXXX,kecamatan penjaringan,Customer_607,cust@XXXX.com,2026-04-01,"Anonymized Street, Jabodetabek",0812-XXXX-XXXX,Sample_Order_0,RETURNING,1,PLASTIC,5.54,Zone 2,6500,Kramat - JAKPUS,227370,slot-sameday,Cash on Delivery,5,242
Sample_Driver_8,0812-XXXX-XXXX,kecamatan grogol petamburan,Customer_608,cust@XXXX.com,2026-04-01,"Anonymized Street, Jabodetabek",0812-XXXX-XXXX,Sample_Order_1,RETURNING,1,HALF MEDIUM BOX,11.13,Zone 4,11000,Bintaro - TANGSEL,116100,slot-sameday,OVO Wallet,2,85
3PLC-DRIVER-2,0812-XXXX-XXXX,kecamatan pinang,Customer_609,cust@XXXX.com,2026-04-01,"Anonymized Street, Jabodetabek",0812-XXXX-XXXX,Sample_Order_8,RETURNING,1,HALF MEDIUM BOX,3.65,Zone 2,6500,Beji - Depok,78200,slot-1,GO-PAY Wallet,2,111
3PLC-DRIVER-1,0812-XXXX-XXXX,kecamatan penjaringan,Customer_610,cust@XXXX.com,2026-04-01,"Anonymized Street, Jabodetabek",0812-XXXX-XXXX,Sample_Order_3,RETURNING,1,PLASTIC,6.8,Zone 3,7000,Kembangan - JAKBAR,151710,slot-0bb,ShopeePay,4,197
3PLB-DRIVER-1,0812-XXXX-XXXX,kecamatan parung panjang,Customer_611,cust@XXXX.com,2026-04-01,"Anonymized Street, Jabodetabek",0812-XXXX-XXXX,Sample_Order_6,NEW,1,MEDIUM BOX,9.05,Zone 4,11000,Cibitung - KAB BEKASI,169800,slot-sameday,Cash on Delivery,5,33
3PLB-DRIVER-1,0812-XXXX-XXXX,cikarang selatan,Customer_612,cust@XXXX.com,2026-04-01,"Anonymized Street, Jabodetabek",0812-XXXX-XXXX,Sample_Order_2,RETURNING,1,PLASTIC,7.03,Zone 3,7000,Kembangan - JAKBAR,624450,slot-1bb,Credit Card,8,24
3PLC-DRIVER-1,0812-XXXX-XXXX,kecamatan jagakarsa,Customer_613,cust@XXXX.com,2026-04-01,"Anonymized Street, Jabodetabek",0812-XXXX-XXXX,Sample_Order_1,RETURNING,1,HALF MEDIUM BOX,11.13,Zone 4,11000,Bintaro - TANGSEL,116100,slot-sameday03,OVO Wallet,2,85
Sample_Driver_9,0812-XXXX-XXXX,kecamatan jagakarsa,Customer_614,cust@XXXX.com,2026-04-01,"Anonymized Street, Jabodetabek",0812-XXXX-XXXX,Sample_Order_8,RETURNING,1,HALF MEDIUM BOX,3.65,Zone 2,6500,Beji - Depok,78200,slot-0,GO-PAY Wallet,2,111
3PLC-DRIVER-2,0812-XXXX-XXXX,cikarang selatan,Customer_615,cust@XXXX.com,2026-04-01,"Anonymized Street, Jabodetabek",0812-XXXX-XXXX,Sample_Order_8,RETURNING,1,HALF MEDIUM BOX,3.65,Zone 2,6500,Beji - Depok,78200,slot-sameday,GO-PAY Wallet,2,111
3PLA-DRIVER-2,0812-XXXX-XXXX,sepatan,Customer_616,cust@XXXX.com,2026-04-01,"Anonymized Street, Jabodetabek",0812-XXXX-XXXX,Sample_Order_5,,1,,8.03,Zone 3,7000,Kramat - JAKPUS,273600,slot-2,Cash on Delivery,5,276
3PLA-DRIVER-1,0812-XXXX-XXXX,cikarang selatan,Customer_617,cust@XXXX.com,2026-04-01,"Anonymized Street, Jabodetabek",0812-XXXX-XXXX,Sample_Order_5,,1,,8.03,Zone 3,7000,Kramat - JAKPUS,273600,slot-1,Cash on Delivery,5,276
3PLC-DRIVER-2,0812-XXXX-XXXX,cikarang selatan,Customer_618,cust@XXXX.com,2026-04-01,"Anonymized Street, Jabodetabek",0812-XXXX-XXXX,Sample_Order_7,RETURNING,1,HALF MEDIUM BOX,7.41,Zone 3,7000,Satellite HUB Karawaci,126300,slot-sameday03,Credit Card,2,34
Sample_Driver_9,0812-XXXX-XXXX,kecamatan grogol petamburan,Customer_619,cust@XXXX.com,2026-04-01,"Anonymized Street, Jabodetabek",0812-XXXX-XXXX,Sample_Order_0,RETURNING,1,PLASTIC,5.54,Zone 2,6500,Kramat - JAKPUS,227370,slot-0bb,Cash on Delivery,5,242
3PLA-DRIVER-2,0812-XXXX-XXXX,cikarang selatan,Customer_620,cust@XXXX.com,2026-04-01,"Anonymized Street, Jabodetabek",0812-XXXX-XXXX,Sample_Order_9,RETURNING,1,HALF MEDIUM BOX,6.9,Zone 3,7000,Kramat - JAKPUS,126900,slot-0bb,Credit Card,4,90
3PLC-DRIVER-1,0812-XXXX-XXXX,kecamatan pademangan,Customer_621,cust@XXXX.com,2026-04-01,"Anonymized Street, Jabodetabek",0812-XXXX-XXXX,Sample_Order_5,,1,,8.03,Zone 3,7000,Kramat - JAKPUS,273600,slot-sameday,Cash on Delivery,5,276
3PLB-DRIVER-2,0812-XXXX-XXXX,cikarang selatan,Customer_622,cust@XXXX.com,2026-04-01,"Anonymized Street, Jabodetabek",0812-XXXX-XXXX,Sample_Order_3,RETURNING,1,PLASTIC,6.8,Zone 3,7000,Kembangan - JAKBAR,151710,slot-sameday03,ShopeePay,4,197
3PLB-DRIVER-3,0812-XXXX-XXXX,sepatan,Customer_623,cust@XXXX.com,2026-04-01,"Anonymized Street, Jabodetabek",0812-XXXX-XXXX,Sample_Order_7,RETURNING,1,HALF MEDIUM BOX,7.41,Zone 3,7000,Satellite HUB Karawaci,126300,slot-2,Credit Card,2,34
Sample_Driver_8,0812-XXXX-XXXX,kecamatan grogol petamburan,Customer_624,cust@XXXX.com,2026-04-01,"Anonymized Street, Jabodetabek",0812-XXXX-XXXX,Sample_Order_0,RETURNING,1,PLASTIC,5.54,Zone 2,6500,Kramat - JAKPUS,227370,slot-0,Cash on Delivery,5,242
3PLC-DRIVER-2,0812-XXXX-XXXX,cikarang selatan,Customer_625,cust@XXXX.com,2026-04-01,"Anonymized Street, Jabodetabek",0812-XXXX-XXXX,Sample_Order_1,RETURNING,1,HALF MEDIUM BOX,11.13,Zone 4,11000,Bintaro - TANGSEL,116100,slot-2,OVO Wallet,2,85
3PLC-DRIVER-2,0812-XXXX-XXXX,kecamatan setiabudi,Customer_626,cust@XXXX.com,2026-04-01,"Anonymized Street, Jabodetabek",0812-XXXX-XXXX,Sample_Order_9,RETURNING,1,HALF MEDIUM BOX,6.9,Zone 3,7000,Kramat - JAKPUS,126900,slot-sameday,Credit Card,4,90
3PLB-DRIVER-2,0812-XXXX-XXXX,kecamatan jagakarsa,Customer_627,cust@XXXX.com,2026-04-01,"Anonymized Street, Jabodetabek",0812-XXXX-XXXX,Sample_Order_2,RETURNING,1,PLASTIC,7.03,Zone 3,7000,Kembangan - JAKBAR,624450,slot-2,Credit Card,8,24
3PLA-DRIVER-2,0812-XXXX-XXXX,kecamatan pinang,Customer_628,cust@XXXX.com,2026-04-01,"Anonymized Street, Jabodetabek",0812-XXXX-XXXX,Sample_Order_3,RETURNING,1,PLASTIC,6.8,Zone 3,7000,Kembangan - JAKBAR,151710,slot-sameday,ShopeePay,4,197
3PLC-DRIVER-2,0812-XXXX-XXXX,kecamatan parung panjang,Customer_629,cust@XXXX.com,2026-04-01,"Anonymized Street, Jabodetabek",0812-XXXX-XXXX,Sample_Order_9,RETURNING,1,HALF MEDIUM BOX,6.9,Zone 3,7000,Kramat - JAKPUS,126900,slot-2,Credit Card,4,90
3PLC-DRIVER-1,0812-XXXX-XXXX,kecamatan penjaringan,Customer_630,cust@XXXX.com,2026-04-01,"Anonymized Street, Jabodetabek",0812-XXXX-XXXX,Sample_Order_0,RETURNING,1,PLASTIC,5.54,Zone 2,6500,Kramat - JAKPUS,227370,slot-0bb,Cash on Delivery,5,242
3PLC-DRIVER-1,0812-XXXX-XXXX,sepatan,Customer_631,cust@XXXX.com,2026-04-01,"Anonymized Street, Jabodetabek",0812-XXXX-XXXX,Sample_Order_3,RETURNING,1,PLASTIC,6.8,Zone 3,7000,Kembangan - JAKBAR,151710,slot-1,ShopeePay,4,197
3PLB-DRIVER-3,0812-XXXX-XXXX,cikarang selatan,Customer_632,cust@XXXX.com,2026-04-01,"Anonymized Street, Jabodetabek",0812-XXXX-XXXX,Sample_Order_3,RETURNING,1,PLASTIC,6.8,Zone 3,7000,Kembangan - JAKBAR,151710,slot-0bb,ShopeePay,4,197
3PLC-DRIVER-2,0812-XXXX-XXXX,kecamatan setiabudi,Customer_633,cust@XXXX.com,2026-04-01,"Anonymized Street, Jabodetabek",0812-XXXX-XXXX,Sample_Order_7,RETURNING,1,HALF MEDIUM BOX,7.41,Zone 3,7000,Satellite HUB Karawaci,126300,slot-sameday,Credit Card,2,34
3PLA-DRIVER-2,0812-XXXX-XXXX,kecamatan penjaringan,Customer_634,cust@XXXX.com,2026-04-01,"Anonymized Street, Jabodetabek",0812-XXXX-XXXX,Sample_Order_6,NEW,1,MEDIUM BOX,9.05,Zone 4,11000,Cibitung - KAB BEKASI,169800,slot-0bb,Cash on Delivery,5,33
3PLA-DRIVER-2,0812-XXXX-XXXX,kecamatan pinang,Customer_635,cust@XXXX.com,2026-04-01,"Anonymized Street, Jabodetabek",0812-XXXX-XXXX,Sample_Order_8,RETURNING,1,HALF MEDIUM BOX,3.65,Zone 2,6500,Beji - Depok,78200,slot-1,GO-PAY Wallet,2,111
3PLB-DRIVER-2,0812-XXXX-XXXX,kecamatan pinang,Customer_636,cust@XXXX.com,2026-04-01,"Anonymized Street, Jabodetabek",0812-XXXX-XXXX,Sample_Order_6,NEW,1,MEDIUM BOX,9.05,Zone 4,11000,Cibitung - KAB BEKASI,169800,slot-1,Cash on Delivery,5,33
3PLA-DRIVER-1,0812-XXXX-XXXX,kecamatan jagakarsa,Customer_637,cust@XXXX.com,2026-04-01,"Anonymized Street, Jabodetabek",0812-XXXX-XXXX,Sample_Order_6,NEW,1,MEDIUM BOX,9.05,Zone 4,11000,Cibitung - KAB BEKASI,169800,slot-1,Cash on Delivery,5,33
3PLB-DRIVER-2,0812-XXXX-XXXX,kecamatan jagakarsa,Customer_638,cust@XXXX.com,2026-04-01,"Anonymized Street, Jabodetabek",0812-XXXX-XXXX,Sample_Order_1,RETURNING,1,HALF MEDIUM BOX,11.13,Zone 4,11000,Bintaro - TANGSEL,116100,slot-0bb,OVO Wallet,2,85
3PLB-DRIVER-1,0812-XXXX-XXXX,kecamatan jagakarsa,Customer_639,cust@XXXX.com,2026-04-01,"Anonymized Street, Jabodetabek",0812-XXXX-XXXX,Sample_Order_7,RETURNING,1,HALF MEDIUM BOX,7.41,Zone 3,7000,Satellite HUB Karawaci,126300,slot-sameday03,Credit Card,2,34
3PLB-DRIVER-3,0812-XXXX-XXXX,kecamatan jagakarsa,Customer_640,cust@XXXX.com,2026-04-01,"Anonymized Street, Jabodetabek",0812-XXXX-XXXX,Sample_Order_3,RETURNING,1,PLASTIC,6.8,Zone 3,7000,Kembangan - JAKBAR,151710,slot-sameday,ShopeePay,4,197
3PLA-DRIVER-1,0812-XXXX-XXXX,sepatan,Customer_641,cust@XXXX.com,2026-04-01,"Anonymized Street, Jabodetabek",0812-XXXX-XXXX,Sample_Order_8,RETURNING,1,HALF MEDIUM BOX,3.65,Zone 2,6500,Beji - Depok,78200,slot-2,GO-PAY Wallet,2,111
3PLC-DRIVER-2,0812-XXXX-XXXX,kecamatan pademangan,Customer_642,cust@XXXX.com,2026-04-01,"Anonymized Street, Jabodetabek",0812-XXXX-XXXX,Sample_Order_3,RETURNING,1,PLASTIC,6.8,Zone 3,7000,Kembangan - JAKBAR,151710,slot-0,ShopeePay,4,197
3PLC-DRIVER-2,0812-XXXX-XXXX,kecamatan grogol petamburan,Customer_643,cust@XXXX.com,2026-04-01,"Anonymized Street, Jabodetabek",0812-XXXX-XXXX,Sample_Order_8,RETURNING,1,HALF MEDIUM BOX,3.65,Zone 2,6500,Beji - Depok,78200,slot-sameday03,GO-PAY Wallet,2,111
3PLB-DRIVER-3,0812-XXXX-XXXX,kecamatan jatinegara,Customer_644,cust@XXXX.com,2026-04-01,"Anonymized Street, Jabodetabek",0812-XXXX-XXXX,Sample_Order_8,RETURNING,1,HALF MEDIUM BOX,3.65,Zone 2,6500,Beji - Depok,78200,slot-0bb,GO-PAY Wallet,2,111
Sample_Driver_8,0812-XXXX-XXXX,cikarang selatan,Customer_645,cust@XXXX.com,2026-04-01,"Anonymized Street, Jabodetabek",0812-XXXX-XXXX,Sample_Order_1,RETURNING,1,HALF MEDIUM BOX,11.13,Zone 4,11000,Bintaro - TANGSEL,116100,slot-sameday,OVO Wallet,2,85
3PLC-DRIVER-2,0812-XXXX-XXXX,kecamatan jatinegara,Customer_646,cust@XXXX.com,2026-04-01,"Anonymized Street, Jabodetabek",0812-XXXX-XXXX,Sample_Order_2,RETURNING,1,PLASTIC,7.03,Zone 3,7000,Kembangan - JAKBAR,624450,slot-0bb,Credit Card,8,24
3PLA-DRIVER-1,0812-XXXX-XXXX,kecamatan jatinegara,Customer_647,cust@XXXX.com,2026-04-01,"Anonymized Street, Jabodetabek",0812-XXXX-XXXX,Sample_Order_9,RETURNING,1,HALF MEDIUM BOX,6.9,Zone 3,7000,Kramat - JAKPUS,126900,slot-13,Credit Card,4,90
3PLC-DRIVER-1,0812-XXXX-XXXX,kecamatan setiabudi,Customer_648,cust@XXXX.com,2026-04-01,"Anonymized Street, Jabodetabek",0812-XXXX-XXXX,Sample_Order_4,RETURNING,1,PLASTIC,4.79,Zone 2,6500,Kramat - JAKPUS,162800,slot-13,MANDIRI VA Transferpay!,4,99
3PLC-DRIVER-2,0812-XXXX-XXXX,kecamatan penjaringan,Customer_649,cust@XXXX.com,2026-04-01,"Anonymized Street, Jabodetabek",0812-XXXX-XXXX,Sample_Order_3,RETURNING,1,PLASTIC,6.8,Zone 3,7000,Kembangan - JAKBAR,151710,slot-2,ShopeePay,4,197
3PLB-DRIVER-3,0812-XXXX-XXXX,kecamatan jatinegara,Customer_650,cust@XXXX.com,2026-04-01,"Anonymized Street, Jabodetabek",0812-XXXX-XXXX,Sample_Order_5,,1,,8.03,Zone 3,7000,Kramat - JAKPUS,273600,slot-1bb,Cash on Delivery,5,276
3PLC-DRIVER-2,0812-XXXX-XXXX,kecamatan setiabudi,Customer_651,cust@XXXX.com,2026-04-01,"Anonymized Street, Jabodetabek",0812-XXXX-XXXX,Sample_Order_0,RETURNING,1,PLASTIC,5.54,Zone 2,6500,Kramat - JAKPUS,227370,slot-sameday,Cash on Delivery,5,242
3PLB-DRIVER-3,0812-XXXX-XXXX,kecamatan jatinegara,Customer_652,cust@XXXX.com,2026-04-01,"Anonymized Street, Jabodetabek",0812-XXXX-XXXX,Sample_Order_4,RETURNING,1,PLASTIC,4.79,Zone 2,6500,Kramat - JAKPUS,162800,slot-13,MANDIRI VA Transferpay!,4,99
Sample_Driver_8,0812-XXXX-XXXX,kecamatan penjaringan,Customer_653,cust@XXXX.com,2026-04-01,"Anonymized Street, Jabodetabek",0812-XXXX-XXXX,Sample_Order_1,RETURNING,1,HALF MEDIUM BOX,11.13,Zone 4,11000,Bintaro - TANGSEL,116100,slot-0bb,OVO Wallet,2,85
3PLB-DRIVER-2,0812-XXXX-XXXX,kecamatan pademangan,Customer_654,cust@XXXX.com,2026-04-01,"Anonymized Street, Jabodetabek",0812-XXXX-XXXX,Sample_Order_2,RETURNING,1,PLASTIC,7.03,Zone 3,7000,Kembangan - JAKBAR,624450,slot-0,Credit Card,8,24
Sample_Driver_9,0812-XXXX-XXXX,kecamatan penjaringan,Customer_655,cust@XXXX.com,2026-04-01,"Anonymized Street, Jabodetabek",0812-XXXX-XXXX,Sample_Order_1,RETURNING,1,HALF MEDIUM BOX,11.13,Zone 4,11000,Bintaro - TANGSEL,116100,slot-sameday03,OVO Wallet,2,85
3PLA-DRIVER-2,0812-XXXX-XXXX,kecamatan jatinegara,Customer_656,cust@XXXX.com,2026-04-01,"Anonymized Street, Jabodetabek",0812-XXXX-XXXX,Sample_Order_3,RETURNING,1,PLASTIC,6.8,Zone 3,7000,Kembangan - JAKBAR,151710,slot-2,ShopeePay,4,197
Sample_Driver_9,0812-XXXX-XXXX,kecamatan pinang,Customer_657,cust@XXXX.com,2026-04-01,"Anonymized Street, Jabodetabek",0812-XXXX-XXXX,Sample_Order_3,RETURNING,1,PLASTIC,6.8,Zone 3,7000,Kembangan - JAKBAR,151710,slot-1,ShopeePay,4,197
Sample_Driver_8,0812-XXXX-XXXX,kecamatan pinang,Customer_658,cust@XXXX.com,2026-04-01,"Anonymized Street, Jabodetabek",0812-XXXX-XXXX,Sample_Order_8,RETURNING,1,HALF MEDIUM BOX,3.65,Zone 2,6500,Beji - Depok,78200,slot-sameday,GO-PAY Wallet,2,111
3PLB-DRIVER-3,0812-XXXX-XXXX,kecamatan jatinegara,Customer_659,cust@XXXX.com,2026-04-01,"Anonymized Street, Jabodetabek",0812-XXXX-XXXX,Sample_Order_5,,1,,8.03,Zone 3,7000,Kramat - JAKPUS,273600,slot-1,Cash on Delivery,5,276
Sample_Driver_8,0812-XXXX-XXXX,kecamatan grogol petamburan,Customer_660,cust@XXXX.com,2026-04-01,"Anonymized Street, Jabodetabek",0812-XXXX-XXXX,Sample_Order_7,RETURNING,1,HALF MEDIUM BOX,7.41,Zone 3,7000,Satellite HUB Karawaci,126300,slot-0bb,Credit Card,2,34
3PLB-DRIVER-3,0812-XXXX-XXXX,cikarang selatan,Customer_661,cust@XXXX.com,2026-04-01,"Anonymized Street, Jabodetabek",0812-XXXX-XXXX,Sample_Order_2,RETURNING,1,PLASTIC,7.03,Zone 3,7000,Kembangan - JAKBAR,624450,slot-13,Credit Card,8,24
3PLA-DRIVER-2,0812-XXXX-XXXX,kecamatan pinang,Customer_662,cust@XXXX.com,2026-04-01,"Anonymized Street, Jabodetabek",0812-XXXX-XXXX,Sample_Order_3,RETURNING,1,PLASTIC,6.8,Zone 3,7000,Kembangan - JAKBAR,151710,slot-0bb,ShopeePay,4,197
3PLB-DRIVER-2,0812-XXXX-XXXX,kecamatan jagakarsa,Customer_663,cust@XXXX.com,2026-04-01,"Anonymized Street, Jabodetabek",0812-XXXX-XXXX,Sample_Order_1,RETURNING,1,HALF MEDIUM BOX,11.13,Zone 4,11000,Bintaro - TANGSEL,116100,slot-1bb,OVO Wallet,2,85
3PLC-DRIVER-1,0812-XXXX-XXXX,kecamatan jatinegara,Customer_664,cust@XXXX.com,2026-04-01,"Anonymized Street, Jabodetabek",0812-XXXX-XXXX,Sample_Order_7,RETURNING,1,HALF MEDIUM BOX,7.41,Zone 3,7000,Satellite HUB Karawaci,126300,slot-sameday03,Credit Card,2,34
3PLB-DRIVER-3,0812-XXXX-XXXX,kecamatan parung panjang,Customer_665,cust@XXXX.com,2026-04-01,"Anonymized Street, Jabodetabek",0812-XXXX-XXXX,Sample_Order_3,RETURNING,1,PLASTIC,6.8,Zone 3,7000,Kembangan - JAKBAR,151710,slot-13,ShopeePay,4,197
3PLC-DRIVER-1,0812-XXXX-XXXX,sepatan,Customer_666,cust@XXXX.com,2026-04-01,"Anonymized Street, Jabodetabek",0812-XXXX-XXXX,Sample_Order_0,RETURNING,1,PLASTIC,5.54,Zone 2,6500,Kramat - JAKPUS,227370,slot-sameday03,Cash on Delivery,5,242
3PLC-DRIVER-2,0812-XXXX-XXXX,kecamatan pademangan,Customer_667,cust@XXXX.com,2026-04-01,"Anonymized Street, Jabodetabek",0812-XXXX-XXXX,Sample_Order_4,RETURNING,1,PLASTIC,4.79,Zone 2,6500,Kramat - JAKPUS,162800,slot-0bb,MANDIRI VA Transferpay!,4,99
3PLB-DRIVER-1,0812-XXXX-XXXX,kecamatan jatinegara,Customer_668,cust@XXXX.com,2026-04-01,"Anonymized Street, Jabodetabek",0812-XXXX-XXXX,Sample_Order_7,RETURNING,1,HALF MEDIUM BOX,7.41,Zone 3,7000,Satellite HUB Karawaci,126300,slot-1,Credit Card,2,34
3PLC-DRIVER-2,0812-XXXX-XXXX,kecamatan pinang,Customer_669,cust@XXXX.com,2026-04-01,"Anonymized Street, Jabodetabek",0812-XXXX-XXXX,Sample_Order_4,RETURNING,1,PLASTIC,4.79,Zone 2,6500,Kramat - JAKPUS,162800,slot-1bb,MANDIRI VA Transferpay!,4,99
3PLA-DRIVER-2,0812-XXXX-XXXX,kecamatan jatinegara,Customer_670,cust@XXXX.com,2026-04-01,"Anonymized Street, Jabodetabek",0812-XXXX-XXXX,Sample_Order_6,NEW,1,MEDIUM BOX,9.05,Zone 4,11000,Cibitung - KAB BEKASI,169800,slot-1,Cash on Delivery,5,33
3PLA-DRIVER-1,0812-XXXX-XXXX,kecamatan pademangan,Customer_671,cust@XXXX.com,2026-04-01,"Anonymized Street, Jabodetabek",0812-XXXX-XXXX,Sample_Order_9,RETURNING,1,HALF MEDIUM BOX,6.9,Zone 3,7000,Kramat - JAKPUS,126900,slot-sameday,Credit Card,4,90
Sample_Driver_8,0812-XXXX-XXXX,kecamatan grogol petamburan,Customer_672,cust@XXXX.com,2026-04-01,"Anonymized Street, Jabodetabek",0812-XXXX-XXXX,Sample_Order_6,NEW,1,MEDIUM BOX,9.05,Zone 4,11000,Cibitung - KAB BEKASI,169800,slot-0bb,Cash on Delivery,5,33
3PLB-DRIVER-3,0812-XXXX-XXXX,sepatan,Customer_673,cust@XXXX.com,2026-04-01,"Anonymized Street, Jabodetabek",0812-XXXX-XXXX,Sample_Order_3,RETURNING,1,PLASTIC,6.8,Zone 3,7000,Kembangan - JAKBAR,151710,slot-0bb,ShopeePay,4,197
3PLB-DRIVER-3,0812-XXXX-XXXX,kecamatan pinang,Customer_674,cust@XXXX.com,2026-04-01,"Anonymized Street, Jabodetabek",0812-XXXX-XXXX,Sample_Order_3,RETURNING,1,PLASTIC,6.8,Zone 3,7000,Kembangan - JAKBAR,151710,slot-1bb,ShopeePay,4,197
3PLB-DRIVER-2,0812-XXXX-XXXX,kecamatan jatinegara,Customer_675,cust@XXXX.com,2026-04-01,"Anonymized Street, Jabodetabek",0812-XXXX-XXXX,Sample_Order_6,NEW,1,MEDIUM BOX,9.05,Zone 4,11000,Cibitung - KAB BEKASI,169800,slot-0,Cash on Delivery,5,33
3PLB-DRIVER-1,0812-XXXX-XXXX,kecamatan pinang,Customer_676,cust@XXXX.com,2026-04-01,"Anonymized Street, Jabodetabek",0812-XXXX-XXXX,Sample_Order_9,RETURNING,1,HALF MEDIUM BOX,6.9,Zone 3,7000,Kramat - JAKPUS,126900,slot-0bb,Credit Card,4,90
3PLC-DRIVER-1,0812-XXXX-XXXX,kecamatan setiabudi,Customer_677,cust@XXXX.com,2026-04-01,"Anonymized Street, Jabodetabek",0812-XXXX-XXXX,Sample_Order_1,RETURNING,1,HALF MEDIUM BOX,11.13,Zone 4,11000,Bintaro - TANGSEL,116100,slot-1bb,OVO Wallet,2,85
3PLB-DRIVER-2,0812-XXXX-XXXX,sepatan,Customer_678,cust@XXXX.com,2026-04-01,"Anonymized Street, Jabodetabek",0812-XXXX-XXXX,Sample_Order_0,RETURNING,1,PLASTIC,5.54,Zone 2,6500,Kramat - JAKPUS,227370,slot-sameday03,Cash on Delivery,5,242
Sample_Driver_8,0812-XXXX-XXXX,kecamatan jatinegara,Customer_679,cust@XXXX.com,2026-04-01,"Anonymized Street, Jabodetabek",0812-XXXX-XXXX,Sample_Order_8,RETURNING,1,HALF MEDIUM BOX,3.65,Zone 2,6500,Beji - Depok,78200,slot-2,GO-PAY Wallet,2,111
3PLC-DRIVER-2,0812-XXXX-XXXX,kecamatan jagakarsa,Customer_680,cust@XXXX.com,2026-04-01,"Anonymized Street, Jabodetabek",0812-XXXX-XXXX,Sample_Order_7,RETURNING,1,HALF MEDIUM BOX,7.41,Zone 3,7000,Satellite HUB Karawaci,126300,slot-0bb,Credit Card,2,34
3PLC-DRIVER-2,0812-XXXX-XXXX,kecamatan pinang,Customer_681,cust@XXXX.com,2026-04-01,"Anonymized Street, Jabodetabek",0812-XXXX-XXXX,Sample_Order_6,NEW,1,MEDIUM BOX,9.05,Zone 4,11000,Cibitung - KAB BEKASI,169800,slot-sameday,Cash on Delivery,5,33
Sample_Driver_9,0812-XXXX-XXXX,sepatan,Customer_682,cust@XXXX.com,2026-04-01,"Anonymized Street, Jabodetabek",0812-XXXX-XXXX,Sample_Order_5,,1,,8.03,Zone 3,7000,Kramat - JAKPUS,273600,slot-sameday03,Cash on Delivery,5,276
3PLB-DRIVER-3,0812-XXXX-XXXX,kecamatan parung panjang,Customer_683,cust@XXXX.com,2026-04-01,"Anonymized Street, Jabodetabek",0812-XXXX-XXXX,Sample_Order_5,,1,,8.03,Zone 3,7000,Kramat - JAKPUS,273600,slot-sameday,Cash on Delivery,5,276
3PLB-DRIVER-3,0812-XXXX-XXXX,sepatan,Customer_684,cust@XXXX.com,2026-04-01,"Anonymized Street, Jabodetabek",0812-XXXX-XXXX,Sample_Order_7,RETURNING,1,HALF MEDIUM BOX,7.41,Zone 3,7000,Satellite HUB Karawaci,126300,slot-1bb,Credit Card,2,34
3PLA-DRIVER-2,0812-XXXX-XXXX,cikarang selatan,Customer_685,cust@XXXX.com,2026-04-01,"Anonymized Street, Jabodetabek",0812-XXXX-XXXX,Sample_Order_9,RETURNING,1,HALF MEDIUM BOX,6.9,Zone 3,7000,Kramat - JAKPUS,126900,slot-sameday,Credit Card,4,90
3PLC-DRIVER-2,0812-XXXX-XXXX,kecamatan pinang,Customer_686,cust@XXXX.com,2026-04-01,"Anonymized Street, Jabodetabek",0812-XXXX-XXXX,Sample_Order_2,RETURNING,1,PLASTIC,7.03,Zone 3,7000,Kembangan - JAKBAR,624450,slot-2,Credit Card,8,24
3PLA-DRIVER-1,0812-XXXX-XXXX,kecamatan parung panjang,Customer_687,cust@XXXX.com,2026-04-01,"Anonymized Street, Jabodetabek",0812-XXXX-XXXX,Sample_Order_0,RETURNING,1,PLASTIC,5.54,Zone 2,6500,Kramat - JAKPUS,227370,slot-1,Cash on Delivery,5,242
3PLA-DRIVER-1,0812-XXXX-XXXX,kecamatan grogol petamburan,Customer_688,cust@XXXX.com,2026-04-01,"Anonymized Street, Jabodetabek",0812-XXXX-XXXX,Sample_Order_2,RETURNING,1,PLASTIC,7.03,Zone 3,7000,Kembangan - JAKBAR,624450,slot-1bb,Credit Card,8,24
3PLB-DRIVER-1,0812-XXXX-XXXX,kecamatan pinang,Customer_689,cust@XXXX.com,2026-04-01,"Anonymized Street, Jabodetabek",0812-XXXX-XXXX,Sample_Order_3,RETURNING,1,PLASTIC,6.8,Zone 3,7000,Kembangan - JAKBAR,151710,slot-0,ShopeePay,4,197
3PLC-DRIVER-2,0812-XXXX-XXXX,kecamatan grogol petamburan,Customer_690,cust@XXXX.com,2026-04-01,"Anonymized Street, Jabodetabek",0812-XXXX-XXXX,Sample_Order_6,NEW,1,MEDIUM BOX,9.05,Zone 4,11000,Cibitung - KAB BEKASI,169800,slot-sameday03,Cash on Delivery,5,33
3PLC-DRIVER-1,0812-XXXX-XXXX,sepatan,Customer_691,cust@XXXX.com,2026-04-01,"Anonymized Street, Jabodetabek",0812-XXXX-XXXX,Sample_Order_2,RETURNING,1,PLASTIC,7.03,Zone 3,7000,Kembangan - JAKBAR,624450,slot-0bb,Credit Card,8,24
3PLC-DRIVER-1,0812-XXXX-XXXX,kecamatan pinang,Customer_692,cust@XXXX.com,2026-04-01,"Anonymized Street, Jabodetabek",0812-XXXX-XXXX,Sample_Order_9,RETURNING,1,HALF MEDIUM BOX,6.9,Zone 3,7000,Kramat - JAKPUS,126900,slot-sameday03,Credit Card,4,90
3PLB-DRIVER-3,0812-XXXX-XXXX,cikarang selatan,Customer_693,cust@XXXX.com,2026-04-01,"Anonymized Street, Jabodetabek",0812-XXXX-XXXX,Sample_Order_7,RETURNING,1,HALF MEDIUM BOX,7.41,Zone 3,7000,Satellite HUB Karawaci,126300,slot-sameday03,Credit Card,2,34
3PLC-DRIVER-2,0812-XXXX-XXXX,kecamatan jatinegara,Customer_694,cust@XXXX.com,2026-04-01,"Anonymized Street, Jabodetabek",0812-XXXX-XXXX,Sample_Order_2,RETURNING,1,PLASTIC,7.03,Zone 3,7000,Kembangan - JAKBAR,624450,slot-sameday03,Credit Card,8,24
3PLC-DRIVER-2,0812-XXXX-XXXX,kecamatan jagakarsa,Customer_695,cust@XXXX.com,2026-04-01,"Anonymized Street, Jabodetabek",0812-XXXX-XXXX,Sample_Order_9,RETURNING,1,HALF MEDIUM BOX,6.9,Zone 3,7000,Kramat - JAKPUS,126900,slot-0bb,Credit Card,4,90
3PLB-DRIVER-3,0812-XXXX-XXXX,kecamatan setiabudi,Customer_696,cust@XXXX.com,2026-04-01,"Anonymized Street, Jabodetabek",0812-XXXX-XXXX,Sample_Order_4,RETURNING,1,PLASTIC,4.79,Zone 2,6500,Kramat - JAKPUS,162800,slot-0,MANDIRI VA Transferpay!,4,99
3PLB-DRIVER-2,0812-XXXX-XXXX,kecamatan pinang,Customer_697,cust@XXXX.com,2026-04-01,"Anonymized Street, Jabodetabek",0812-XXXX-XXXX,Sample_Order_0,RETURNING,1,PLASTIC,5.54,Zone 2,6500,Kramat - JAKPUS,227370,slot-2,Cash on Delivery,5,242
3PLB-DRIVER-2,0812-XXXX-XXXX,kecamatan pademangan,Customer_698,cust@XXXX.com,2026-04-01,"Anonymized Street, Jabodetabek",0812-XXXX-XXXX,Sample_Order_9,RETURNING,1,HALF MEDIUM BOX,6.9,Zone 3,7000,Kramat - JAKPUS,126900,slot-1bb,Credit Card,4,90
Sample_Driver_8,0812-XXXX-XXXX,kecamatan pinang,Customer_699,cust@XXXX.com,2026-04-01,"Anonymized Street, Jabodetabek",0812-XXXX-XXXX,Sample_Order_7,RETURNING,1,HALF MEDIUM BOX,7.41,Zone 3,7000,Satellite HUB Karawaci,126300,slot-0bb,Credit Card,2,34
Sample_Driver_8,0812-XXXX-XXXX,kecamatan penjaringan,Customer_700,cust@XXXX.com,2026-04-01,"Anonymized Street, Jabodetabek",0812-XXXX-XXXX,Sample_Order_4,RETURNING,1,PLASTIC,4.79,Zone 2,6500,Kramat - JAKPUS,162800,slot-1,MANDIRI VA Transferpay!,4,99
Sample_Driver_8,0812-XXXX-XXXX,kecamatan setiabudi,Customer_701,cust@XXXX.com,2026-04-01,"Anonymized Street, Jabodetabek",0812-XXXX-XXXX,Sample_Order_7,RETURNING,1,HALF MEDIUM BOX,7.41,Zone 3,7000,Satellite HUB Karawaci,126300,slot-13,Credit Card,2,34
Sample_Driver_8,0812-XXXX-XXXX,kecamatan grogol petamburan,Customer_702,cust@XXXX.com,2026-04-01,"Anonymized Street, Jabodetabek",0812-XXXX-XXXX,Sample_Order_6,NEW,1,MEDIUM BOX,9.05,Zone 4,11000,Cibitung - KAB BEKASI,169800,slot-1bb,Cash on Delivery,5,33
3PLC-DRIVER-2,0812-XXXX-XXXX,kecamatan pinang,Customer_703,cust@XXXX.com,2026-04-01,"Anonymized Street, Jabodetabek",0812-XXXX-XXXX,Sample_Order_1,RETURNING,1,HALF MEDIUM BOX,11.13,Zone 4,11000,Bintaro - TANGSEL,116100,slot-sameday,OVO Wallet,2,85
3PLB-DRIVER-1,0812-XXXX-XXXX,cikarang selatan,Customer_704,cust@XXXX.com,2026-04-01,"Anonymized Street, Jabodetabek",0812-XXXX-XXXX,Sample_Order_9,RETURNING,1,HALF MEDIUM BOX,6.9,Zone 3,7000,Kramat - JAKPUS,126900,slot-13,Credit Card,4,90
3PLB-DRIVER-2,0812-XXXX-XXXX,sepatan,Customer_705,cust@XXXX.com,2026-04-01,"Anonymized Street, Jabodetabek",0812-XXXX-XXXX,Sample_Order_7,RETURNING,1,HALF MEDIUM BOX,7.41,Zone 3,7000,Satellite HUB Karawaci,126300,slot-sameday,Credit Card,2,34
3PLC-DRIVER-1,0812-XXXX-XXXX,kecamatan jagakarsa,Customer_706,cust@XXXX.com,2026-04-01,"Anonymized Street, Jabodetabek",0812-XXXX-XXXX,Sample_Order_8,RETURNING,1,HALF MEDIUM BOX,3.65,Zone 2,6500,Beji - Depok,78200,slot-2,GO-PAY Wallet,2,111
Sample_Driver_9,0812-XXXX-XXXX,kecamatan pademangan,Customer_707,cust@XXXX.com,2026-04-01,"Anonymized Street, Jabodetabek",0812-XXXX-XXXX,Sample_Order_4,RETURNING,1,PLASTIC,4.79,Zone 2,6500,Kramat - JAKPUS,162800,slot-1,MANDIRI VA Transferpay!,4,99
Sample_Driver_9,0812-XXXX-XXXX,kecamatan jagakarsa,Customer_708,cust@XXXX.com,2026-04-01,"Anonymized Street, Jabodetabek",0812-XXXX-XXXX,Sample_Order_9,RETURNING,1,HALF MEDIUM BOX,6.9,Zone 3,7000,Kramat - JAKPUS,126900,slot-1bb,Credit Card,4,90
3PLC-DRIVER-1,0812-XXXX-XXXX,kecamatan penjaringan,Customer_709,cust@XXXX.com,2026-04-01,"Anonymized Street, Jabodetabek",0812-XXXX-XXXX,Sample_Order_3,RETURNING,1,PLASTIC,6.8,Zone 3,7000,Kembangan - JAKBAR,151710,slot-1bb,ShopeePay,4,197
3PLB-DRIVER-1,0812-XXXX-XXXX,kecamatan penjaringan,Customer_710,cust@XXXX.com,2026-04-01,"Anonymized Street, Jabodetabek",0812-XXXX-XXXX,Sample_Order_7,RETURNING,1,HALF MEDIUM BOX,7.41,Zone 3,7000,Satellite HUB Karawaci,126300,slot-0bb,Credit Card,2,34
3PLB-DRIVER-3,0812-XXXX-XXXX,kecamatan penjaringan,Customer_711,cust@XXXX.com,2026-04-01,"Anonymized Street, Jabodetabek",0812-XXXX-XXXX,Sample_Order_1,RETURNING,1,HALF MEDIUM BOX,11.13,Zone 4,11000,Bintaro - TANGSEL,116100,slot-2,OVO Wallet,2,85
3PLB-DRIVER-2,0812-XXXX-XXXX,kecamatan penjaringan,Customer_712,cust@XXXX.com,2026-04-01,"Anonymized Street, Jabodetabek",0812-XXXX-XXXX,Sample_Order_3,RETURNING,1,PLASTIC,6.8,Zone 3,7000,Kembangan - JAKBAR,151710,slot-2,ShopeePay,4,197
3PLA-DRIVER-2,0812-XXXX-XXXX,kecamatan jatinegara,Customer_713,cust@XXXX.com,2026-04-01,"Anonymized Street, Jabodetabek",0812-XXXX-XXXX,Sample_Order_8,RETURNING,1,HALF MEDIUM BOX,3.65,Zone 2,6500,Beji - Depok,78200,slot-sameday,GO-PAY Wallet,2,111
3PLB-DRIVER-3,0812-XXXX-XXXX,kecamatan grogol petamburan,Customer_714,cust@XXXX.com,2026-04-01,"Anonymized Street, Jabodetabek",0812-XXXX-XXXX,Sample_Order_4,RETURNING,1,PLASTIC,4.79,Zone 2,6500,Kramat - JAKPUS,162800,slot-0,MANDIRI VA Transferpay!,4,99
3PLA-DRIVER-1,0812-XXXX-XXXX,sepatan,Customer_715,cust@XXXX.com,2026-04-01,"Anonymized Street, Jabodetabek",0812-XXXX-XXXX,Sample_Order_5,,1,,8.03,Zone 3,7000,Kramat - JAKPUS,273600,slot-sameday,Cash on Delivery,5,276
3PLB-DRIVER-3,0812-XXXX-XXXX,kecamatan parung panjang,Customer_716,cust@XXXX.com,2026-04-01,"Anonymized Street, Jabodetabek",0812-XXXX-XXXX,Sample_Order_4,RETURNING,1,PLASTIC,4.79,Zone 2,6500,Kramat - JAKPUS,162800,slot-2,MANDIRI VA Transferpay!,4,99
3PLA-DRIVER-2,0812-XXXX-XXXX,kecamatan setiabudi,Customer_717,cust@XXXX.com,2026-04-01,"Anonymized Street, Jabodetabek",0812-XXXX-XXXX,Sample_Order_5,,1,,8.03,Zone 3,7000,Kramat - JAKPUS,273600,slot-13,Cash on Delivery,5,276
3PLA-DRIVER-1,0812-XXXX-XXXX,kecamatan setiabudi,Customer_718,cust@XXXX.com,2026-04-01,"Anonymized Street, Jabodetabek",0812-XXXX-XXXX,Sample_Order_9,RETURNING,1,HALF MEDIUM BOX,6.9,Zone 3,7000,Kramat - JAKPUS,126900,slot-sameday03,Credit Card,4,90
Sample_Driver_8,0812-XXXX-XXXX,kecamatan setiabudi,Customer_719,cust@XXXX.com,2026-04-01,"Anonymized Street, Jabodetabek",0812-XXXX-XXXX,Sample_Order_7,RETURNING,1,HALF MEDIUM BOX,7.41,Zone 3,7000,Satellite HUB Karawaci,126300,slot-1bb,Credit Card,2,34
3PLC-DRIVER-2,0812-XXXX-XXXX,kecamatan penjaringan,Customer_720,cust@XXXX.com,2026-04-01,"Anonymized Street, Jabodetabek",0812-XXXX-XXXX,Sample_Order_8,RETURNING,1,HALF MEDIUM BOX,3.65,Zone 2,6500,Beji - Depok,78200,slot-0bb,GO-PAY Wallet,2,111
Sample_Driver_8,0812-XXXX-XXXX,kecamatan jatinegara,Customer_721,cust@XXXX.com,2026-04-01,"Anonymized Street, Jabodetabek",0812-XXXX-XXXX,Sample_Order_3,RETURNING,1,PLASTIC,6.8,Zone 3,7000,Kembangan - JAKBAR,151710,slot-sameday03,ShopeePay,4,197
3PLB-DRIVER-3,0812-XXXX-XXXX,sepatan,Customer_722,cust@XXXX.com,2026-04-01,"Anonymized Street, Jabodetabek",0812-XXXX-XXXX,Sample_Order_0,RETURNING,1,PLASTIC,5.54,Zone 2,6500,Kramat - JAKPUS,227370,slot-1bb,Cash on Delivery,5,242
3PLB-DRIVER-2,0812-XXXX-XXXX,cikarang selatan,Customer_723,cust@XXXX.com,2026-04-01,"Anonymized Street, Jabodetabek",0812-XXXX-XXXX,Sample_Order_5,,1,,8.03,Zone 3,7000,Kramat - JAKPUS,273600,slot-1,Cash on Delivery,5,276
3PLB-DRIVER-1,0812-XXXX-XXXX,kecamatan parung panjang,Customer_724,cust@XXXX.com,2026-04-01,"Anonymized Street, Jabodetabek",0812-XXXX-XXXX,Sample_Order_1,RETURNING,1,HALF MEDIUM BOX,11.13,Zone 4,11000,Bintaro - TANGSEL,116100,slot-sameday03,OVO Wallet,2,85
3PLA-DRIVER-2,0812-XXXX-XXXX,kecamatan grogol petamburan,Customer_725,cust@XXXX.com,2026-04-01,"Anonymized Street, Jabodetabek",0812-XXXX-XXXX,Sample_Order_8,RETURNING,1,HALF MEDIUM BOX,3.65,Zone 2,6500,Beji - Depok,78200,slot-1bb,GO-PAY Wallet,2,111
Sample_Driver_9,0812-XXXX-XXXX,kecamatan jagakarsa,Customer_726,cust@XXXX.com,2026-04-01,"Anonymized Street, Jabodetabek",0812-XXXX-XXXX,Sample_Order_7,RETURNING,1,HALF MEDIUM BOX,7.41,Zone 3,7000,Satellite HUB Karawaci,126300,slot-sameday,Credit Card,2,34
3PLB-DRIVER-2,0812-XXXX-XXXX,kecamatan grogol petamburan,Customer_727,cust@XXXX.com,2026-04-01,"Anonymized Street, Jabodetabek",0812-XXXX-XXXX,Sample_Order_0,RETURNING,1,PLASTIC,5.54,Zone 2,6500,Kramat - JAKPUS,227370,slot-sameday03,Cash on Delivery,5,242
Sample_Driver_8,0812-XXXX-XXXX,kecamatan grogol petamburan,Customer_728,cust@XXXX.com,2026-04-01,"Anonymized Street, Jabodetabek",0812-XXXX-XXXX,Sample_Order_9,RETURNING,1,HALF MEDIUM BOX,6.9,Zone 3,7000,Kramat - JAKPUS,126900,slot-13,Credit Card,4,90
Sample_Driver_9,0812-XXXX-XXXX,kecamatan parung panjang,Customer_729,cust@XXXX.com,2026-04-01,"Anonymized Street, Jabodetabek",0812-XXXX-XXXX,Sample_Order_1,RETURNING,1,HALF MEDIUM BOX,11.13,Zone 4,11000,Bintaro - TANGSEL,116100,slot-2,OVO Wallet,2,85
3PLC-DRIVER-2,0812-XXXX-XXXX,kecamatan pademangan,Customer_730,cust@XXXX.com,2026-04-01,"Anonymized Street, Jabodetabek",0812-XXXX-XXXX,Sample_Order_6,NEW,1,MEDIUM BOX,9.05,Zone 4,11000,Cibitung - KAB BEKASI,169800,slot-2,Cash on Delivery,5,33
3PLC-DRIVER-2,0812-XXXX-XXXX,kecamatan grogol petamburan,Customer_731,cust@XXXX.com,2026-04-01,"Anonymized Street, Jabodetabek",0812-XXXX-XXXX,Sample_Order_2,RETURNING,1,PLASTIC,7.03,Zone 3,7000,Kembangan - JAKBAR,624450,slot-1bb,Credit Card,8,24
3PLB-DRIVER-2,0812-XXXX-XXXX,kecamatan grogol petamburan,Customer_732,cust@XXXX.com,2026-04-01,"Anonymized Street, Jabodetabek",0812-XXXX-XXXX,Sample_Order_0,RETURNING,1,PLASTIC,5.54,Zone 2,6500,Kramat - JAKPUS,227370,slot-sameday03,Cash on Delivery,5,242
Sample_Driver_8,0812-XXXX-XXXX,sepatan,Customer_733,cust@XXXX.com,2026-04-01,"Anonymized Street, Jabodetabek",0812-XXXX-XXXX,Sample_Order_4,RETURNING,1,PLASTIC,4.79,Zone 2,6500,Kramat - JAKPUS,162800,slot-2,MANDIRI VA Transferpay!,4,99
3PLC-DRIVER-2,0812-XXXX-XXXX,kecamatan penjaringan,Customer_734,cust@XXXX.com,2026-04-01,"Anonymized Street, Jabodetabek",0812-XXXX-XXXX,Sample_Order_8,RETURNING,1,HALF MEDIUM BOX,3.65,Zone 2,6500,Beji - Depok,78200,slot-0,GO-PAY Wallet,2,111
Sample_Driver_9,0812-XXXX-XXXX,kecamatan jatinegara,Customer_735,cust@XXXX.com,2026-04-01,"Anonymized Street, Jabodetabek",0812-XXXX-XXXX,Sample_Order_6,NEW,1,MEDIUM BOX,9.05,Zone 4,11000,Cibitung - KAB BEKASI,169800,slot-0bb,Cash on Delivery,5,33
3PLA-DRIVER-2,0812-XXXX-XXXX,sepatan,Customer_736,cust@XXXX.com,2026-04-01,"Anonymized Street, Jabodetabek",0812-XXXX-XXXX,Sample_Order_0,RETURNING,1,PLASTIC,5.54,Zone 2,6500,Kramat - JAKPUS,227370,slot-13,Cash on Delivery,5,242
3PLB-DRIVER-1,0812-XXXX-XXXX,sepatan,Customer_737,cust@XXXX.com,2026-04-01,"Anonymized Street, Jabodetabek",0812-XXXX-XXXX,Sample_Order_8,RETURNING,1,HALF MEDIUM BOX,3.65,Zone 2,6500,Beji - Depok,78200,slot-13,GO-PAY Wallet,2,111
3PLB-DRIVER-2,0812-XXXX-XXXX,kecamatan jagakarsa,Customer_738,cust@XXXX.com,2026-04-01,"Anonymized Street, Jabodetabek",0812-XXXX-XXXX,Sample_Order_0,RETURNING,1,PLASTIC,5.54,Zone 2,6500,Kramat - JAKPUS,227370,slot-1,Cash on Delivery,5,242
3PLB-DRIVER-2,0812-XXXX-XXXX,kecamatan jatinegara,Customer_739,cust@XXXX.com,2026-04-01,"Anonymized Street, Jabodetabek",0812-XXXX-XXXX,Sample_Order_2,RETURNING,1,PLASTIC,7.03,Zone 3,7000,Kembangan - JAKBAR,624450,slot-0bb,Credit Card,8,24
Sample_Driver_9,0812-XXXX-XXXX,kecamatan setiabudi,Customer_740,cust@XXXX.com,2026-04-01,"Anonymized Street, Jabodetabek",0812-XXXX-XXXX,Sample_Order_4,RETURNING,1,PLASTIC,4.79,Zone 2,6500,Kramat - JAKPUS,162800,slot-2,MANDIRI VA Transferpay!,4,99
3PLB-DRIVER-2,0812-XXXX-XXXX,kecamatan setiabudi,Customer_741,cust@XXXX.com,2026-04-01,"Anonymized Street, Jabodetabek",0812-XXXX-XXXX,Sample_Order_1,RETURNING,1,HALF MEDIUM BOX,11.13,Zone 4,11000,Bintaro - TANGSEL,116100,slot-0bb,OVO Wallet,2,85
3PLB-DRIVER-1,0812-XXXX-XXXX,sepatan,Customer_742,cust@XXXX.com,2026-04-01,"Anonymized Street, Jabodetabek",0812-XXXX-XXXX,Sample_Order_9,RETURNING,1,HALF MEDIUM BOX,6.9,Zone 3,7000,Kramat - JAKPUS,126900,slot-0bb,Credit Card,4,90
3PLB-DRIVER-3,0812-XXXX-XXXX,kecamatan pademangan,Customer_743,cust@XXXX.com,2026-04-01,"Anonymized Street, Jabodetabek",0812-XXXX-XXXX,Sample_Order_7,RETURNING,1,HALF MEDIUM BOX,7.41,Zone 3,7000,Satellite HUB Karawaci,126300,slot-sameday,Credit Card,2,34
3PLA-DRIVER-1,0812-XXXX-XXXX,kecamatan penjaringan,Customer_744,cust@XXXX.com,2026-04-01,"Anonymized Street, Jabodetabek",0812-XXXX-XXXX,Sample_Order_2,RETURNING,1,PLASTIC,7.03,Zone 3,7000,Kembangan - JAKBAR,624450,slot-0bb,Credit Card,8,24
3PLB-DRIVER-2,0812-XXXX-XXXX,kecamatan pinang,Customer_745,cust@XXXX.com,2026-04-01,"Anonymized Street, Jabodetabek",0812-XXXX-XXXX,Sample_Order_0,RETURNING,1,PLASTIC,5.54,Zone 2,6500,Kramat - JAKPUS,227370,slot-0,Cash on Delivery,5,242
Sample_Driver_9,0812-XXXX-XXXX,kecamatan jatinegara,Customer_746,cust@XXXX.com,2026-04-01,"Anonymized Street, Jabodetabek",0812-XXXX-XXXX,Sample_Order_3,RETURNING,1,PLASTIC,6.8,Zone 3,7000,Kembangan - JAKBAR,151710,slot-2,ShopeePay,4,197
3PLB-DRIVER-2,0812-XXXX-XXXX,cikarang selatan,Customer_747,cust@XXXX.com,2026-04-01,"Anonymized Street, Jabodetabek",0812-XXXX-XXXX,Sample_Order_8,RETURNING,1,HALF MEDIUM BOX,3.65,Zone 2,6500,Beji - Depok,78200,slot-sameday,GO-PAY Wallet,2,111
3PLA-DRIVER-2,0812-XXXX-XXXX,cikarang selatan,Customer_748,cust@XXXX.com,2026-04-01,"Anonymized Street, Jabodetabek",0812-XXXX-XXXX,Sample_Order_8,RETURNING,1,HALF MEDIUM BOX,3.65,Zone 2,6500,Beji - Depok,78200,slot-1bb,GO-PAY Wallet,2,111
Sample_Driver_8,0812-XXXX-XXXX,kecamatan penjaringan,Customer_749,cust@XXXX.com,2026-04-01,"Anonymized Street, Jabodetabek",0812-XXXX-XXXX,Sample_Order_5,,1,,8.03,Zone 3,7000,Kramat - JAKPUS,273600,slot-sameday,Cash on Delivery,5,276
3PLB-DRIVER-2,0812-XXXX-XXXX,kecamatan setiabudi,Customer_750,cust@XXXX.com,2026-04-01,"Anonymized Street, Jabodetabek",0812-XXXX-XXXX,Sample_Order_2,RETURNING,1,PLASTIC,7.03,Zone 3,7000,Kembangan - JAKBAR,624450,slot-0,Credit Card,8,24
3PLC-DRIVER-1,0812-XXXX-XXXX,kecamatan jatinegara,Customer_751,cust@XXXX.com,2026-04-01,"Anonymized Street, Jabodetabek",0812-XXXX-XXXX,Sample_Order_6,NEW,1,MEDIUM BOX,9.05,Zone 4,11000,Cibitung - KAB BEKASI,169800,slot-1,Cash on Delivery,5,33
3PLA-DRIVER-2,0812-XXXX-XXXX,kecamatan penjaringan,Customer_752,cust@XXXX.com,2026-04-01,"Anonymized Street, Jabodetabek",0812-XXXX-XXXX,Sample_Order_6,NEW,1,MEDIUM BOX,9.05,Zone 4,11000,Cibitung - KAB BEKASI,169800,slot-13,Cash on Delivery,5,33
3PLC-DRIVER-2,0812-XXXX-XXXX,kecamatan jagakarsa,Customer_753,cust@XXXX.com,2026-04-01,"Anonymized Street, Jabodetabek",0812-XXXX-XXXX,Sample_Order_6,NEW,1,MEDIUM BOX,9.05,Zone 4,11000,Cibitung - KAB BEKASI,169800,slot-sameday03,Cash on Delivery,5,33
Sample_Driver_9,0812-XXXX-XXXX,kecamatan penjaringan,Customer_754,cust@XXXX.com,2026-04-01,"Anonymized Street, Jabodetabek",0812-XXXX-XXXX,Sample_Order_8,RETURNING,1,HALF MEDIUM BOX,3.65,Zone 2,6500,Beji - Depok,78200,slot-1,GO-PAY Wallet,2,111
3PLB-DRIVER-2,0812-XXXX-XXXX,kecamatan grogol petamburan,Customer_755,cust@XXXX.com,2026-04-01,"Anonymized Street, Jabodetabek",0812-XXXX-XXXX,Sample_Order_1,RETURNING,1,HALF MEDIUM BOX,11.13,Zone 4,11000,Bintaro - TANGSEL,116100,slot-13,OVO Wallet,2,85
3PLC-DRIVER-1,0812-XXXX-XXXX,sepatan,Customer_756,cust@XXXX.com,2026-04-01,"Anonymized Street, Jabodetabek",0812-XXXX-XXXX,Sample_Order_0,RETURNING,1,PLASTIC,5.54,Zone 2,6500,Kramat - JAKPUS,227370,slot-13,Cash on Delivery,5,242
3PLB-DRIVER-2,0812-XXXX-XXXX,kecamatan jatinegara,Customer_757,cust@XXXX.com,2026-04-01,"Anonymized Street, Jabodetabek",0812-XXXX-XXXX,Sample_Order_3,RETURNING,1,PLASTIC,6.8,Zone 3,7000,Kembangan - JAKBAR,151710,slot-sameday,ShopeePay,4,197
Sample_Driver_8,0812-XXXX-XXXX,kecamatan setiabudi,Customer_758,cust@XXXX.com,2026-04-01,"Anonymized Street, Jabodetabek",0812-XXXX-XXXX,Sample_Order_9,RETURNING,1,HALF MEDIUM BOX,6.9,Zone 3,7000,Kramat - JAKPUS,126900,slot-sameday,Credit Card,4,90
3PLA-DRIVER-2,0812-XXXX-XXXX,kecamatan jagakarsa,Customer_759,cust@XXXX.com,2026-04-01,"Anonymized Street, Jabodetabek",0812-XXXX-XXXX,Sample_Order_2,RETURNING,1,PLASTIC,7.03,Zone 3,7000,Kembangan - JAKBAR,624450,slot-sameday,Credit Card,8,24
3PLB-DRIVER-3,0812-XXXX-XXXX,kecamatan grogol petamburan,Customer_760,cust@XXXX.com,2026-04-01,"Anonymized Street, Jabodetabek",0812-XXXX-XXXX,Sample_Order_4,RETURNING,1,PLASTIC,4.79,Zone 2,6500,Kramat - JAKPUS,162800,slot-0,MANDIRI VA Transferpay!,4,99
3PLC-DRIVER-2,0812-XXXX-XXXX,cikarang selatan,Customer_761,cust@XXXX.com,2026-04-01,"Anonymized Street, Jabodetabek",0812-XXXX-XXXX,Sample_Order_8,RETURNING,1,HALF MEDIUM BOX,3.65,Zone 2,6500,Beji - Depok,78200,slot-sameday,GO-PAY Wallet,2,111
3PLA-DRIVER-2,0812-XXXX-XXXX,kecamatan pinang,Customer_762,cust@XXXX.com,2026-04-01,"Anonymized Street, Jabodetabek",0812-XXXX-XXXX,Sample_Order_0,RETURNING,1,PLASTIC,5.54,Zone 2,6500,Kramat - JAKPUS,227370,slot-2,Cash on Delivery,5,242
3PLB-DRIVER-3,0812-XXXX-XXXX,kecamatan pademangan,Customer_763,cust@XXXX.com,2026-04-01,"Anonymized Street, Jabodetabek",0812-XXXX-XXXX,Sample_Order_1,RETURNING,1,HALF MEDIUM BOX,11.13,Zone 4,11000,Bintaro - TANGSEL,116100,slot-sameday03,OVO Wallet,2,85
3PLB-DRIVER-2,0812-XXXX-XXXX,kecamatan jagakarsa,Customer_764,cust@XXXX.com,2026-04-01,"Anonymized Street, Jabodetabek",0812-XXXX-XXXX,Sample_Order_7,RETURNING,1,HALF MEDIUM BOX,7.41,Zone 3,7000,Satellite HUB Karawaci,126300,slot-13,Credit Card,2,34
3PLB-DRIVER-1,0812-XXXX-XXXX,kecamatan pademangan,Customer_765,cust@XXXX.com,2026-04-01,"Anonymized Street, Jabodetabek",0812-XXXX-XXXX,Sample_Order_8,RETURNING,1,HALF MEDIUM BOX,3.65,Zone 2,6500,Beji - Depok,78200,slot-2,GO-PAY Wallet,2,111
3PLA-DRIVER-1,0812-XXXX-XXXX,kecamatan grogol petamburan,Customer_766,cust@XXXX.com,2026-04-01,"Anonymized Street, Jabodetabek",0812-XXXX-XXXX,Sample_Order_6,NEW,1,MEDIUM BOX,9.05,Zone 4,11000,Cibitung - KAB BEKASI,169800,slot-sameday,Cash on Delivery,5,33
3PLC-DRIVER-2,0812-XXXX-XXXX,kecamatan setiabudi,Customer_767,cust@XXXX.com,2026-04-01,"Anonymized Street, Jabodetabek",0812-XXXX-XXXX,Sample_Order_4,RETURNING,1,PLASTIC,4.79,Zone 2,6500,Kramat - JAKPUS,162800,slot-sameday03,MANDIRI VA Transferpay!,4,99
Sample_Driver_9,0812-XXXX-XXXX,kecamatan setiabudi,Customer_768,cust@XXXX.com,2026-04-01,"Anonymized Street, Jabodetabek",0812-XXXX-XXXX,Sample_Order_0,RETURNING,1,PLASTIC,5.54,Zone 2,6500,Kramat - JAKPUS,227370,slot-sameday,Cash on Delivery,5,242
3PLC-DRIVER-2,0812-XXXX-XXXX,cikarang selatan,Customer_769,cust@XXXX.com,2026-04-01,"Anonymized Street, Jabodetabek",0812-XXXX-XXXX,Sample_Order_8,RETURNING,1,HALF MEDIUM BOX,3.65,Zone 2,6500,Beji - Depok,78200,slot-0,GO-PAY Wallet,2,111
3PLA-DRIVER-2,0812-XXXX-XXXX,sepatan,Customer_770,cust@XXXX.com,2026-04-01,"Anonymized Street, Jabodetabek",0812-XXXX-XXXX,Sample_Order_2,RETURNING,1,PLASTIC,7.03,Zone 3,7000,Kembangan - JAKBAR,624450,slot-13,Credit Card,8,24
3PLA-DRIVER-2,0812-XXXX-XXXX,kecamatan parung panjang,Customer_771,cust@XXXX.com,2026-04-01,"Anonymized Street, Jabodetabek",0812-XXXX-XXXX,Sample_Order_0,RETURNING,1,PLASTIC,5.54,Zone 2,6500,Kramat - JAKPUS,227370,slot-1bb,Cash on Delivery,5,242
3PLA-DRIVER-1,0812-XXXX-XXXX,kecamatan grogol petamburan,Customer_772,cust@XXXX.com,2026-04-01,"Anonymized Street, Jabodetabek",0812-XXXX-XXXX,Sample_Order_1,RETURNING,1,HALF MEDIUM BOX,11.13,Zone 4,11000,Bintaro - TANGSEL,116100,slot-2,OVO Wallet,2,85
Sample_Driver_9,0812-XXXX-XXXX,kecamatan pinang,Customer_773,cust@XXXX.com,2026-04-01,"Anonymized Street, Jabodetabek",0812-XXXX-XXXX,Sample_Order_4,RETURNING,1,PLASTIC,4.79,Zone 2,6500,Kramat - JAKPUS,162800,slot-0,MANDIRI VA Transferpay!,4,99
3PLC-DRIVER-2,0812-XXXX-XXXX,kecamatan jatinegara,Customer_774,cust@XXXX.com,2026-04-01,"Anonymized Street, Jabodetabek",0812-XXXX-XXXX,Sample_Order_3,RETURNING,1,PLASTIC,6.8,Zone 3,7000,Kembangan - JAKBAR,151710,slot-2,ShopeePay,4,197
3PLA-DRIVER-2,0812-XXXX-XXXX,kecamatan pademangan,Customer_775,cust@XXXX.com,2026-04-01,"Anonymized Street, Jabodetabek",0812-XXXX-XXXX,Sample_Order_9,RETURNING,1,HALF MEDIUM BOX,6.9,Zone 3,7000,Kramat - JAKPUS,126900,slot-0,Credit Card,4,90
3PLB-DRIVER-3,0812-XXXX-XXXX,kecamatan penjaringan,Customer_776,cust@XXXX.com,2026-04-01,"Anonymized Street, Jabodetabek",0812-XXXX-XXXX,Sample_Order_8,RETURNING,1,HALF MEDIUM BOX,3.65,Zone 2,6500,Beji - Depok,78200,slot-1,GO-PAY Wallet,2,111
3PLC-DRIVER-1,0812-XXXX-XXXX,kecamatan pademangan,Customer_777,cust@XXXX.com,2026-04-01,"Anonymized Street, Jabodetabek",0812-XXXX-XXXX,Sample_Order_3,RETURNING,1,PLASTIC,6.8,Zone 3,7000,Kembangan - JAKBAR,151710,slot-2,ShopeePay,4,197
3PLB-DRIVER-2,0812-XXXX-XXXX,kecamatan jatinegara,Customer_778,cust@XXXX.com,2026-04-01,"Anonymized Street, Jabodetabek",0812-XXXX-XXXX,Sample_Order_2,RETURNING,1,PLASTIC,7.03,Zone 3,7000,Kembangan - JAKBAR,624450,slot-sameday,Credit Card,8,24
3PLC-DRIVER-2,0812-XXXX-XXXX,kecamatan parung panjang,Customer_779,cust@XXXX.com,2026-04-01,"Anonymized Street, Jabodetabek",0812-XXXX-XXXX,Sample_Order_5,,1,,8.03,Zone 3,7000,Kramat - JAKPUS,273600,slot-0bb,Cash on Delivery,5,276
3PLB-DRIVER-3,0812-XXXX-XXXX,kecamatan jagakarsa,Customer_780,cust@XXXX.com,2026-04-01,"Anonymized Street, Jabodetabek",0812-XXXX-XXXX,Sample_Order_8,RETURNING,1,HALF MEDIUM BOX,3.65,Zone 2,6500,Beji - Depok,78200,slot-sameday,GO-PAY Wallet,2,111
3PLA-DRIVER-1,0812-XXXX-XXXX,kecamatan pinang,Customer_781,cust@XXXX.com,2026-04-01,"Anonymized Street, Jabodetabek",0812-XXXX-XXXX,Sample_Order_0,RETURNING,1,PLASTIC,5.54,Zone 2,6500,Kramat - JAKPUS,227370,slot-2,Cash on Delivery,5,242
Sample_Driver_8,0812-XXXX-XXXX,sepatan,Customer_782,cust@XXXX.com,2026-04-01,"Anonymized Street, Jabodetabek",0812-XXXX-XXXX,Sample_Order_8,RETURNING,1,HALF MEDIUM BOX,3.65,Zone 2,6500,Beji - Depok,78200,slot-13,GO-PAY Wallet,2,111
3PLA-DRIVER-2,0812-XXXX-XXXX,kecamatan pademangan,Customer_783,cust@XXXX.com,2026-04-01,"Anonymized Street, Jabodetabek",0812-XXXX-XXXX,Sample_Order_0,RETURNING,1,PLASTIC,5.54,Zone 2,6500,Kramat - JAKPUS,227370,slot-0,Cash on Delivery,5,242
3PLA-DRIVER-2,0812-XXXX-XXXX,sepatan,Customer_784,cust@XXXX.com,2026-04-01,"Anonymized Street, Jabodetabek",0812-XXXX-XXXX,Sample_Order_0,RETURNING,1,PLASTIC,5.54,Zone 2,6500,Kramat - JAKPUS,227370,slot-1,Cash on Delivery,5,242
3PLA-DRIVER-1,0812-XXXX-XXXX,kecamatan setiabudi,Customer_785,cust@XXXX.com,2026-04-01,"Anonymized Street, Jabodetabek",0812-XXXX-XXXX,Sample_Order_0,RETURNING,1,PLASTIC,5.54,Zone 2,6500,Kramat - JAKPUS,227370,slot-sameday,Cash on Delivery,5,242
3PLC-DRIVER-1,0812-XXXX-XXXX,kecamatan pinang,Customer_786,cust@XXXX.com,2026-04-01,"Anonymized Street, Jabodetabek",0812-XXXX-XXXX,Sample_Order_6,NEW,1,MEDIUM BOX,9.05,Zone 4,11000,Cibitung - KAB BEKASI,169800,slot-0bb,Cash on Delivery,5,33
3PLA-DRIVER-1,0812-XXXX-XXXX,kecamatan jagakarsa,Customer_787,cust@XXXX.com,2026-04-01,"Anonymized Street, Jabodetabek",0812-XXXX-XXXX,Sample_Order_5,,1,,8.03,Zone 3,7000,Kramat - JAKPUS,273600,slot-0bb,Cash on Delivery,5,276
3PLA-DRIVER-1,0812-XXXX-XXXX,kecamatan setiabudi,Customer_788,cust@XXXX.com,2026-04-01,"Anonymized Street, Jabodetabek",0812-XXXX-XXXX,Sample_Order_1,RETURNING,1,HALF MEDIUM BOX,11.13,Zone 4,11000,Bintaro - TANGSEL,116100,slot-1bb,OVO Wallet,2,85
3PLA-DRIVER-2,0812-XXXX-XXXX,kecamatan pinang,Customer_789,cust@XXXX.com,2026-04-01,"Anonymized Street, Jabodetabek",0812-XXXX-XXXX,Sample_Order_2,RETURNING,1,PLASTIC,7.03,Zone 3,7000,Kembangan - JAKBAR,624450,slot-sameday03,Credit Card,8,24
3PLB-DRIVER-3,0812-XXXX-XXXX,cikarang selatan,Customer_790,cust@XXXX.com,2026-04-01,"Anonymized Street, Jabodetabek",0812-XXXX-XXXX,Sample_Order_1,RETURNING,1,HALF MEDIUM BOX,11.13,Zone 4,11000,Bintaro - TANGSEL,116100,slot-sameday03,OVO Wallet,2,85
3PLA-DRIVER-1,0812-XXXX-XXXX,kecamatan pinang,Customer_791,cust@XXXX.com,2026-04-01,"Anonymized Street, Jabodetabek",0812-XXXX-XXXX,Sample_Order_9,RETURNING,1,HALF MEDIUM BOX,6.9,Zone 3,7000,Kramat - JAKPUS,126900,slot-1bb,Credit Card,4,90
3PLC-DRIVER-1,0812-XXXX-XXXX,kecamatan grogol petamburan,Customer_792,cust@XXXX.com,2026-04-01,"Anonymized Street, Jabodetabek",0812-XXXX-XXXX,Sample_Order_8,RETURNING,1,HALF MEDIUM BOX,3.65,Zone 2,6500,Beji - Depok,78200,slot-1bb,GO-PAY Wallet,2,111
3PLC-DRIVER-2,0812-XXXX-XXXX,kecamatan grogol petamburan,Customer_793,cust@XXXX.com,2026-04-01,"Anonymized Street, Jabodetabek",0812-XXXX-XXXX,Sample_Order_3,RETURNING,1,PLASTIC,6.8,Zone 3,7000,Kembangan - JAKBAR,151710,slot-1,ShopeePay,4,197
3PLA-DRIVER-1,0812-XXXX-XXXX,kecamatan pademangan,Customer_794,cust@XXXX.com,2026-04-01,"Anonymized Street, Jabodetabek",0812-XXXX-XXXX,Sample_Order_8,RETURNING,1,HALF MEDIUM BOX,3.65,Zone 2,6500,Beji - Depok,78200,slot-sameday,GO-PAY Wallet,2,111
Sample_Driver_8,0812-XXXX-XXXX,kecamatan grogol petamburan,Customer_795,cust@XXXX.com,2026-04-01,"Anonymized Street, Jabodetabek",0812-XXXX-XXXX,Sample_Order_0,RETURNING,1,PLASTIC,5.54,Zone 2,6500,Kramat - JAKPUS,227370,slot-2,Cash on Delivery,5,242
3PLB-DRIVER-1,0812-XXXX-XXXX,kecamatan jatinegara,Customer_796,cust@XXXX.com,2026-04-01,"Anonymized Street, Jabodetabek",0812-XXXX-XXXX,Sample_Order_0,RETURNING,1,PLASTIC,5.54,Zone 2,6500,Kramat - JAKPUS,227370,slot-sameday03,Cash on Delivery,5,242
3PLB-DRIVER-1,0812-XXXX-XXXX,kecamatan pademangan,Customer_797,cust@XXXX.com,2026-04-01,"Anonymized Street, Jabodetabek",0812-XXXX-XXXX,Sample_Order_8,RETURNING,1,HALF MEDIUM BOX,3.65,Zone 2,6500,Beji - Depok,78200,slot-sameday,GO-PAY Wallet,2,111
3PLB-DRIVER-1,0812-XXXX-XXXX,kecamatan setiabudi,Customer_798,cust@XXXX.com,2026-04-01,"Anonymized Street, Jabodetabek",0812-XXXX-XXXX,Sample_Order_6,NEW,1,MEDIUM BOX,9.05,Zone 4,11000,Cibitung - KAB BEKASI,169800,slot-sameday03,Cash on Delivery,5,33
3PLB-DRIVER-3,0812-XXXX-XXXX,cikarang selatan,Customer_799,cust@XXXX.com,2026-04-01,"Anonymized Street, Jabodetabek",0812-XXXX-XXXX,Sample_Order_7,RETURNING,1,HALF MEDIUM BOX,7.41,Zone 3,7000,Satellite HUB Karawaci,126300,slot-sameday03,Credit Card,2,34
Sample_Driver_9,0812-XXXX-XXXX,kecamatan setiabudi,Customer_800,cust@XXXX.com,2026-04-01,"Anonymized Street, Jabodetabek",0812-XXXX-XXXX,Sample_Order_1,RETURNING,1,HALF MEDIUM BOX,11.13,Zone 4,11000,Bintaro - TANGSEL,116100,slot-sameday,OVO Wallet,2,85
Sample_Driver_8,0812-XXXX-XXXX,cikarang selatan,Customer_801,cust@XXXX.com,2026-04-01,"Anonymized Street, Jabodetabek",0812-XXXX-XXXX,Sample_Order_9,RETURNING,1,HALF MEDIUM BOX,6.9,Zone 3,7000,Kramat - JAKPUS,126900,slot-sameday03,Credit Card,4,90
3PLC-DRIVER-2,0812-XXXX-XXXX,kecamatan pinang,Customer_802,cust@XXXX.com,2026-04-01,"Anonymized Street, Jabodetabek",0812-XXXX-XXXX,Sample_Order_2,RETURNING,1,PLASTIC,7.03,Zone 3,7000,Kembangan - JAKBAR,624450,slot-0bb,Credit Card,8,24
3PLC-DRIVER-1,0812-XXXX-XXXX,sepatan,Customer_803,cust@XXXX.com,2026-04-01,"Anonymized Street, Jabodetabek",0812-XXXX-XXXX,Sample_Order_7,RETURNING,1,HALF MEDIUM BOX,7.41,Zone 3,7000,Satellite HUB Karawaci,126300,slot-sameday,Credit Card,2,34
3PLA-DRIVER-1,0812-XXXX-XXXX,kecamatan grogol petamburan,Customer_804,cust@XXXX.com,2026-04-01,"Anonymized Street, Jabodetabek",0812-XXXX-XXXX,Sample_Order_8,RETURNING,1,HALF MEDIUM BOX,3.65,Zone 2,6500,Beji - Depok,78200,slot-13,GO-PAY Wallet,2,111
3PLA-DRIVER-1,0812-XXXX-XXXX,sepatan,Customer_805,cust@XXXX.com,2026-04-01,"Anonymized Street, Jabodetabek",0812-XXXX-XXXX,Sample_Order_0,RETURNING,1,PLASTIC,5.54,Zone 2,6500,Kramat - JAKPUS,227370,slot-sameday,Cash on Delivery,5,242
3PLC-DRIVER-1,0812-XXXX-XXXX,kecamatan setiabudi,Customer_806,cust@XXXX.com,2026-04-01,"Anonymized Street, Jabodetabek",0812-XXXX-XXXX,Sample_Order_5,,1,,8.03,Zone 3,7000,Kramat - JAKPUS,273600,slot-0bb,Cash on Delivery,5,276
3PLA-DRIVER-1,0812-XXXX-XXXX,kecamatan jagakarsa,Customer_807,cust@XXXX.com,2026-04-01,"Anonymized Street, Jabodetabek",0812-XXXX-XXXX,Sample_Order_6,NEW,1,MEDIUM BOX,9.05,Zone 4,11000,Cibitung - KAB BEKASI,169800,slot-0,Cash on Delivery,5,33
Sample_Driver_8,0812-XXXX-XXXX,kecamatan jatinegara,Customer_808,cust@XXXX.com,2026-04-01,"Anonymized Street, Jabodetabek",0812-XXXX-XXXX,Sample_Order_3,RETURNING,1,PLASTIC,6.8,Zone 3,7000,Kembangan - JAKBAR,151710,slot-0,ShopeePay,4,197
3PLB-DRIVER-2,0812-XXXX-XXXX,kecamatan parung panjang,Customer_809,cust@XXXX.com,2026-04-01,"Anonymized Street, Jabodetabek",0812-XXXX-XXXX,Sample_Order_9,RETURNING,1,HALF MEDIUM BOX,6.9,Zone 3,7000,Kramat - JAKPUS,126900,slot-sameday,Credit Card,4,90
3PLB-DRIVER-2,0812-XXXX-XXXX,sepatan,Customer_810,cust@XXXX.com,2026-04-01,"Anonymized Street, Jabodetabek",0812-XXXX-XXXX,Sample_Order_4,RETURNING,1,PLASTIC,4.79,Zone 2,6500,Kramat - JAKPUS,162800,slot-13,MANDIRI VA Transferpay!,4,99
3PLA-DRIVER-2,0812-XXXX-XXXX,kecamatan parung panjang,Customer_811,cust@XXXX.com,2026-04-01,"Anonymized Street, Jabodetabek",0812-XXXX-XXXX,Sample_Order_5,,1,,8.03,Zone 3,7000,Kramat - JAKPUS,273600,slot-0bb,Cash on Delivery,5,276
3PLB-DRIVER-1,0812-XXXX-XXXX,kecamatan jagakarsa,Customer_812,cust@XXXX.com,2026-04-01,"Anonymized Street, Jabodetabek",0812-XXXX-XXXX,Sample_Order_4,RETURNING,1,PLASTIC,4.79,Zone 2,6500,Kramat - JAKPUS,162800,slot-1bb,MANDIRI VA Transferpay!,4,99
3PLC-DRIVER-2,0812-XXXX-XXXX,kecamatan penjaringan,Customer_813,cust@XXXX.com,2026-04-01,"Anonymized Street, Jabodetabek",0812-XXXX-XXXX,Sample_Order_2,RETURNING,1,PLASTIC,7.03,Zone 3,7000,Kembangan - JAKBAR,624450,slot-2,Credit Card,8,24
3PLB-DRIVER-1,0812-XXXX-XXXX,kecamatan parung panjang,Customer_814,cust@XXXX.com,2026-04-01,"Anonymized Street, Jabodetabek",0812-XXXX-XXXX,Sample_Order_7,RETURNING,1,HALF MEDIUM BOX,7.41,Zone 3,7000,Satellite HUB Karawaci,126300,slot-2,Credit Card,2,34
3PLB-DRIVER-3,0812-XXXX-XXXX,sepatan,Customer_815,cust@XXXX.com,2026-04-01,"Anonymized Street, Jabodetabek",0812-XXXX-XXXX,Sample_Order_3,RETURNING,1,PLASTIC,6.8,Zone 3,7000,Kembangan - JAKBAR,151710,slot-1bb,ShopeePay,4,197
3PLB-DRIVER-2,0812-XXXX-XXXX,kecamatan penjaringan,Customer_816,cust@XXXX.com,2026-04-01,"Anonymized Street, Jabodetabek",0812-XXXX-XXXX,Sample_Order_9,RETURNING,1,HALF MEDIUM BOX,6.9,Zone 3,7000,Kramat - JAKPUS,126900,slot-sameday03,Credit Card,4,90
3PLB-DRIVER-1,0812-XXXX-XXXX,cikarang selatan,Customer_817,cust@XXXX.com,2026-04-01,"Anonymized Street, Jabodetabek",0812-XXXX-XXXX,Sample_Order_9,RETURNING,1,HALF MEDIUM BOX,6.9,Zone 3,7000,Kramat - JAKPUS,126900,slot-0bb,Credit Card,4,90
3PLA-DRIVER-2,0812-XXXX-XXXX,sepatan,Customer_818,cust@XXXX.com,2026-04-01,"Anonymized Street, Jabodetabek",0812-XXXX-XXXX,Sample_Order_0,RETURNING,1,PLASTIC,5.54,Zone 2,6500,Kramat - JAKPUS,227370,slot-13,Cash on Delivery,5,242
3PLC-DRIVER-1,0812-XXXX-XXXX,cikarang selatan,Customer_819,cust@XXXX.com,2026-04-01,"Anonymized Street, Jabodetabek",0812-XXXX-XXXX,Sample_Order_4,RETURNING,1,PLASTIC,4.79,Zone 2,6500,Kramat - JAKPUS,162800,slot-sameday03,MANDIRI VA Transferpay!,4,99
3PLC-DRIVER-1,0812-XXXX-XXXX,kecamatan penjaringan,Customer_820,cust@XXXX.com,2026-04-01,"Anonymized Street, Jabodetabek",0812-XXXX-XXXX,Sample_Order_4,RETURNING,1,PLASTIC,4.79,Zone 2,6500,Kramat - JAKPUS,162800,slot-sameday03,MANDIRI VA Transferpay!,4,99
3PLC-DRIVER-1,0812-XXXX-XXXX,kecamatan jagakarsa,Customer_821,cust@XXXX.com,2026-04-01,"Anonymized Street, Jabodetabek",0812-XXXX-XXXX,Sample_Order_3,RETURNING,1,PLASTIC,6.8,Zone 3,7000,Kembangan - JAKBAR,151710,slot-1bb,ShopeePay,4,197
Sample_Driver_9,0812-XXXX-XXXX,kecamatan pinang,Customer_822,cust@XXXX.com,2026-04-01,"Anonymized Street, Jabodetabek",0812-XXXX-XXXX,Sample_Order_2,RETURNING,1,PLASTIC,7.03,Zone 3,7000,Kembangan - JAKBAR,624450,slot-2,Credit Card,8,24
Sample_Driver_9,0812-XXXX-XXXX,kecamatan setiabudi,Customer_823,cust@XXXX.com,2026-04-01,"Anonymized Street, Jabodetabek",0812-XXXX-XXXX,Sample_Order_5,,1,,8.03,Zone 3,7000,Kramat - JAKPUS,273600,slot-2,Cash on Delivery,5,276
3PLC-DRIVER-2,0812-XXXX-XXXX,kecamatan jagakarsa,Customer_824,cust@XXXX.com,2026-04-01,"Anonymized Street, Jabodetabek",0812-XXXX-XXXX,Sample_Order_8,RETURNING,1,HALF MEDIUM BOX,3.65,Zone 2,6500,Beji - Depok,78200,slot-1,GO-PAY Wallet,2,111
3PLC-DRIVER-1,0812-XXXX-XXXX,kecamatan parung panjang,Customer_825,cust@XXXX.com,2026-04-01,"Anonymized Street, Jabodetabek",0812-XXXX-XXXX,Sample_Order_5,,1,,8.03,Zone 3,7000,Kramat - JAKPUS,273600,slot-0bb,Cash on Delivery,5,276
3PLA-DRIVER-2,0812-XXXX-XXXX,cikarang selatan,Customer_826,cust@XXXX.com,2026-04-01,"Anonymized Street, Jabodetabek",0812-XXXX-XXXX,Sample_Order_1,RETURNING,1,HALF MEDIUM BOX,11.13,Zone 4,11000,Bintaro - TANGSEL,116100,slot-1,OVO Wallet,2,85
3PLB-DRIVER-2,0812-XXXX-XXXX,kecamatan penjaringan,Customer_827,cust@XXXX.com,2026-04-01,"Anonymized Street, Jabodetabek",0812-XXXX-XXXX,Sample_Order_3,RETURNING,1,PLASTIC,6.8,Zone 3,7000,Kembangan - JAKBAR,151710,slot-1,ShopeePay,4,197
Sample_Driver_9,0812-XXXX-XXXX,kecamatan parung panjang,Customer_828,cust@XXXX.com,2026-04-01,"Anonymized Street, Jabodetabek",0812-XXXX-XXXX,Sample_Order_1,RETURNING,1,HALF MEDIUM BOX,11.13,Zone 4,11000,Bintaro - TANGSEL,116100,slot-0,OVO Wallet,2,85
Sample_Driver_8,0812-XXXX-XXXX,kecamatan setiabudi,Customer_829,cust@XXXX.com,2026-04-01,"Anonymized Street, Jabodetabek",0812-XXXX-XXXX,Sample_Order_5,,1,,8.03,Zone 3,7000,Kramat - JAKPUS,273600,slot-13,Cash on Delivery,5,276
3PLB-DRIVER-2,0812-XXXX-XXXX,kecamatan setiabudi,Customer_830,cust@XXXX.com,2026-04-01,"Anonymized Street, Jabodetabek",0812-XXXX-XXXX,Sample_Order_0,RETURNING,1,PLASTIC,5.54,Zone 2,6500,Kramat - JAKPUS,227370,slot-0bb,Cash on Delivery,5,242
3PLB-DRIVER-2,0812-XXXX-XXXX,kecamatan jatinegara,Customer_831,cust@XXXX.com,2026-04-01,"Anonymized Street, Jabodetabek",0812-XXXX-XXXX,Sample_Order_3,RETURNING,1,PLASTIC,6.8,Zone 3,7000,Kembangan - JAKBAR,151710,slot-1,ShopeePay,4,197
3PLC-DRIVER-1,0812-XXXX-XXXX,kecamatan grogol petamburan,Customer_832,cust@XXXX.com,2026-04-01,"Anonymized Street, Jabodetabek",0812-XXXX-XXXX,Sample_Order_8,RETURNING,1,HALF MEDIUM BOX,3.65,Zone 2,6500,Beji - Depok,78200,slot-13,GO-PAY Wallet,2,111
3PLC-DRIVER-2,0812-XXXX-XXXX,kecamatan grogol petamburan,Customer_833,cust@XXXX.com,2026-04-01,"Anonymized Street, Jabodetabek",0812-XXXX-XXXX,Sample_Order_2,RETURNING,1,PLASTIC,7.03,Zone 3,7000,Kembangan - JAKBAR,624450,slot-0,Credit Card,8,24
3PLA-DRIVER-1,0812-XXXX-XXXX,kecamatan pademangan,Customer_834,cust@XXXX.com,2026-04-01,"Anonymized Street, Jabodetabek",0812-XXXX-XXXX,Sample_Order_0,RETURNING,1,PLASTIC,5.54,Zone 2,6500,Kramat - JAKPUS,227370,slot-0bb,Cash on Delivery,5,242
Sample_Driver_8,0812-XXXX-XXXX,kecamatan jagakarsa,Customer_835,cust@XXXX.com,2026-04-01,"Anonymized Street, Jabodetabek",0812-XXXX-XXXX,Sample_Order_2,RETURNING,1,PLASTIC,7.03,Zone 3,7000,Kembangan - JAKBAR,624450,slot-1,Credit Card,8,24
3PLB-DRIVER-1,0812-XXXX-XXXX,kecamatan setiabudi,Customer_836,cust@XXXX.com,2026-04-01,"Anonymized Street, Jabodetabek",0812-XXXX-XXXX,Sample_Order_1,RETURNING,1,HALF MEDIUM BOX,11.13,Zone 4,11000,Bintaro - TANGSEL,116100,slot-sameday,OVO Wallet,2,85
Sample_Driver_8,0812-XXXX-XXXX,cikarang selatan,Customer_837,cust@XXXX.com,2026-04-01,"Anonymized Street, Jabodetabek",0812-XXXX-XXXX,Sample_Order_4,RETURNING,1,PLASTIC,4.79,Zone 2,6500,Kramat - JAKPUS,162800,slot-0,MANDIRI VA Transferpay!,4,99
Sample_Driver_9,0812-XXXX-XXXX,cikarang selatan,Customer_838,cust@XXXX.com,2026-04-01,"Anonymized Street, Jabodetabek",0812-XXXX-XXXX,Sample_Order_6,NEW,1,MEDIUM BOX,9.05,Zone 4,11000,Cibitung - KAB BEKASI,169800,slot-0,Cash on Delivery,5,33
3PLB-DRIVER-2,0812-XXXX-XXXX,kecamatan grogol petamburan,Customer_839,cust@XXXX.com,2026-04-01,"Anonymized Street, Jabodetabek",0812-XXXX-XXXX,Sample_Order_9,RETURNING,1,HALF MEDIUM BOX,6.9,Zone 3,7000,Kramat - JAKPUS,126900,slot-1,Credit Card,4,90
3PLC-DRIVER-2,0812-XXXX-XXXX,kecamatan parung panjang,Customer_840,cust@XXXX.com,2026-04-01,"Anonymized Street, Jabodetabek",0812-XXXX-XXXX,Sample_Order_6,NEW,1,MEDIUM BOX,9.05,Zone 4,11000,Cibitung - KAB BEKASI,169800,slot-2,Cash on Delivery,5,33
3PLA-DRIVER-1,0812-XXXX-XXXX,kecamatan setiabudi,Customer_841,cust@XXXX.com,2026-04-01,"Anonymized Street, Jabodetabek",0812-XXXX-XXXX,Sample_Order_9,RETURNING,1,HALF MEDIUM BOX,6.9,Zone 3,7000,Kramat - JAKPUS,126900,slot-1bb,Credit Card,4,90
3PLC-DRIVER-1,0812-XXXX-XXXX,kecamatan grogol petamburan,Customer_842,cust@XXXX.com,2026-04-01,"Anonymized Street, Jabodetabek",0812-XXXX-XXXX,Sample_Order_1,RETURNING,1,HALF MEDIUM BOX,11.13,Zone 4,11000,Bintaro - TANGSEL,116100,slot-0bb,OVO Wallet,2,85
3PLB-DRIVER-1,0812-XXXX-XXXX,cikarang selatan,Customer_843,cust@XXXX.com,2026-04-01,"Anonymized Street, Jabodetabek",0812-XXXX-XXXX,Sample_Order_3,RETURNING,1,PLASTIC,6.8,Zone 3,7000,Kembangan - JAKBAR,151710,slot-1bb,ShopeePay,4,197
3PLB-DRIVER-1,0812-XXXX-XXXX,kecamatan penjaringan,Customer_844,cust@XXXX.com,2026-04-01,"Anonymized Street, Jabodetabek",0812-XXXX-XXXX,Sample_Order_3,RETURNING,1,PLASTIC,6.8,Zone 3,7000,Kembangan - JAKBAR,151710,slot-0bb,ShopeePay,4,197
3PLC-DRIVER-1,0812-XXXX-XXXX,kecamatan penjaringan,Customer_845,cust@XXXX.com,2026-04-01,"Anonymized Street, Jabodetabek",0812-XXXX-XXXX,Sample_Order_2,RETURNING,1,PLASTIC,7.03,Zone 3,7000,Kembangan - JAKBAR,624450,slot-13,Credit Card,8,24
3PLC-DRIVER-2,0812-XXXX-XXXX,kecamatan penjaringan,Customer_846,cust@XXXX.com,2026-04-01,"Anonymized Street, Jabodetabek",0812-XXXX-XXXX,Sample_Order_9,RETURNING,1,HALF MEDIUM BOX,6.9,Zone 3,7000,Kramat - JAKPUS,126900,slot-1,Credit Card,4,90
Sample_Driver_8,0812-XXXX-XXXX,kecamatan jatinegara,Customer_847,cust@XXXX.com,2026-04-01,"Anonymized Street, Jabodetabek",0812-XXXX-XXXX,Sample_Order_9,RETURNING,1,HALF MEDIUM BOX,6.9,Zone 3,7000,Kramat - JAKPUS,126900,slot-sameday03,Credit Card,4,90
3PLB-DRIVER-2,0812-XXXX-XXXX,kecamatan grogol petamburan,Customer_848,cust@XXXX.com,2026-04-01,"Anonymized Street, Jabodetabek",0812-XXXX-XXXX,Sample_Order_4,RETURNING,1,PLASTIC,4.79,Zone 2,6500,Kramat - JAKPUS,162800,slot-2,MANDIRI VA Transferpay!,4,99
Sample_Driver_8,0812-XXXX-XXXX,kecamatan setiabudi,Customer_849,cust@XXXX.com,2026-04-01,"Anonymized Street, Jabodetabek",0812-XXXX-XXXX,Sample_Order_9,RETURNING,1,HALF MEDIUM BOX,6.9,Zone 3,7000,Kramat - JAKPUS,126900,slot-2,Credit Card,4,90
3PLA-DRIVER-1,0812-XXXX-XXXX,kecamatan jagakarsa,Customer_850,cust@XXXX.com,2026-04-01,"Anonymized Street, Jabodetabek",0812-XXXX-XXXX,Sample_Order_7,RETURNING,1,HALF MEDIUM BOX,7.41,Zone 3,7000,Satellite HUB Karawaci,126300,slot-sameday,Credit Card,2,34
3PLC-DRIVER-1,0812-XXXX-XXXX,kecamatan jatinegara,Customer_851,cust@XXXX.com,2026-04-01,"Anonymized Street, Jabodetabek",0812-XXXX-XXXX,Sample_Order_5,,1,,8.03,Zone 3,7000,Kramat - JAKPUS,273600,slot-2,Cash on Delivery,5,276
3PLB-DRIVER-3,0812-XXXX-XXXX,kecamatan pademangan,Customer_852,cust@XXXX.com,2026-04-01,"Anonymized Street, Jabodetabek",0812-XXXX-XXXX,Sample_Order_5,,1,,8.03,Zone 3,7000,Kramat - JAKPUS,273600,slot-1bb,Cash on Delivery,5,276
3PLB-DRIVER-1,0812-XXXX-XXXX,kecamatan parung panjang,Customer_853,cust@XXXX.com,2026-04-01,"Anonymized Street, Jabodetabek",0812-XXXX-XXXX,Sample_Order_7,RETURNING,1,HALF MEDIUM BOX,7.41,Zone 3,7000,Satellite HUB Karawaci,126300,slot-1bb,Credit Card,2,34
Sample_Driver_8,0812-XXXX-XXXX,kecamatan parung panjang,Customer_854,cust@XXXX.com,2026-04-01,"Anonymized Street, Jabodetabek",0812-XXXX-XXXX,Sample_Order_8,RETURNING,1,HALF MEDIUM BOX,3.65,Zone 2,6500,Beji - Depok,78200,slot-sameday03,GO-PAY Wallet,2,111
3PLA-DRIVER-2,0812-XXXX-XXXX,kecamatan penjaringan,Customer_855,cust@XXXX.com,2026-04-01,"Anonymized Street, Jabodetabek",0812-XXXX-XXXX,Sample_Order_8,RETURNING,1,HALF MEDIUM BOX,3.65,Zone 2,6500,Beji - Depok,78200,slot-1,GO-PAY Wallet,2,111
Sample_Driver_9,0812-XXXX-XXXX,kecamatan jagakarsa,Customer_856,cust@XXXX.com,2026-04-01,"Anonymized Street, Jabodetabek",0812-XXXX-XXXX,Sample_Order_3,RETURNING,1,PLASTIC,6.8,Zone 3,7000,Kembangan - JAKBAR,151710,slot-0,ShopeePay,4,197
3PLB-DRIVER-3,0812-XXXX-XXXX,kecamatan penjaringan,Customer_857,cust@XXXX.com,2026-04-01,"Anonymized Street, Jabodetabek",0812-XXXX-XXXX,Sample_Order_4,RETURNING,1,PLASTIC,4.79,Zone 2,6500,Kramat - JAKPUS,162800,slot-0bb,MANDIRI VA Transferpay!,4,99
Sample_Driver_9,0812-XXXX-XXXX,kecamatan pinang,Customer_858,cust@XXXX.com,2026-04-01,"Anonymized Street, Jabodetabek",0812-XXXX-XXXX,Sample_Order_1,RETURNING,1,HALF MEDIUM BOX,11.13,Zone 4,11000,Bintaro - TANGSEL,116100,slot-1bb,OVO Wallet,2,85
3PLA-DRIVER-2,0812-XXXX-XXXX,kecamatan jagakarsa,Customer_859,cust@XXXX.com,2026-04-01,"Anonymized Street, Jabodetabek",0812-XXXX-XXXX,Sample_Order_4,RETURNING,1,PLASTIC,4.79,Zone 2,6500,Kramat - JAKPUS,162800,slot-0,MANDIRI VA Transferpay!,4,99
3PLB-DRIVER-2,0812-XXXX-XXXX,cikarang selatan,Customer_860,cust@XXXX.com,2026-04-01,"Anonymized Street, Jabodetabek",0812-XXXX-XXXX,Sample_Order_6,NEW,1,MEDIUM BOX,9.05,Zone 4,11000,Cibitung - KAB BEKASI,169800,slot-1bb,Cash on Delivery,5,33
Sample_Driver_9,0812-XXXX-XXXX,kecamatan grogol petamburan,Customer_861,cust@XXXX.com,2026-04-01,"Anonymized Street, Jabodetabek",0812-XXXX-XXXX,Sample_Order_5,,1,,8.03,Zone 3,7000,Kramat - JAKPUS,273600,slot-1bb,Cash on Delivery,5,276
3PLA-DRIVER-2,0812-XXXX-XXXX,kecamatan grogol petamburan,Customer_862,cust@XXXX.com,2026-04-01,"Anonymized Street, Jabodetabek",0812-XXXX-XXXX,Sample_Order_3,RETURNING,1,PLASTIC,6.8,Zone 3,7000,Kembangan - JAKBAR,151710,slot-0,ShopeePay,4,197
3PLC-DRIVER-2,0812-XXXX-XXXX,kecamatan penjaringan,Customer_863,cust@XXXX.com,2026-04-01,"Anonymized Street, Jabodetabek",0812-XXXX-XXXX,Sample_Order_7,RETURNING,1,HALF MEDIUM BOX,7.41,Zone 3,7000,Satellite HUB Karawaci,126300,slot-sameday03,Credit Card,2,34
3PLA-DRIVER-1,0812-XXXX-XXXX,kecamatan pademangan,Customer_864,cust@XXXX.com,2026-04-01,"Anonymized Street, Jabodetabek",0812-XXXX-XXXX,Sample_Order_5,,1,,8.03,Zone 3,7000,Kramat - JAKPUS,273600,slot-13,Cash on Delivery,5,276
Sample_Driver_8,0812-XXXX-XXXX,kecamatan parung panjang,Customer_865,cust@XXXX.com,2026-04-01,"Anonymized Street, Jabodetabek",0812-XXXX-XXXX,Sample_Order_1,RETURNING,1,HALF MEDIUM BOX,11.13,Zone 4,11000,Bintaro - TANGSEL,116100,slot-1bb,OVO Wallet,2,85
3PLC-DRIVER-1,0812-XXXX-XXXX,kecamatan grogol petamburan,Customer_866,cust@XXXX.com,2026-04-01,"Anonymized Street, Jabodetabek",0812-XXXX-XXXX,Sample_Order_9,RETURNING,1,HALF MEDIUM BOX,6.9,Zone 3,7000,Kramat - JAKPUS,126900,slot-13,Credit Card,4,90
3PLB-DRIVER-2,0812-XXXX-XXXX,kecamatan jatinegara,Customer_867,cust@XXXX.com,2026-04-01,"Anonymized Street, Jabodetabek",0812-XXXX-XXXX,Sample_Order_0,RETURNING,1,PLASTIC,5.54,Zone 2,6500,Kramat - JAKPUS,227370,slot-1,Cash on Delivery,5,242
3PLB-DRIVER-1,0812-XXXX-XXXX,sepatan,Customer_868,cust@XXXX.com,2026-04-01,"Anonymized Street, Jabodetabek",0812-XXXX-XXXX,Sample_Order_6,NEW,1,MEDIUM BOX,9.05,Zone 4,11000,Cibitung - KAB BEKASI,169800,slot-1,Cash on Delivery,5,33
3PLA-DRIVER-1,0812-XXXX-XXXX,kecamatan pinang,Customer_869,cust@XXXX.com,2026-04-01,"Anonymized Street, Jabodetabek",0812-XXXX-XXXX,Sample_Order_6,NEW,1,MEDIUM BOX,9.05,Zone 4,11000,Cibitung - KAB BEKASI,169800,slot-1bb,Cash on Delivery,5,33
Sample_Driver_8,0812-XXXX-XXXX,sepatan,Customer_870,cust@XXXX.com,2026-04-01,"Anonymized Street, Jabodetabek",0812-XXXX-XXXX,Sample_Order_2,RETURNING,1,PLASTIC,7.03,Zone 3,7000,Kembangan - JAKBAR,624450,slot-0,Credit Card,8,24
3PLB-DRIVER-3,0812-XXXX-XXXX,sepatan,Customer_871,cust@XXXX.com,2026-04-01,"Anonymized Street, Jabodetabek",0812-XXXX-XXXX,Sample_Order_6,NEW,1,MEDIUM BOX,9.05,Zone 4,11000,Cibitung - KAB BEKASI,169800,slot-13,Cash on Delivery,5,33
3PLB-DRIVER-1,0812-XXXX-XXXX,kecamatan jagakarsa,Customer_872,cust@XXXX.com,2026-04-01,"Anonymized Street, Jabodetabek",0812-XXXX-XXXX,Sample_Order_9,RETURNING,1,HALF MEDIUM BOX,6.9,Zone 3,7000,Kramat - JAKPUS,126900,slot-2,Credit Card,4,90
3PLB-DRIVER-2,0812-XXXX-XXXX,kecamatan jagakarsa,Customer_873,cust@XXXX.com,2026-04-01,"Anonymized Street, Jabodetabek",0812-XXXX-XXXX,Sample_Order_2,RETURNING,1,PLASTIC,7.03,Zone 3,7000,Kembangan - JAKBAR,624450,slot-sameday,Credit Card,8,24
3PLA-DRIVER-2,0812-XXXX-XXXX,sepatan,Customer_874,cust@XXXX.com,2026-04-01,"Anonymized Street, Jabodetabek",0812-XXXX-XXXX,Sample_Order_7,RETURNING,1,HALF MEDIUM BOX,7.41,Zone 3,7000,Satellite HUB Karawaci,126300,slot-0,Credit Card,2,34
3PLC-DRIVER-1,0812-XXXX-XXXX,kecamatan pinang,Customer_875,cust@XXXX.com,2026-04-01,"Anonymized Street, Jabodetabek",0812-XXXX-XXXX,Sample_Order_5,,1,,8.03,Zone 3,7000,Kramat - JAKPUS,273600,slot-0bb,Cash on Delivery,5,276
3PLC-DRIVER-1,0812-XXXX-XXXX,kecamatan penjaringan,Customer_876,cust@XXXX.com,2026-04-01,"Anonymized Street, Jabodetabek",0812-XXXX-XXXX,Sample_Order_8,RETURNING,1,HALF MEDIUM BOX,3.65,Zone 2,6500,Beji - Depok,78200,slot-1bb,GO-PAY Wallet,2,111
Sample_Driver_8,0812-XXXX-XXXX,kecamatan jatinegara,Customer_877,cust@XXXX.com,2026-04-01,"Anonymized Street, Jabodetabek",0812-XXXX-XXXX,Sample_Order_2,RETURNING,1,PLASTIC,7.03,Zone 3,7000,Kembangan - JAKBAR,624450,slot-13,Credit Card,8,24
3PLB-DRIVER-2,0812-XXXX-XXXX,cikarang selatan,Customer_878,cust@XXXX.com,2026-04-01,"Anonymized Street, Jabodetabek",0812-XXXX-XXXX,Sample_Order_1,RETURNING,1,HALF MEDIUM BOX,11.13,Zone 4,11000,Bintaro - TANGSEL,116100,slot-0bb,OVO Wallet,2,85
3PLC-DRIVER-2,0812-XXXX-XXXX,kecamatan parung panjang,Customer_879,cust@XXXX.com,2026-04-01,"Anonymized Street, Jabodetabek",0812-XXXX-XXXX,Sample_Order_3,RETURNING,1,PLASTIC,6.8,Zone 3,7000,Kembangan - JAKBAR,151710,slot-1,ShopeePay,4,197
3PLB-DRIVER-1,0812-XXXX-XXXX,kecamatan parung panjang,Customer_880,cust@XXXX.com,2026-04-01,"Anonymized Street, Jabodetabek",0812-XXXX-XXXX,Sample_Order_7,RETURNING,1,HALF MEDIUM BOX,7.41,Zone 3,7000,Satellite HUB Karawaci,126300,slot-0,Credit Card,2,34
Sample_Driver_9,0812-XXXX-XXXX,kecamatan pademangan,Customer_881,cust@XXXX.com,2026-04-01,"Anonymized Street, Jabodetabek",0812-XXXX-XXXX,Sample_Order_3,RETURNING,1,PLASTIC,6.8,Zone 3,7000,Kembangan - JAKBAR,151710,slot-13,ShopeePay,4,197
3PLB-DRIVER-2,0812-XXXX-XXXX,kecamatan pinang,Customer_882,cust@XXXX.com,2026-04-01,"Anonymized Street, Jabodetabek",0812-XXXX-XXXX,Sample_Order_8,RETURNING,1,HALF MEDIUM BOX,3.65,Zone 2,6500,Beji - Depok,78200,slot-13,GO-PAY Wallet,2,111
3PLA-DRIVER-1,0812-XXXX-XXXX,kecamatan parung panjang,Customer_883,cust@XXXX.com,2026-04-01,"Anonymized Street, Jabodetabek",0812-XXXX-XXXX,Sample_Order_0,RETURNING,1,PLASTIC,5.54,Zone 2,6500,Kramat - JAKPUS,227370,slot-13,Cash on Delivery,5,242
Sample_Driver_8,0812-XXXX-XXXX,kecamatan jagakarsa,Customer_884,cust@XXXX.com,2026-04-01,"Anonymized Street, Jabodetabek",0812-XXXX-XXXX,Sample_Order_8,RETURNING,1,HALF MEDIUM BOX,3.65,Zone 2,6500,Beji - Depok,78200,slot-1bb,GO-PAY Wallet,2,111
3PLC-DRIVER-1,0812-XXXX-XXXX,kecamatan jatinegara,Customer_885,cust@XXXX.com,2026-04-01,"Anonymized Street, Jabodetabek",0812-XXXX-XXXX,Sample_Order_8,RETURNING,1,HALF MEDIUM BOX,3.65,Zone 2,6500,Beji - Depok,78200,slot-sameday,GO-PAY Wallet,2,111
3PLB-DRIVER-1,0812-XXXX-XXXX,kecamatan grogol petamburan,Customer_886,cust@XXXX.com,2026-04-01,"Anonymized Street, Jabodetabek",0812-XXXX-XXXX,Sample_Order_8,RETURNING,1,HALF MEDIUM BOX,3.65,Zone 2,6500,Beji - Depok,78200,slot-sameday03,GO-PAY Wallet,2,111
3PLB-DRIVER-1,0812-XXXX-XXXX,kecamatan setiabudi,Customer_887,cust@XXXX.com,2026-04-01,"Anonymized Street, Jabodetabek",0812-XXXX-XXXX,Sample_Order_3,RETURNING,1,PLASTIC,6.8,Zone 3,7000,Kembangan - JAKBAR,151710,slot-sameday03,ShopeePay,4,197
3PLA-DRIVER-2,0812-XXXX-XXXX,kecamatan jagakarsa,Customer_888,cust@XXXX.com,2026-04-01,"Anonymized Street, Jabodetabek",0812-XXXX-XXXX,Sample_Order_2,RETURNING,1,PLASTIC,7.03,Zone 3,7000,Kembangan - JAKBAR,624450,slot-1bb,Credit Card,8,24
3PLB-DRIVER-2,0812-XXXX-XXXX,cikarang selatan,Customer_889,cust@XXXX.com,2026-04-01,"Anonymized Street, Jabodetabek",0812-XXXX-XXXX,Sample_Order_4,RETURNING,1,PLASTIC,4.79,Zone 2,6500,Kramat - JAKPUS,162800,slot-2,MANDIRI VA Transferpay!,4,99
3PLA-DRIVER-1,0812-XXXX-XXXX,kecamatan pinang,Customer_890,cust@XXXX.com,2026-04-01,"Anonymized Street, Jabodetabek",0812-XXXX-XXXX,Sample_Order_0,RETURNING,1,PLASTIC,5.54,Zone 2,6500,Kramat - JAKPUS,227370,slot-sameday,Cash on Delivery,5,242
3PLC-DRIVER-2,0812-XXXX-XXXX,kecamatan jagakarsa,Customer_891,cust@XXXX.com,2026-04-01,"Anonymized Street, Jabodetabek",0812-XXXX-XXXX,Sample_Order_4,RETURNING,1,PLASTIC,4.79,Zone 2,6500,Kramat - JAKPUS,162800,slot-13,MANDIRI VA Transferpay!,4,99
3PLA-DRIVER-1,0812-XXXX-XXXX,kecamatan grogol petamburan,Customer_892,cust@XXXX.com,2026-04-01,"Anonymized Street, Jabodetabek",0812-XXXX-XXXX,Sample_Order_0,RETURNING,1,PLASTIC,5.54,Zone 2,6500,Kramat - JAKPUS,227370,slot-sameday03,Cash on Delivery,5,242
3PLC-DRIVER-1,0812-XXXX-XXXX,kecamatan jatinegara,Customer_893,cust@XXXX.com,2026-04-01,"Anonymized Street, Jabodetabek",0812-XXXX-XXXX,Sample_Order_3,RETURNING,1,PLASTIC,6.8,Zone 3,7000,Kembangan - JAKBAR,151710,slot-sameday03,ShopeePay,4,197
Sample_Driver_8,0812-XXXX-XXXX,kecamatan jagakarsa,Customer_894,cust@XXXX.com,2026-04-01,"Anonymized Street, Jabodetabek",0812-XXXX-XXXX,Sample_Order_4,RETURNING,1,PLASTIC,4.79,Zone 2,6500,Kramat - JAKPUS,162800,slot-sameday,MANDIRI VA Transferpay!,4,99
3PLC-DRIVER-2,0812-XXXX-XXXX,kecamatan pinang,Customer_895,cust@XXXX.com,2026-04-01,"Anonymized Street, Jabodetabek",0812-XXXX-XXXX,Sample_Order_2,RETURNING,1,PLASTIC,7.03,Zone 3,7000,Kembangan - JAKBAR,624450,slot-sameday,Credit Card,8,24
Sample_Driver_8,0812-XXXX-XXXX,kecamatan jagakarsa,Customer_896,cust@XXXX.com,2026-04-01,"Anonymized Street, Jabodetabek",0812-XXXX-XXXX,Sample_Order_4,RETURNING,1,PLASTIC,4.79,Zone 2,6500,Kramat - JAKPUS,162800,slot-0bb,MANDIRI VA Transferpay!,4,99
Sample_Driver_9,0812-XXXX-XXXX,kecamatan setiabudi,Customer_897,cust@XXXX.com,2026-04-01,"Anonymized Street, Jabodetabek",0812-XXXX-XXXX,Sample_Order_6,NEW,1,MEDIUM BOX,9.05,Zone 4,11000,Cibitung - KAB BEKASI,169800,slot-2,Cash on Delivery,5,33
3PLA-DRIVER-1,0812-XXXX-XXXX,kecamatan pinang,Customer_898,cust@XXXX.com,2026-04-01,"Anonymized Street, Jabodetabek",0812-XXXX-XXXX,Sample_Order_4,RETURNING,1,PLASTIC,4.79,Zone 2,6500,Kramat - JAKPUS,162800,slot-sameday03,MANDIRI VA Transferpay!,4,99
Sample_Driver_9,0812-XXXX-XXXX,kecamatan setiabudi,Customer_899,cust@XXXX.com,2026-04-01,"Anonymized Street, Jabodetabek",0812-XXXX-XXXX,Sample_Order_1,RETURNING,1,HALF MEDIUM BOX,11.13,Zone 4,11000,Bintaro - TANGSEL,116100,slot-13,OVO Wallet,2,85
3PLC-DRIVER-1,0812-XXXX-XXXX,kecamatan jatinegara,Customer_900,cust@XXXX.com,2026-04-01,"Anonymized Street, Jabodetabek",0812-XXXX-XXXX,Sample_Order_6,NEW,1,MEDIUM BOX,9.05,Zone 4,11000,Cibitung - KAB BEKASI,169800,slot-13,Cash on Delivery,5,33
3PLA-DRIVER-2,0812-XXXX-XXXX,kecamatan jatinegara,Customer_901,cust@XXXX.com,2026-04-01,"Anonymized Street, Jabodetabek",0812-XXXX-XXXX,Sample_Order_9,RETURNING,1,HALF MEDIUM BOX,6.9,Zone 3,7000,Kramat - JAKPUS,126900,slot-13,Credit Card,4,90
3PLB-DRIVER-3,0812-XXXX-XXXX,kecamatan pademangan,Customer_902,cust@XXXX.com,2026-04-01,"Anonymized Street, Jabodetabek",0812-XXXX-XXXX,Sample_Order_9,RETURNING,1,HALF MEDIUM BOX,6.9,Zone 3,7000,Kramat - JAKPUS,126900,slot-0,Credit Card,4,90
Sample_Driver_9,0812-XXXX-XXXX,kecamatan penjaringan,Customer_903,cust@XXXX.com,2026-04-01,"Anonymized Street, Jabodetabek",0812-XXXX-XXXX,Sample_Order_2,RETURNING,1,PLASTIC,7.03,Zone 3,7000,Kembangan - JAKBAR,624450,slot-13,Credit Card,8,24
Sample_Driver_8,0812-XXXX-XXXX,kecamatan jatinegara,Customer_904,cust@XXXX.com,2026-04-01,"Anonymized Street, Jabodetabek",0812-XXXX-XXXX,Sample_Order_5,,1,,8.03,Zone 3,7000,Kramat - JAKPUS,273600,slot-sameday03,Cash on Delivery,5,276
3PLA-DRIVER-1,0812-XXXX-XXXX,kecamatan parung panjang,Customer_905,cust@XXXX.com,2026-04-01,"Anonymized Street, Jabodetabek",0812-XXXX-XXXX,Sample_Order_4,RETURNING,1,PLASTIC,4.79,Zone 2,6500,Kramat - JAKPUS,162800,slot-2,MANDIRI VA Transferpay!,4,99
3PLA-DRIVER-2,0812-XXXX-XXXX,kecamatan jagakarsa,Customer_906,cust@XXXX.com,2026-04-01,"Anonymized Street, Jabodetabek",0812-XXXX-XXXX,Sample_Order_9,RETURNING,1,HALF MEDIUM BOX,6.9,Zone 3,7000,Kramat - JAKPUS,126900,slot-13,Credit Card,4,90
3PLA-DRIVER-1,0812-XXXX-XXXX,kecamatan jagakarsa,Customer_907,cust@XXXX.com,2026-04-01,"Anonymized Street, Jabodetabek",0812-XXXX-XXXX,Sample_Order_0,RETURNING,1,PLASTIC,5.54,Zone 2,6500,Kramat - JAKPUS,227370,slot-1bb,Cash on Delivery,5,242
3PLC-DRIVER-1,0812-XXXX-XXXX,sepatan,Customer_908,cust@XXXX.com,2026-04-01,"Anonymized Street, Jabodetabek",0812-XXXX-XXXX,Sample_Order_2,RETURNING,1,PLASTIC,7.03,Zone 3,7000,Kembangan - JAKBAR,624450,slot-1bb,Credit Card,8,24
3PLB-DRIVER-3,0812-XXXX-XXXX,kecamatan grogol petamburan,Customer_909,cust@XXXX.com,2026-04-01,"Anonymized Street, Jabodetabek",0812-XXXX-XXXX,Sample_Order_8,RETURNING,1,HALF MEDIUM BOX,3.65,Zone 2,6500,Beji - Depok,78200,slot-2,GO-PAY Wallet,2,111
Sample_Driver_9,0812-XXXX-XXXX,kecamatan jagakarsa,Customer_910,cust@XXXX.com,2026-04-01,"Anonymized Street, Jabodetabek",0812-XXXX-XXXX,Sample_Order_1,RETURNING,1,HALF MEDIUM BOX,11.13,Zone 4,11000,Bintaro - TANGSEL,116100,slot-sameday03,OVO Wallet,2,85
3PLB-DRIVER-3,0812-XXXX-XXXX,kecamatan pademangan,Customer_911,cust@XXXX.com,2026-04-01,"Anonymized Street, Jabodetabek",0812-XXXX-XXXX,Sample_Order_1,RETURNING,1,HALF MEDIUM BOX,11.13,Zone 4,11000,Bintaro - TANGSEL,116100,slot-1,OVO Wallet,2,85
3PLC-DRIVER-2,0812-XXXX-XXXX,kecamatan pinang,Customer_912,cust@XXXX.com,2026-04-01,"Anonymized Street, Jabodetabek",0812-XXXX-XXXX,Sample_Order_3,RETURNING,1,PLASTIC,6.8,Zone 3,7000,Kembangan - JAKBAR,151710,slot-0,ShopeePay,4,197
3PLB-DRIVER-3,0812-XXXX-XXXX,kecamatan grogol petamburan,Customer_913,cust@XXXX.com,2026-04-01,"Anonymized Street, Jabodetabek",0812-XXXX-XXXX,Sample_Order_1,RETURNING,1,HALF MEDIUM BOX,11.13,Zone 4,11000,Bintaro - TANGSEL,116100,slot-sameday,OVO Wallet,2,85
Sample_Driver_8,0812-XXXX-XXXX,kecamatan pinang,Customer_914,cust@XXXX.com,2026-04-01,"Anonymized Street, Jabodetabek",0812-XXXX-XXXX,Sample_Order_7,RETURNING,1,HALF MEDIUM BOX,7.41,Zone 3,7000,Satellite HUB Karawaci,126300,slot-13,Credit Card,2,34
3PLC-DRIVER-2,0812-XXXX-XXXX,sepatan,Customer_915,cust@XXXX.com,2026-04-01,"Anonymized Street, Jabodetabek",0812-XXXX-XXXX,Sample_Order_7,RETURNING,1,HALF MEDIUM BOX,7.41,Zone 3,7000,Satellite HUB Karawaci,126300,slot-0bb,Credit Card,2,34
3PLA-DRIVER-2,0812-XXXX-XXXX,kecamatan grogol petamburan,Customer_916,cust@XXXX.com,2026-04-01,"Anonymized Street, Jabodetabek",0812-XXXX-XXXX,Sample_Order_0,RETURNING,1,PLASTIC,5.54,Zone 2,6500,Kramat - JAKPUS,227370,slot-2,Cash on Delivery,5,242
3PLB-DRIVER-2,0812-XXXX-XXXX,kecamatan jatinegara,Customer_917,cust@XXXX.com,2026-04-01,"Anonymized Street, Jabodetabek",0812-XXXX-XXXX,Sample_Order_4,RETURNING,1,PLASTIC,4.79,Zone 2,6500,Kramat - JAKPUS,162800,slot-13,MANDIRI VA Transferpay!,4,99
3PLA-DRIVER-2,0812-XXXX-XXXX,cikarang selatan,Customer_918,cust@XXXX.com,2026-04-01,"Anonymized Street, Jabodetabek",0812-XXXX-XXXX,Sample_Order_1,RETURNING,1,HALF MEDIUM BOX,11.13,Zone 4,11000,Bintaro - TANGSEL,116100,slot-0,OVO Wallet,2,85
3PLB-DRIVER-3,0812-XXXX-XXXX,kecamatan jatinegara,Customer_919,cust@XXXX.com,2026-04-01,"Anonymized Street, Jabodetabek",0812-XXXX-XXXX,Sample_Order_6,NEW,1,MEDIUM BOX,9.05,Zone 4,11000,Cibitung - KAB BEKASI,169800,slot-1bb,Cash on Delivery,5,33
3PLB-DRIVER-3,0812-XXXX-XXXX,kecamatan jagakarsa,Customer_920,cust@XXXX.com,2026-04-01,"Anonymized Street, Jabodetabek",0812-XXXX-XXXX,Sample_Order_4,RETURNING,1,PLASTIC,4.79,Zone 2,6500,Kramat - JAKPUS,162800,slot-0,MANDIRI VA Transferpay!,4,99
3PLB-DRIVER-1,0812-XXXX-XXXX,kecamatan parung panjang,Customer_921,cust@XXXX.com,2026-04-01,"Anonymized Street, Jabodetabek",0812-XXXX-XXXX,Sample_Order_4,RETURNING,1,PLASTIC,4.79,Zone 2,6500,Kramat - JAKPUS,162800,slot-13,MANDIRI VA Transferpay!,4,99
Sample_Driver_9,0812-XXXX-XXXX,kecamatan jagakarsa,Customer_922,cust@XXXX.com,2026-04-01,"Anonymized Street, Jabodetabek",0812-XXXX-XXXX,Sample_Order_0,RETURNING,1,PLASTIC,5.54,Zone 2,6500,Kramat - JAKPUS,227370,slot-1bb,Cash on Delivery,5,242
3PLB-DRIVER-3,0812-XXXX-XXXX,kecamatan parung panjang,Customer_923,cust@XXXX.com,2026-04-01,"Anonymized Street, Jabodetabek",0812-XXXX-XXXX,Sample_Order_0,RETURNING,1,PLASTIC,5.54,Zone 2,6500,Kramat - JAKPUS,227370,slot-13,Cash on Delivery,5,242
3PLA-DRIVER-1,0812-XXXX-XXXX,kecamatan jatinegara,Customer_924,cust@XXXX.com,2026-04-01,"Anonymized Street, Jabodetabek",0812-XXXX-XXXX,Sample_Order_3,RETURNING,1,PLASTIC,6.8,Zone 3,7000,Kembangan - JAKBAR,151710,slot-1bb,ShopeePay,4,197
Sample_Driver_9,0812-XXXX-XXXX,kecamatan pinang,Customer_925,cust@XXXX.com,2026-04-01,"Anonymized Street, Jabodetabek",0812-XXXX-XXXX,Sample_Order_6,NEW,1,MEDIUM BOX,9.05,Zone 4,11000,Cibitung - KAB BEKASI,169800,slot-0bb,Cash on Delivery,5,33
Sample_Driver_9,0812-XXXX-XXXX,kecamatan penjaringan,Customer_926,cust@XXXX.com,2026-04-01,"Anonymized Street, Jabodetabek",0812-XXXX-XXXX,Sample_Order_1,RETURNING,1,HALF MEDIUM BOX,11.13,Zone 4,11000,Bintaro - TANGSEL,116100,slot-1,OVO Wallet,2,85
Sample_Driver_9,0812-XXXX-XXXX,cikarang selatan,Customer_927,cust@XXXX.com,2026-04-01,"Anonymized Street, Jabodetabek",0812-XXXX-XXXX,Sample_Order_8,RETURNING,1,HALF MEDIUM BOX,3.65,Zone 2,6500,Beji - Depok,78200,slot-2,GO-PAY Wallet,2,111
3PLB-DRIVER-1,0812-XXXX-XXXX,kecamatan penjaringan,Customer_928,cust@XXXX.com,2026-04-01,"Anonymized Street, Jabodetabek",0812-XXXX-XXXX,Sample_Order_8,RETURNING,1,HALF MEDIUM BOX,3.65,Zone 2,6500,Beji - Depok,78200,slot-2,GO-PAY Wallet,2,111
Sample_Driver_9,0812-XXXX-XXXX,kecamatan parung panjang,Customer_929,cust@XXXX.com,2026-04-01,"Anonymized Street, Jabodetabek",0812-XXXX-XXXX,Sample_Order_9,RETURNING,1,HALF MEDIUM BOX,6.9,Zone 3,7000,Kramat - JAKPUS,126900,slot-0bb,Credit Card,4,90
Sample_Driver_8,0812-XXXX-XXXX,kecamatan penjaringan,Customer_930,cust@XXXX.com,2026-04-01,"Anonymized Street, Jabodetabek",0812-XXXX-XXXX,Sample_Order_8,RETURNING,1,HALF MEDIUM BOX,3.65,Zone 2,6500,Beji - Depok,78200,slot-sameday,GO-PAY Wallet,2,111
3PLB-DRIVER-1,0812-XXXX-XXXX,kecamatan jatinegara,Customer_931,cust@XXXX.com,2026-04-01,"Anonymized Street, Jabodetabek",0812-XXXX-XXXX,Sample_Order_4,RETURNING,1,PLASTIC,4.79,Zone 2,6500,Kramat - JAKPUS,162800,slot-2,MANDIRI VA Transferpay!,4,99
3PLB-DRIVER-1,0812-XXXX-XXXX,kecamatan parung panjang,Customer_932,cust@XXXX.com,2026-04-01,"Anonymized Street, Jabodetabek",0812-XXXX-XXXX,Sample_Order_1,RETURNING,1,HALF MEDIUM BOX,11.13,Zone 4,11000,Bintaro - TANGSEL,116100,slot-sameday03,OVO Wallet,2,85
3PLB-DRIVER-3,0812-XXXX-XXXX,kecamatan jatinegara,Customer_933,cust@XXXX.com,2026-04-01,"Anonymized Street, Jabodetabek",0812-XXXX-XXXX,Sample_Order_7,RETURNING,1,HALF MEDIUM BOX,7.41,Zone 3,7000,Satellite HUB Karawaci,126300,slot-2,Credit Card,2,34
3PLC-DRIVER-1,0812-XXXX-XXXX,kecamatan setiabudi,Customer_934,cust@XXXX.com,2026-04-01,"Anonymized Street, Jabodetabek",0812-XXXX-XXXX,Sample_Order_2,RETURNING,1,PLASTIC,7.03,Zone 3,7000,Kembangan - JAKBAR,624450,slot-0bb,Credit Card,8,24
3PLB-DRIVER-2,0812-XXXX-XXXX,kecamatan pademangan,Customer_935,cust@XXXX.com,2026-04-01,"Anonymized Street, Jabodetabek",0812-XXXX-XXXX,Sample_Order_6,NEW,1,MEDIUM BOX,9.05,Zone 4,11000,Cibitung - KAB BEKASI,169800,slot-0bb,Cash on Delivery,5,33
3PLA-DRIVER-1,0812-XXXX-XXXX,kecamatan pinang,Customer_936,cust@XXXX.com,2026-04-01,"Anonymized Street, Jabodetabek",0812-XXXX-XXXX,Sample_Order_6,NEW,1,MEDIUM BOX,9.05,Zone 4,11000,Cibitung - KAB BEKASI,169800,slot-sameday,Cash on Delivery,5,33
3PLC-DRIVER-2,0812-XXXX-XXXX,kecamatan setiabudi,Customer_937,cust@XXXX.com,2026-04-01,"Anonymized Street, Jabodetabek",0812-XXXX-XXXX,Sample_Order_9,RETURNING,1,HALF MEDIUM BOX,6.9,Zone 3,7000,Kramat - JAKPUS,126900,slot-0,Credit Card,4,90
Sample_Driver_9,0812-XXXX-XXXX,sepatan,Customer_938,cust@XXXX.com,2026-04-01,"Anonymized Street, Jabodetabek",0812-XXXX-XXXX,Sample_Order_4,RETURNING,1,PLASTIC,4.79,Zone 2,6500,Kramat - JAKPUS,162800,slot-1,MANDIRI VA Transferpay!,4,99
3PLB-DRIVER-2,0812-XXXX-XXXX,kecamatan jatinegara,Customer_939,cust@XXXX.com,2026-04-01,"Anonymized Street, Jabodetabek",0812-XXXX-XXXX,Sample_Order_4,RETURNING,1,PLASTIC,4.79,Zone 2,6500,Kramat - JAKPUS,162800,slot-2,MANDIRI VA Transferpay!,4,99
3PLA-DRIVER-2,0812-XXXX-XXXX,kecamatan pademangan,Customer_940,cust@XXXX.com,2026-04-01,"Anonymized Street, Jabodetabek",0812-XXXX-XXXX,Sample_Order_6,NEW,1,MEDIUM BOX,9.05,Zone 4,11000,Cibitung - KAB BEKASI,169800,slot-0bb,Cash on Delivery,5,33
3PLA-DRIVER-2,0812-XXXX-XXXX,kecamatan pademangan,Customer_941,cust@XXXX.com,2026-04-01,"Anonymized Street, Jabodetabek",0812-XXXX-XXXX,Sample_Order_8,RETURNING,1,HALF MEDIUM BOX,3.65,Zone 2,6500,Beji - Depok,78200,slot-1bb,GO-PAY Wallet,2,111
3PLB-DRIVER-1,0812-XXXX-XXXX,kecamatan jatinegara,Customer_942,cust@XXXX.com,2026-04-01,"Anonymized Street, Jabodetabek",0812-XXXX-XXXX,Sample_Order_5,,1,,8.03,Zone 3,7000,Kramat - JAKPUS,273600,slot-2,Cash on Delivery,5,276
3PLC-DRIVER-2,0812-XXXX-XXXX,kecamatan penjaringan,Customer_943,cust@XXXX.com,2026-04-01,"Anonymized Street, Jabodetabek",0812-XXXX-XXXX,Sample_Order_6,NEW,1,MEDIUM BOX,9.05,Zone 4,11000,Cibitung - KAB BEKASI,169800,slot-13,Cash on Delivery,5,33
3PLB-DRIVER-2,0812-XXXX-XXXX,kecamatan setiabudi,Customer_944,cust@XXXX.com,2026-04-01,"Anonymized Street, Jabodetabek",0812-XXXX-XXXX,Sample_Order_3,RETURNING,1,PLASTIC,6.8,Zone 3,7000,Kembangan - JAKBAR,151710,slot-2,ShopeePay,4,197
3PLC-DRIVER-1,0812-XXXX-XXXX,kecamatan setiabudi,Customer_945,cust@XXXX.com,2026-04-01,"Anonymized Street, Jabodetabek",0812-XXXX-XXXX,Sample_Order_5,,1,,8.03,Zone 3,7000,Kramat - JAKPUS,273600,slot-sameday03,Cash on Delivery,5,276
3PLC-DRIVER-2,0812-XXXX-XXXX,cikarang selatan,Customer_946,cust@XXXX.com,2026-04-01,"Anonymized Street, Jabodetabek",0812-XXXX-XXXX,Sample_Order_9,RETURNING,1,HALF MEDIUM BOX,6.9,Zone 3,7000,Kramat - JAKPUS,126900,slot-sameday03,Credit Card,4,90
3PLB-DRIVER-1,0812-XXXX-XXXX,cikarang selatan,Customer_947,cust@XXXX.com,2026-04-01,"Anonymized Street, Jabodetabek",0812-XXXX-XXXX,Sample_Order_5,,1,,8.03,Zone 3,7000,Kramat - JAKPUS,273600,slot-13,Cash on Delivery,5,276
Sample_Driver_9,0812-XXXX-XXXX,cikarang selatan,Customer_948,cust@XXXX.com,2026-04-01,"Anonymized Street, Jabodetabek",0812-XXXX-XXXX,Sample_Order_6,NEW,1,MEDIUM BOX,9.05,Zone 4,11000,Cibitung - KAB BEKASI,169800,slot-sameday03,Cash on Delivery,5,33
3PLB-DRIVER-1,0812-XXXX-XXXX,kecamatan penjaringan,Customer_949,cust@XXXX.com,2026-04-01,"Anonymized Street, Jabodetabek",0812-XXXX-XXXX,Sample_Order_0,RETURNING,1,PLASTIC,5.54,Zone 2,6500,Kramat - JAKPUS,227370,slot-0bb,Cash on Delivery,5,242
3PLC-DRIVER-1,0812-XXXX-XXXX,kecamatan pademangan,Customer_950,cust@XXXX.com,2026-04-01,"Anonymized Street, Jabodetabek",0812-XXXX-XXXX,Sample_Order_8,RETURNING,1,HALF MEDIUM BOX,3.65,Zone 2,6500,Beji - Depok,78200,slot-sameday03,GO-PAY Wallet,2,111
3PLB-DRIVER-1,0812-XXXX-XXXX,sepatan,Customer_951,cust@XXXX.com,2026-04-01,"Anonymized Street, Jabodetabek",0812-XXXX-XXXX,Sample_Order_6,NEW,1,MEDIUM BOX,9.05,Zone 4,11000,Cibitung - KAB BEKASI,169800,slot-1,Cash on Delivery,5,33
3PLB-DRIVER-3,0812-XXXX-XXXX,kecamatan pinang,Customer_952,cust@XXXX.com,2026-04-01,"Anonymized Street, Jabodetabek",0812-XXXX-XXXX,Sample_Order_3,RETURNING,1,PLASTIC,6.8,Zone 3,7000,Kembangan - JAKBAR,151710,slot-13,ShopeePay,4,197
Sample_Driver_8,0812-XXXX-XXXX,kecamatan pademangan,Customer_953,cust@XXXX.com,2026-04-01,"Anonymized Street, Jabodetabek",0812-XXXX-XXXX,Sample_Order_3,RETURNING,1,PLASTIC,6.8,Zone 3,7000,Kembangan - JAKBAR,151710,slot-1,ShopeePay,4,197
3PLA-DRIVER-2,0812-XXXX-XXXX,sepatan,Customer_954,cust@XXXX.com,2026-04-01,"Anonymized Street, Jabodetabek",0812-XXXX-XXXX,Sample_Order_0,RETURNING,1,PLASTIC,5.54,Zone 2,6500,Kramat - JAKPUS,227370,slot-1bb,Cash on Delivery,5,242
3PLC-DRIVER-1,0812-XXXX-XXXX,kecamatan pademangan,Customer_955,cust@XXXX.com,2026-04-01,"Anonymized Street, Jabodetabek",0812-XXXX-XXXX,Sample_Order_9,RETURNING,1,HALF MEDIUM BOX,6.9,Zone 3,7000,Kramat - JAKPUS,126900,slot-13,Credit Card,4,90
3PLC-DRIVER-2,0812-XXXX-XXXX,kecamatan jagakarsa,Customer_956,cust@XXXX.com,2026-04-01,"Anonymized Street, Jabodetabek",0812-XXXX-XXXX,Sample_Order_1,RETURNING,1,HALF MEDIUM BOX,11.13,Zone 4,11000,Bintaro - TANGSEL,116100,slot-sameday,OVO Wallet,2,85
3PLB-DRIVER-2,0812-XXXX-XXXX,kecamatan grogol petamburan,Customer_957,cust@XXXX.com,2026-04-01,"Anonymized Street, Jabodetabek",0812-XXXX-XXXX,Sample_Order_8,RETURNING,1,HALF MEDIUM BOX,3.65,Zone 2,6500,Beji - Depok,78200,slot-sameday03,GO-PAY Wallet,2,111
Sample_Driver_9,0812-XXXX-XXXX,kecamatan setiabudi,Customer_958,cust@XXXX.com,2026-04-01,"Anonymized Street, Jabodetabek",0812-XXXX-XXXX,Sample_Order_0,RETURNING,1,PLASTIC,5.54,Zone 2,6500,Kramat - JAKPUS,227370,slot-1,Cash on Delivery,5,242
3PLB-DRIVER-3,0812-XXXX-XXXX,kecamatan jagakarsa,Customer_959,cust@XXXX.com,2026-04-01,"Anonymized Street, Jabodetabek",0812-XXXX-XXXX,Sample_Order_8,RETURNING,1,HALF MEDIUM BOX,3.65,Zone 2,6500,Beji - Depok,78200,slot-1bb,GO-PAY Wallet,2,111
3PLC-DRIVER-1,0812-XXXX-XXXX,cikarang selatan,Customer_960,cust@XXXX.com,2026-04-01,"Anonymized Street, Jabodetabek",0812-XXXX-XXXX,Sample_Order_7,RETURNING,1,HALF MEDIUM BOX,7.41,Zone 3,7000,Satellite HUB Karawaci,126300,slot-sameday,Credit Card,2,34
Sample_Driver_9,0812-XXXX-XXXX,kecamatan penjaringan,Customer_961,cust@XXXX.com,2026-04-01,"Anonymized Street, Jabodetabek",0812-XXXX-XXXX,Sample_Order_8,RETURNING,1,HALF MEDIUM BOX,3.65,Zone 2,6500,Beji - Depok,78200,slot-13,GO-PAY Wallet,2,111
3PLB-DRIVER-2,0812-XXXX-XXXX,kecamatan jagakarsa,Customer_962,cust@XXXX.com,2026-04-01,"Anonymized Street, Jabodetabek",0812-XXXX-XXXX,Sample_Order_1,RETURNING,1,HALF MEDIUM BOX,11.13,Zone 4,11000,Bintaro - TANGSEL,116100,slot-sameday03,OVO Wallet,2,85
3PLB-DRIVER-1,0812-XXXX-XXXX,kecamatan penjaringan,Customer_963,cust@XXXX.com,2026-04-01,"Anonymized Street, Jabodetabek",0812-XXXX-XXXX,Sample_Order_7,RETURNING,1,HALF MEDIUM BOX,7.41,Zone 3,7000,Satellite HUB Karawaci,126300,slot-13,Credit Card,2,34
3PLB-DRIVER-3,0812-XXXX-XXXX,kecamatan penjaringan,Customer_964,cust@XXXX.com,2026-04-01,"Anonymized Street, Jabodetabek",0812-XXXX-XXXX,Sample_Order_2,RETURNING,1,PLASTIC,7.03,Zone 3,7000,Kembangan - JAKBAR,624450,slot-sameday,Credit Card,8,24
3PLA-DRIVER-2,0812-XXXX-XXXX,kecamatan grogol petamburan,Customer_965,cust@XXXX.com,2026-04-01,"Anonymized Street, Jabodetabek",0812-XXXX-XXXX,Sample_Order_6,NEW,1,MEDIUM BOX,9.05,Zone 4,11000,Cibitung - KAB BEKASI,169800,slot-2,Cash on Delivery,5,33
3PLA-DRIVER-2,0812-XXXX-XXXX,sepatan,Customer_966,cust@XXXX.com,2026-04-01,"Anonymized Street, Jabodetabek",0812-XXXX-XXXX,Sample_Order_1,RETURNING,1,HALF MEDIUM BOX,11.13,Zone 4,11000,Bintaro - TANGSEL,116100,slot-sameday,OVO Wallet,2,85
Sample_Driver_9,0812-XXXX-XXXX,kecamatan parung panjang,Customer_967,cust@XXXX.com,2026-04-01,"Anonymized Street, Jabodetabek",0812-XXXX-XXXX,Sample_Order_9,RETURNING,1,HALF MEDIUM BOX,6.9,Zone 3,7000,Kramat - JAKPUS,126900,slot-13,Credit Card,4,90
3PLB-DRIVER-1,0812-XXXX-XXXX,kecamatan parung panjang,Customer_968,cust@XXXX.com,2026-04-01,"Anonymized Street, Jabodetabek",0812-XXXX-XXXX,Sample_Order_0,RETURNING,1,PLASTIC,5.54,Zone 2,6500,Kramat - JAKPUS,227370,slot-1,Cash on Delivery,5,242
Sample_Driver_8,0812-XXXX-XXXX,kecamatan jatinegara,Customer_969,cust@XXXX.com,2026-04-01,"Anonymized Street, Jabodetabek",0812-XXXX-XXXX,Sample_Order_0,RETURNING,1,PLASTIC,5.54,Zone 2,6500,Kramat - JAKPUS,227370,slot-0,Cash on Delivery,5,242
3PLB-DRIVER-1,0812-XXXX-XXXX,kecamatan jatinegara,Customer_970,cust@XXXX.com,2026-04-01,"Anonymized Street, Jabodetabek",0812-XXXX-XXXX,Sample_Order_1,RETURNING,1,HALF MEDIUM BOX,11.13,Zone 4,11000,Bintaro - TANGSEL,116100,slot-1,OVO Wallet,2,85
Sample_Driver_9,0812-XXXX-XXXX,kecamatan jagakarsa,Customer_971,cust@XXXX.com,2026-04-01,"Anonymized Street, Jabodetabek",0812-XXXX-XXXX,Sample_Order_0,RETURNING,1,PLASTIC,5.54,Zone 2,6500,Kramat - JAKPUS,227370,slot-sameday,Cash on Delivery,5,242
3PLB-DRIVER-2,0812-XXXX-XXXX,cikarang selatan,Customer_972,cust@XXXX.com,2026-04-01,"Anonymized Street, Jabodetabek",0812-XXXX-XXXX,Sample_Order_1,RETURNING,1,HALF MEDIUM BOX,11.13,Zone 4,11000,Bintaro - TANGSEL,116100,slot-0,OVO Wallet,2,85
3PLC-DRIVER-1,0812-XXXX-XXXX,kecamatan grogol petamburan,Customer_973,cust@XXXX.com,2026-04-01,"Anonymized Street, Jabodetabek",0812-XXXX-XXXX,Sample_Order_2,RETURNING,1,PLASTIC,7.03,Zone 3,7000,Kembangan - JAKBAR,624450,slot-0,Credit Card,8,24
3PLA-DRIVER-2,0812-XXXX-XXXX,kecamatan setiabudi,Customer_974,cust@XXXX.com,2026-04-01,"Anonymized Street, Jabodetabek",0812-XXXX-XXXX,Sample_Order_8,RETURNING,1,HALF MEDIUM BOX,3.65,Zone 2,6500,Beji - Depok,78200,slot-13,GO-PAY Wallet,2,111
3PLC-DRIVER-2,0812-XXXX-XXXX,kecamatan jatinegara,Customer_975,cust@XXXX.com,2026-04-01,"Anonymized Street, Jabodetabek",0812-XXXX-XXXX,Sample_Order_4,RETURNING,1,PLASTIC,4.79,Zone 2,6500,Kramat - JAKPUS,162800,slot-sameday03,MANDIRI VA Transferpay!,4,99
3PLC-DRIVER-2,0812-XXXX-XXXX,kecamatan setiabudi,Customer_976,cust@XXXX.com,2026-04-01,"Anonymized Street, Jabodetabek",0812-XXXX-XXXX,Sample_Order_7,RETURNING,1,HALF MEDIUM BOX,7.41,Zone 3,7000,Satellite HUB Karawaci,126300,slot-1bb,Credit Card,2,34
3PLA-DRIVER-1,0812-XXXX-XXXX,kecamatan parung panjang,Customer_977,cust@XXXX.com,2026-04-01,"Anonymized Street, Jabodetabek",0812-XXXX-XXXX,Sample_Order_0,RETURNING,1,PLASTIC,5.54,Zone 2,6500,Kramat - JAKPUS,227370,slot-13,Cash on Delivery,5,242
3PLA-DRIVER-2,0812-XXXX-XXXX,kecamatan parung panjang,Customer_978,cust@XXXX.com,2026-04-01,"Anonymized Street, Jabodetabek",0812-XXXX-XXXX,Sample_Order_8,RETURNING,1,HALF MEDIUM BOX,3.65,Zone 2,6500,Beji - Depok,78200,slot-2,GO-PAY Wallet,2,111
3PLB-DRIVER-3,0812-XXXX-XXXX,kecamatan pinang,Customer_979,cust@XXXX.com,2026-04-01,"Anonymized Street, Jabodetabek",0812-XXXX-XXXX,Sample_Order_3,RETURNING,1,PLASTIC,6.8,Zone 3,7000,Kembangan - JAKBAR,151710,slot-13,ShopeePay,4,197
3PLA-DRIVER-2,0812-XXXX-XXXX,kecamatan parung panjang,Customer_980,cust@XXXX.com,2026-04-01,"Anonymized Street, Jabodetabek",0812-XXXX-XXXX,Sample_Order_7,RETURNING,1,HALF MEDIUM BOX,7.41,Zone 3,7000,Satellite HUB Karawaci,126300,slot-2,Credit Card,2,34
3PLC-DRIVER-2,0812-XXXX-XXXX,kecamatan pinang,Customer_981,cust@XXXX.com,2026-04-01,"Anonymized Street, Jabodetabek",0812-XXXX-XXXX,Sample_Order_9,RETURNING,1,HALF MEDIUM BOX,6.9,Zone 3,7000,Kramat - JAKPUS,126900,slot-sameday,Credit Card,4,90
3PLC-DRIVER-2,0812-XXXX-XXXX,kecamatan jatinegara,Customer_982,cust@XXXX.com,2026-04-01,"Anonymized Street, Jabodetabek",0812-XXXX-XXXX,Sample_Order_9,RETURNING,1,HALF MEDIUM BOX,6.9,Zone 3,7000,Kramat - JAKPUS,126900,slot-sameday,Credit Card,4,90
3PLC-DRIVER-1,0812-XXXX-XXXX,sepatan,Customer_983,cust@XXXX.com,2026-04-01,"Anonymized Street, Jabodetabek",0812-XXXX-XXXX,Sample_Order_7,RETURNING,1,HALF MEDIUM BOX,7.41,Zone 3,7000,Satellite HUB Karawaci,126300,slot-2,Credit Card,2,34
3PLA-DRIVER-2,0812-XXXX-XXXX,cikarang selatan,Customer_984,cust@XXXX.com,2026-04-01,"Anonymized Street, Jabodetabek",0812-XXXX-XXXX,Sample_Order_2,RETURNING,1,PLASTIC,7.03,Zone 3,7000,Kembangan - JAKBAR,624450,slot-13,Credit Card,8,24
3PLB-DRIVER-2,0812-XXXX-XXXX,cikarang selatan,Customer_985,cust@XXXX.com,2026-04-01,"Anonymized Street, Jabodetabek",0812-XXXX-XXXX,Sample_Order_9,RETURNING,1,HALF MEDIUM BOX,6.9,Zone 3,7000,Kramat - JAKPUS,126900,slot-2,Credit Card,4,90
3PLB-DRIVER-2,0812-XXXX-XXXX,kecamatan setiabudi,Customer_986,cust@XXXX.com,2026-04-01,"Anonymized Street, Jabodetabek",0812-XXXX-XXXX,Sample_Order_8,RETURNING,1,HALF MEDIUM BOX,3.65,Zone 2,6500,Beji - Depok,78200,slot-sameday,GO-PAY Wallet,2,111
3PLC-DRIVER-2,0812-XXXX-XXXX,kecamatan parung panjang,Customer_987,cust@XXXX.com,2026-04-01,"Anonymized Street, Jabodetabek",0812-XXXX-XXXX,Sample_Order_9,RETURNING,1,HALF MEDIUM BOX,6.9,Zone 3,7000,Kramat - JAKPUS,126900,slot-sameday03,Credit Card,4,90
3PLC-DRIVER-2,0812-XXXX-XXXX,kecamatan pinang,Customer_988,cust@XXXX.com,2026-04-01,"Anonymized Street, Jabodetabek",0812-XXXX-XXXX,Sample_Order_3,RETURNING,1,PLASTIC,6.8,Zone 3,7000,Kembangan - JAKBAR,151710,slot-2,ShopeePay,4,197
3PLC-DRIVER-1,0812-XXXX-XXXX,kecamatan penjaringan,Customer_989,cust@XXXX.com,2026-04-01,"Anonymized Street, Jabodetabek",0812-XXXX-XXXX,Sample_Order_1,RETURNING,1,HALF MEDIUM BOX,11.13,Zone 4,11000,Bintaro - TANGSEL,116100,slot-0bb,OVO Wallet,2,85
3PLA-DRIVER-1,0812-XXXX-XXXX,kecamatan jatinegara,Customer_990,cust@XXXX.com,2026-04-01,"Anonymized Street, Jabodetabek",0812-XXXX-XXXX,Sample_Order_4,RETURNING,1,PLASTIC,4.79,Zone 2,6500,Kramat - JAKPUS,162800,slot-0bb,MANDIRI VA Transferpay!,4,99
3PLA-DRIVER-1,0812-XXXX-XXXX,kecamatan grogol petamburan,Customer_991,cust@XXXX.com,2026-04-01,"Anonymized Street, Jabodetabek",0812-XXXX-XXXX,Sample_Order_3,RETURNING,1,PLASTIC,6.8,Zone 3,7000,Kembangan - JAKBAR,151710,slot-1bb,ShopeePay,4,197
Sample_Driver_8,0812-XXXX-XXXX,cikarang selatan,Customer_992,cust@XXXX.com,2026-04-01,"Anonymized Street, Jabodetabek",0812-XXXX-XXXX,Sample_Order_6,NEW,1,MEDIUM BOX,9.05,Zone 4,11000,Cibitung - KAB BEKASI,169800,slot-1,Cash on Delivery,5,33
Sample_Driver_9,0812-XXXX-XXXX,cikarang selatan,Customer_993,cust@XXXX.com,2026-04-01,"Anonymized Street, Jabodetabek",0812-XXXX-XXXX,Sample_Order_6,NEW,1,MEDIUM BOX,9.05,Zone 4,11000,Cibitung - KAB BEKASI,169800,slot-13,Cash on Delivery,5,33
3PLA-DRIVER-1,0812-XXXX-XXXX,sepatan,Customer_994,cust@XXXX.com,2026-04-01,"Anonymized Street, Jabodetabek",0812-XXXX-XXXX,Sample_Order_3,RETURNING,1,PLASTIC,6.8,Zone 3,7000,Kembangan - JAKBAR,151710,slot-sameday03,ShopeePay,4,197
Sample_Driver_9,0812-XXXX-XXXX,cikarang selatan,Customer_995,cust@XXXX.com,2026-04-01,"Anonymized Street, Jabodetabek",0812-XXXX-XXXX,Sample_Order_9,RETURNING,1,HALF MEDIUM BOX,6.9,Zone 3,7000,Kramat - JAKPUS,126900,slot-1bb,Credit Card,4,90
3PLC-DRIVER-2,0812-XXXX-XXXX,kecamatan setiabudi,Customer_996,cust@XXXX.com,2026-04-01,"Anonymized Street, Jabodetabek",0812-XXXX-XXXX,Sample_Order_5,,1,,8.03,Zone 3,7000,Kramat - JAKPUS,273600,slot-13,Cash on Delivery,5,276
Sample_Driver_9,0812-XXXX-XXXX,kecamatan penjaringan,Customer_997,cust@XXXX.com,2026-04-01,"Anonymized Street, Jabodetabek",0812-XXXX-XXXX,Sample_Order_5,,1,,8.03,Zone 3,7000,Kramat - JAKPUS,273600,slot-sameday03,Cash on Delivery,5,276
3PLB-DRIVER-2,0812-XXXX-XXXX,kecamatan jagakarsa,Customer_998,cust@XXXX.com,2026-04-01,"Anonymized Street, Jabodetabek",0812-XXXX-XXXX,Sample_Order_9,RETURNING,1,HALF MEDIUM BOX,6.9,Zone 3,7000,Kramat - JAKPUS,126900,slot-1bb,Credit Card,4,90
3PLB-DRIVER-1,0812-XXXX-XXXX,sepatan,Customer_999,cust@XXXX.com,2026-04-01,"Anonymized Street, Jabodetabek",0812-XXXX-XXXX,Sample_Order_9,RETURNING,1,HALF MEDIUM BOX,6.9,Zone 3,7000,Kramat - JAKPUS,126900,slot-sameday,Credit Card,4,90
3PLA-DRIVER-2,0812-XXXX-XXXX,sepatan,Customer_1000,cust@XXXX.com,2026-04-01,"Anonymized Street, Jabodetabek",0812-XXXX-XXXX,Sample_Order_6,NEW,1,MEDIUM BOX,9.05,Zone 4,11000,Cibitung - KAB BEKASI,169800,slot-sameday03,Cash on Delivery,5,33
3PLB-DRIVER-1,0812-XXXX-XXXX,sepatan,Customer_1001,cust@XXXX.com,2026-04-01,"Anonymized Street, Jabodetabek",0812-XXXX-XXXX,Sample_Order_5,,1,,8.03,Zone 3,7000,Kramat - JAKPUS,273600,slot-13,Cash on Delivery,5,276
3PLA-DRIVER-2,0812-XXXX-XXXX,kecamatan grogol petamburan,Customer_1002,cust@XXXX.com,2026-04-01,"Anonymized Street, Jabodetabek",0812-XXXX-XXXX,Sample_Order_8,RETURNING,1,HALF MEDIUM BOX,3.65,Zone 2,6500,Beji - Depok,78200,slot-13,GO-PAY Wallet,2,111
Sample_Driver_9,0812-XXXX-XXXX,kecamatan grogol petamburan,Customer_1003,cust@XXXX.com,2026-04-01,"Anonymized Street, Jabodetabek",0812-XXXX-XXXX,Sample_Order_4,RETURNING,1,PLASTIC,4.79,Zone 2,6500,Kramat - JAKPUS,162800,slot-sameday,MANDIRI VA Transferpay!,4,99
3PLA-DRIVER-1,0812-XXXX-XXXX,kecamatan pademangan,Customer_1004,cust@XXXX.com,2026-04-01,"Anonymized Street, Jabodetabek",0812-XXXX-XXXX,Sample_Order_6,NEW,1,MEDIUM BOX,9.05,Zone 4,11000,Cibitung - KAB BEKASI,169800,slot-sameday03,Cash on Delivery,5,33
3PLC-DRIVER-2,0812-XXXX-XXXX,kecamatan jatinegara,Customer_1005,cust@XXXX.com,2026-04-01,"Anonymized Street, Jabodetabek",0812-XXXX-XXXX,Sample_Order_3,RETURNING,1,PLASTIC,6.8,Zone 3,7000,Kembangan - JAKBAR,151710,slot-sameday03,ShopeePay,4,197
3PLA-DRIVER-1,0812-XXXX-XXXX,sepatan,Customer_1006,cust@XXXX.com,2026-04-01,"Anonymized Street, Jabodetabek",0812-XXXX-XXXX,Sample_Order_0,RETURNING,1,PLASTIC,5.54,Zone 2,6500,Kramat - JAKPUS,227370,slot-sameday03,Cash on Delivery,5,242
3PLB-DRIVER-3,0812-XXXX-XXXX,kecamatan grogol petamburan,Customer_1007,cust@XXXX.com,2026-04-01,"Anonymized Street, Jabodetabek",0812-XXXX-XXXX,Sample_Order_3,RETURNING,1,PLASTIC,6.8,Zone 3,7000,Kembangan - JAKBAR,151710,slot-13,ShopeePay,4,197
3PLA-DRIVER-2,0812-XXXX-XXXX,cikarang selatan,Customer_1008,cust@XXXX.com,2026-04-01,"Anonymized Street, Jabodetabek",0812-XXXX-XXXX,Sample_Order_6,NEW,1,MEDIUM BOX,9.05,Zone 4,11000,Cibitung - KAB BEKASI,169800,slot-13,Cash on Delivery,5,33
3PLB-DRIVER-2,0812-XXXX-XXXX,kecamatan jatinegara,Customer_1009,cust@XXXX.com,2026-04-01,"Anonymized Street, Jabodetabek",0812-XXXX-XXXX,Sample_Order_7,RETURNING,1,HALF MEDIUM BOX,7.41,Zone 3,7000,Satellite HUB Karawaci,126300,slot-sameday03,Credit Card,2,34
3PLA-DRIVER-1,0812-XXXX-XXXX,kecamatan jatinegara,Customer_1010,cust@XXXX.com,2026-04-01,"Anonymized Street, Jabodetabek",0812-XXXX-XXXX,Sample_Order_3,RETURNING,1,PLASTIC,6.8,Zone 3,7000,Kembangan - JAKBAR,151710,slot-sameday03,ShopeePay,4,197
3PLC-DRIVER-1,0812-XXXX-XXXX,kecamatan grogol petamburan,Customer_1011,cust@XXXX.com,2026-04-01,"Anonymized Street, Jabodetabek",0812-XXXX-XXXX,Sample_Order_5,,1,,8.03,Zone 3,7000,Kramat - JAKPUS,273600,slot-0,Cash on Delivery,5,276
3PLC-DRIVER-1,0812-XXXX-XXXX,kecamatan penjaringan,Customer_1012,cust@XXXX.com,2026-04-01,"Anonymized Street, Jabodetabek",0812-XXXX-XXXX,Sample_Order_8,RETURNING,1,HALF MEDIUM BOX,3.65,Zone 2,6500,Beji - Depok,78200,slot-0,GO-PAY Wallet,2,111
3PLC-DRIVER-1,0812-XXXX-XXXX,kecamatan jagakarsa,Customer_1013,cust@XXXX.com,2026-04-01,"Anonymized Street, Jabodetabek",0812-XXXX-XXXX,Sample_Order_9,RETURNING,1,HALF MEDIUM BOX,6.9,Zone 3,7000,Kramat - JAKPUS,126900,slot-1bb,Credit Card,4,90
3PLB-DRIVER-3,0812-XXXX-XXXX,kecamatan pademangan,Customer_1014,cust@XXXX.com,2026-04-01,"Anonymized Street, Jabodetabek",0812-XXXX-XXXX,Sample_Order_3,RETURNING,1,PLASTIC,6.8,Zone 3,7000,Kembangan - JAKBAR,151710,slot-sameday,ShopeePay,4,197
3PLB-DRIVER-2,0812-XXXX-XXXX,kecamatan pinang,Customer_1015,cust@XXXX.com,2026-04-01,"Anonymized Street, Jabodetabek",0812-XXXX-XXXX,Sample_Order_6,NEW,1,MEDIUM BOX,9.05,Zone 4,11000,Cibitung - KAB BEKASI,169800,slot-0,Cash on Delivery,5,33
3PLB-DRIVER-3,0812-XXXX-XXXX,kecamatan pinang,Customer_1016,cust@XXXX.com,2026-04-01,"Anonymized Street, Jabodetabek",0812-XXXX-XXXX,Sample_Order_3,RETURNING,1,PLASTIC,6.8,Zone 3,7000,Kembangan - JAKBAR,151710,slot-sameday,ShopeePay,4,197
3PLA-DRIVER-2,0812-XXXX-XXXX,kecamatan penjaringan,Customer_1017,cust@XXXX.com,2026-04-01,"Anonymized Street, Jabodetabek",0812-XXXX-XXXX,Sample_Order_3,RETURNING,1,PLASTIC,6.8,Zone 3,7000,Kembangan - JAKBAR,151710,slot-0bb,ShopeePay,4,197
Sample_Driver_8,0812-XXXX-XXXX,kecamatan penjaringan,Customer_1018,cust@XXXX.com,2026-04-01,"Anonymized Street, Jabodetabek",0812-XXXX-XXXX,Sample_Order_8,RETURNING,1,HALF MEDIUM BOX,3.65,Zone 2,6500,Beji - Depok,78200,slot-1bb,GO-PAY Wallet,2,111
Sample_Driver_8,0812-XXXX-XXXX,cikarang selatan,Customer_1019,cust@XXXX.com,2026-04-01,"Anonymized Street, Jabodetabek",0812-XXXX-XXXX,Sample_Order_7,RETURNING,1,HALF MEDIUM BOX,7.41,Zone 3,7000,Satellite HUB Karawaci,126300,slot-1bb,Credit Card,2,34
3PLC-DRIVER-1,0812-XXXX-XXXX,cikarang selatan,Customer_1020,cust@XXXX.com,2026-04-01,"Anonymized Street, Jabodetabek",0812-XXXX-XXXX,Sample_Order_1,RETURNING,1,HALF MEDIUM BOX,11.13,Zone 4,11000,Bintaro - TANGSEL,116100,slot-sameday,OVO Wallet,2,85
3PLC-DRIVER-1,0812-XXXX-XXXX,sepatan,Customer_1021,cust@XXXX.com,2026-04-01,"Anonymized Street, Jabodetabek",0812-XXXX-XXXX,Sample_Order_5,,1,,8.03,Zone 3,7000,Kramat - JAKPUS,273600,slot-sameday03,Cash on Delivery,5,276
3PLB-DRIVER-2,0812-XXXX-XXXX,kecamatan grogol petamburan,Customer_1022,cust@XXXX.com,2026-04-01,"Anonymized Street, Jabodetabek",0812-XXXX-XXXX,Sample_Order_2,RETURNING,1,PLASTIC,7.03,Zone 3,7000,Kembangan - JAKBAR,624450,slot-0,Credit Card,8,24
3PLA-DRIVER-2,0812-XXXX-XXXX,kecamatan jatinegara,Customer_1023,cust@XXXX.com,2026-04-01,"Anonymized Street, Jabodetabek",0812-XXXX-XXXX,Sample_Order_1,RETURNING,1,HALF MEDIUM BOX,11.13,Zone 4,11000,Bintaro - TANGSEL,116100,slot-1,OVO Wallet,2,85
3PLB-DRIVER-2,0812-XXXX-XXXX,kecamatan jatinegara,Customer_1024,cust@XXXX.com,2026-04-01,"Anonymized Street, Jabodetabek",0812-XXXX-XXXX,Sample_Order_7,RETURNING,1,HALF MEDIUM BOX,7.41,Zone 3,7000,Satellite HUB Karawaci,126300,slot-1,Credit Card,2,34
3PLA-DRIVER-1,0812-XXXX-XXXX,kecamatan penjaringan,Customer_1025,cust@XXXX.com,2026-04-01,"Anonymized Street, Jabodetabek",0812-XXXX-XXXX,Sample_Order_8,RETURNING,1,HALF MEDIUM BOX,3.65,Zone 2,6500,Beji - Depok,78200,slot-1,GO-PAY Wallet,2,111
3PLA-DRIVER-1,0812-XXXX-XXXX,kecamatan grogol petamburan,Customer_1026,cust@XXXX.com,2026-04-01,"Anonymized Street, Jabodetabek",0812-XXXX-XXXX,Sample_Order_2,RETURNING,1,PLASTIC,7.03,Zone 3,7000,Kembangan - JAKBAR,624450,slot-1,Credit Card,8,24
3PLC-DRIVER-2,0812-XXXX-XXXX,kecamatan pademangan,Customer_1027,cust@XXXX.com,2026-04-01,"Anonymized Street, Jabodetabek",0812-XXXX-XXXX,Sample_Order_2,RETURNING,1,PLASTIC,7.03,Zone 3,7000,Kembangan - JAKBAR,624450,slot-sameday,Credit Card,8,24
Sample_Driver_8,0812-XXXX-XXXX,kecamatan pinang,Customer_1028,cust@XXXX.com,2026-04-01,"Anonymized Street, Jabodetabek",0812-XXXX-XXXX,Sample_Order_8,RETURNING,1,HALF MEDIUM BOX,3.65,Zone 2,6500,Beji - Depok,78200,slot-1,GO-PAY Wallet,2,111
3PLB-DRIVER-3,0812-XXXX-XXXX,kecamatan parung panjang,Customer_1029,cust@XXXX.com,2026-04-01,"Anonymized Street, Jabodetabek",0812-XXXX-XXXX,Sample_Order_6,NEW,1,MEDIUM BOX,9.05,Zone 4,11000,Cibitung - KAB BEKASI,169800,slot-sameday03,Cash on Delivery,5,33
3PLA-DRIVER-2,0812-XXXX-XXXX,kecamatan jagakarsa,Customer_1030,cust@XXXX.com,2026-04-01,"Anonymized Street, Jabodetabek",0812-XXXX-XXXX,Sample_Order_6,NEW,1,MEDIUM BOX,9.05,Zone 4,11000,Cibitung - KAB BEKASI,169800,slot-sameday03,Cash on Delivery,5,33
3PLC-DRIVER-1,0812-XXXX-XXXX,kecamatan jagakarsa,Customer_1031,cust@XXXX.com,2026-04-01,"Anonymized Street, Jabodetabek",0812-XXXX-XXXX,Sample_Order_1,RETURNING,1,HALF MEDIUM BOX,11.13,Zone 4,11000,Bintaro - TANGSEL,116100,slot-13,OVO Wallet,2,85
3PLB-DRIVER-1,0812-XXXX-XXXX,kecamatan setiabudi,Customer_1032,cust@XXXX.com,2026-04-01,"Anonymized Street, Jabodetabek",0812-XXXX-XXXX,Sample_Order_2,RETURNING,1,PLASTIC,7.03,Zone 3,7000,Kembangan - JAKBAR,624450,slot-13,Credit Card,8,24
3PLC-DRIVER-2,0812-XXXX-XXXX,kecamatan pademangan,Customer_1033,cust@XXXX.com,2026-04-01,"Anonymized Street, Jabodetabek",0812-XXXX-XXXX,Sample_Order_5,,1,,8.03,Zone 3,7000,Kramat - JAKPUS,273600,slot-2,Cash on Delivery,5,276
3PLC-DRIVER-1,0812-XXXX-XXXX,kecamatan penjaringan,Customer_1034,cust@XXXX.com,2026-04-01,"Anonymized Street, Jabodetabek",0812-XXXX-XXXX,Sample_Order_0,RETURNING,1,PLASTIC,5.54,Zone 2,6500,Kramat - JAKPUS,227370,slot-13,Cash on Delivery,5,242
3PLB-DRIVER-3,0812-XXXX-XXXX,kecamatan pinang,Customer_1035,cust@XXXX.com,2026-04-01,"Anonymized Street, Jabodetabek",0812-XXXX-XXXX,Sample_Order_9,RETURNING,1,HALF MEDIUM BOX,6.9,Zone 3,7000,Kramat - JAKPUS,126900,slot-1bb,Credit Card,4,90
3PLA-DRIVER-2,0812-XXXX-XXXX,kecamatan jatinegara,Customer_1036,cust@XXXX.com,2026-04-01,"Anonymized Street, Jabodetabek",0812-XXXX-XXXX,Sample_Order_1,RETURNING,1,HALF MEDIUM BOX,11.13,Zone 4,11000,Bintaro - TANGSEL,116100,slot-sameday03,OVO Wallet,2,85
3PLB-DRIVER-3,0812-XXXX-XXXX,kecamatan jatinegara,Customer_1037,cust@XXXX.com,2026-04-01,"Anonymized Street, Jabodetabek",0812-XXXX-XXXX,Sample_Order_6,NEW,1,MEDIUM BOX,9.05,Zone 4,11000,Cibitung - KAB BEKASI,169800,slot-0bb,Cash on Delivery,5,33
3PLB-DRIVER-3,0812-XXXX-XXXX,kecamatan jagakarsa,Customer_1038,cust@XXXX.com,2026-04-01,"Anonymized Street, Jabodetabek",0812-XXXX-XXXX,Sample_Order_4,RETURNING,1,PLASTIC,4.79,Zone 2,6500,Kramat - JAKPUS,162800,slot-sameday,MANDIRI VA Transferpay!,4,99
3PLA-DRIVER-1,0812-XXXX-XXXX,kecamatan parung panjang,Customer_1039,cust@XXXX.com,2026-04-01,"Anonymized Street, Jabodetabek",0812-XXXX-XXXX,Sample_Order_1,RETURNING,1,HALF MEDIUM BOX,11.13,Zone 4,11000,Bintaro - TANGSEL,116100,slot-0bb,OVO Wallet,2,85
3PLB-DRIVER-2,0812-XXXX-XXXX,kecamatan jagakarsa,Customer_1040,cust@XXXX.com,2026-04-01,"Anonymized Street, Jabodetabek",0812-XXXX-XXXX,Sample_Order_1,RETURNING,1,HALF MEDIUM BOX,11.13,Zone 4,11000,Bintaro - TANGSEL,116100,slot-sameday,OVO Wallet,2,85
3PLC-DRIVER-2,0812-XXXX-XXXX,cikarang selatan,Customer_1041,cust@XXXX.com,2026-04-01,"Anonymized Street, Jabodetabek",0812-XXXX-XXXX,Sample_Order_4,RETURNING,1,PLASTIC,4.79,Zone 2,6500,Kramat - JAKPUS,162800,slot-0,MANDIRI VA Transferpay!,4,99
3PLA-DRIVER-2,0812-XXXX-XXXX,cikarang selatan,Customer_1042,cust@XXXX.com,2026-04-01,"Anonymized Street, Jabodetabek",0812-XXXX-XXXX,Sample_Order_4,RETURNING,1,PLASTIC,4.79,Zone 2,6500,Kramat - JAKPUS,162800,slot-0bb,MANDIRI VA Transferpay!,4,99
3PLA-DRIVER-2,0812-XXXX-XXXX,kecamatan setiabudi,Customer_1043,cust@XXXX.com,2026-04-01,"Anonymized Street, Jabodetabek",0812-XXXX-XXXX,Sample_Order_3,RETURNING,1,PLASTIC,6.8,Zone 3,7000,Kembangan - JAKBAR,151710,slot-1,ShopeePay,4,197
3PLB-DRIVER-2,0812-XXXX-XXXX,kecamatan jatinegara,Customer_1044,cust@XXXX.com,2026-04-01,"Anonymized Street, Jabodetabek",0812-XXXX-XXXX,Sample_Order_2,RETURNING,1,PLASTIC,7.03,Zone 3,7000,Kembangan - JAKBAR,624450,slot-1,Credit Card,8,24
3PLA-DRIVER-2,0812-XXXX-XXXX,kecamatan setiabudi,Customer_1045,cust@XXXX.com,2026-04-01,"Anonymized Street, Jabodetabek",0812-XXXX-XXXX,Sample_Order_6,NEW,1,MEDIUM BOX,9.05,Zone 4,11000,Cibitung - KAB BEKASI,169800,slot-0,Cash on Delivery,5,33
3PLC-DRIVER-2,0812-XXXX-XXXX,kecamatan jatinegara,Customer_1046,cust@XXXX.com,2026-04-01,"Anonymized Street, Jabodetabek",0812-XXXX-XXXX,Sample_Order_5,,1,,8.03,Zone 3,7000,Kramat - JAKPUS,273600,slot-sameday03,Cash on Delivery,5,276
Sample_Driver_9,0812-XXXX-XXXX,kecamatan pinang,Customer_1047,cust@XXXX.com,2026-04-01,"Anonymized Street, Jabodetabek",0812-XXXX-XXXX,Sample_Order_7,RETURNING,1,HALF MEDIUM BOX,7.41,Zone 3,7000,Satellite HUB Karawaci,126300,slot-sameday03,Credit Card,2,34
3PLB-DRIVER-3,0812-XXXX-XXXX,kecamatan jagakarsa,Customer_1048,cust@XXXX.com,2026-04-01,"Anonymized Street, Jabodetabek",0812-XXXX-XXXX,Sample_Order_1,RETURNING,1,HALF MEDIUM BOX,11.13,Zone 4,11000,Bintaro - TANGSEL,116100,slot-sameday03,OVO Wallet,2,85
3PLC-DRIVER-1,0812-XXXX-XXXX,kecamatan grogol petamburan,Customer_1049,cust@XXXX.com,2026-04-01,"Anonymized Street, Jabodetabek",0812-XXXX-XXXX,Sample_Order_8,RETURNING,1,HALF MEDIUM BOX,3.65,Zone 2,6500,Beji - Depok,78200,slot-0bb,GO-PAY Wallet,2,111
Sample_Driver_8,0812-XXXX-XXXX,kecamatan grogol petamburan,Customer_1050,cust@XXXX.com,2026-04-01,"Anonymized Street, Jabodetabek",0812-XXXX-XXXX,Sample_Order_3,RETURNING,1,PLASTIC,6.8,Zone 3,7000,Kembangan - JAKBAR,151710,slot-sameday,ShopeePay,4,197
3PLC-DRIVER-1,0812-XXXX-XXXX,cikarang selatan,Customer_1051,cust@XXXX.com,2026-04-01,"Anonymized Street, Jabodetabek",0812-XXXX-XXXX,Sample_Order_6,NEW,1,MEDIUM BOX,9.05,Zone 4,11000,Cibitung - KAB BEKASI,169800,slot-sameday,Cash on Delivery,5,33
3PLA-DRIVER-2,0812-XXXX-XXXX,kecamatan grogol petamburan,Customer_1052,cust@XXXX.com,2026-04-01,"Anonymized Street, Jabodetabek",0812-XXXX-XXXX,Sample_Order_4,RETURNING,1,PLASTIC,4.79,Zone 2,6500,Kramat - JAKPUS,162800,slot-0,MANDIRI VA Transferpay!,4,99
Sample_Driver_9,0812-XXXX-XXXX,sepatan,Customer_1053,cust@XXXX.com,2026-04-01,"Anonymized Street, Jabodetabek",0812-XXXX-XXXX,Sample_Order_4,RETURNING,1,PLASTIC,4.79,Zone 2,6500,Kramat - JAKPUS,162800,slot-1,MANDIRI VA Transferpay!,4,99
Sample_Driver_8,0812-XXXX-XXXX,cikarang selatan,Customer_1054,cust@XXXX.com,2026-04-01,"Anonymized Street, Jabodetabek",0812-XXXX-XXXX,Sample_Order_6,NEW,1,MEDIUM BOX,9.05,Zone 4,11000,Cibitung - KAB BEKASI,169800,slot-1bb,Cash on Delivery,5,33
Sample_Driver_9,0812-XXXX-XXXX,kecamatan jatinegara,Customer_1055,cust@XXXX.com,2026-04-01,"Anonymized Street, Jabodetabek",0812-XXXX-XXXX,Sample_Order_1,RETURNING,1,HALF MEDIUM BOX,11.13,Zone 4,11000,Bintaro - TANGSEL,116100,slot-2,OVO Wallet,2,85
3PLA-DRIVER-2,0812-XXXX-XXXX,kecamatan parung panjang,Customer_1056,cust@XXXX.com,2026-04-01,"Anonymized Street, Jabodetabek",0812-XXXX-XXXX,Sample_Order_5,,1,,8.03,Zone 3,7000,Kramat - JAKPUS,273600,slot-1bb,Cash on Delivery,5,276
3PLC-DRIVER-2,0812-XXXX-XXXX,cikarang selatan,Customer_1057,cust@XXXX.com,2026-04-01,"Anonymized Street, Jabodetabek",0812-XXXX-XXXX,Sample_Order_5,,1,,8.03,Zone 3,7000,Kramat - JAKPUS,273600,slot-0bb,Cash on Delivery,5,276
3PLC-DRIVER-2,0812-XXXX-XXXX,kecamatan penjaringan,Customer_1058,cust@XXXX.com,2026-04-01,"Anonymized Street, Jabodetabek",0812-XXXX-XXXX,Sample_Order_9,RETURNING,1,HALF MEDIUM BOX,6.9,Zone 3,7000,Kramat - JAKPUS,126900,slot-0,Credit Card,4,90
3PLA-DRIVER-1,0812-XXXX-XXXX,kecamatan penjaringan,Customer_1059,cust@XXXX.com,2026-04-01,"Anonymized Street, Jabodetabek",0812-XXXX-XXXX,Sample_Order_5,,1,,8.03,Zone 3,7000,Kramat - JAKPUS,273600,slot-2,Cash on Delivery,5,276
Sample_Driver_9,0812-XXXX-XXXX,cikarang selatan,Customer_1060,cust@XXXX.com,2026-04-01,"Anonymized Street, Jabodetabek",0812-XXXX-XXXX,Sample_Order_4,RETURNING,1,PLASTIC,4.79,Zone 2,6500,Kramat - JAKPUS,162800,slot-1bb,MANDIRI VA Transferpay!,4,99
3PLB-DRIVER-1,0812-XXXX-XXXX,cikarang selatan,Customer_1061,cust@XXXX.com,2026-04-01,"Anonymized Street, Jabodetabek",0812-XXXX-XXXX,Sample_Order_7,RETURNING,1,HALF MEDIUM BOX,7.41,Zone 3,7000,Satellite HUB Karawaci,126300,slot-sameday,Credit Card,2,34
3PLC-DRIVER-2,0812-XXXX-XXXX,sepatan,Customer_1062,cust@XXXX.com,2026-04-01,"Anonymized Street, Jabodetabek",0812-XXXX-XXXX,Sample_Order_9,RETURNING,1,HALF MEDIUM BOX,6.9,Zone 3,7000,Kramat - JAKPUS,126900,slot-1bb,Credit Card,4,90
Sample_Driver_8,0812-XXXX-XXXX,kecamatan grogol petamburan,Customer_1063,cust@XXXX.com,2026-04-01,"Anonymized Street, Jabodetabek",0812-XXXX-XXXX,Sample_Order_1,RETURNING,1,HALF MEDIUM BOX,11.13,Zone 4,11000,Bintaro - TANGSEL,116100,slot-sameday03,OVO Wallet,2,85
3PLC-DRIVER-2,0812-XXXX-XXXX,kecamatan pinang,Customer_1064,cust@XXXX.com,2026-04-01,"Anonymized Street, Jabodetabek",0812-XXXX-XXXX,Sample_Order_2,RETURNING,1,PLASTIC,7.03,Zone 3,7000,Kembangan - JAKBAR,624450,slot-0,Credit Card,8,24
3PLB-DRIVER-2,0812-XXXX-XXXX,kecamatan parung panjang,Customer_1065,cust@XXXX.com,2026-04-01,"Anonymized Street, Jabodetabek",0812-XXXX-XXXX,Sample_Order_9,RETURNING,1,HALF MEDIUM BOX,6.9,Zone 3,7000,Kramat - JAKPUS,126900,slot-2,Credit Card,4,90
3PLA-DRIVER-2,0812-XXXX-XXXX,kecamatan setiabudi,Customer_1066,cust@XXXX.com,2026-04-01,"Anonymized Street, Jabodetabek",0812-XXXX-XXXX,Sample_Order_0,RETURNING,1,PLASTIC,5.54,Zone 2,6500,Kramat - JAKPUS,227370,slot-1,Cash on Delivery,5,242
3PLB-DRIVER-3,0812-XXXX-XXXX,cikarang selatan,Customer_1067,cust@XXXX.com,2026-04-01,"Anonymized Street, Jabodetabek",0812-XXXX-XXXX,Sample_Order_6,NEW,1,MEDIUM BOX,9.05,Zone 4,11000,Cibitung - KAB BEKASI,169800,slot-13,Cash on Delivery,5,33
Sample_Driver_9,0812-XXXX-XXXX,kecamatan setiabudi,Customer_1068,cust@XXXX.com,2026-04-01,"Anonymized Street, Jabodetabek",0812-XXXX-XXXX,Sample_Order_0,RETURNING,1,PLASTIC,5.54,Zone 2,6500,Kramat - JAKPUS,227370,slot-1bb,Cash on Delivery,5,242
3PLC-DRIVER-1,0812-XXXX-XXXX,kecamatan penjaringan,Customer_1069,cust@XXXX.com,2026-04-01,"Anonymized Street, Jabodetabek",0812-XXXX-XXXX,Sample_Order_3,RETURNING,1,PLASTIC,6.8,Zone 3,7000,Kembangan - JAKBAR,151710,slot-2,ShopeePay,4,197
3PLB-DRIVER-1,0812-XXXX-XXXX,sepatan,Customer_1070,cust@XXXX.com,2026-04-01,"Anonymized Street, Jabodetabek",0812-XXXX-XXXX,Sample_Order_2,RETURNING,1,PLASTIC,7.03,Zone 3,7000,Kembangan - JAKBAR,624450,slot-0bb,Credit Card,8,24
3PLC-DRIVER-2,0812-XXXX-XXXX,kecamatan jatinegara,Customer_1071,cust@XXXX.com,2026-04-01,"Anonymized Street, Jabodetabek",0812-XXXX-XXXX,Sample_Order_6,NEW,1,MEDIUM BOX,9.05,Zone 4,11000,Cibitung - KAB BEKASI,169800,slot-sameday,Cash on Delivery,5,33
Sample_Driver_9,0812-XXXX-XXXX,kecamatan jagakarsa,Customer_1072,cust@XXXX.com,2026-04-01,"Anonymized Street, Jabodetabek",0812-XXXX-XXXX,Sample_Order_5,,1,,8.03,Zone 3,7000,Kramat - JAKPUS,273600,slot-1bb,Cash on Delivery,5,276
3PLA-DRIVER-1,0812-XXXX-XXXX,kecamatan pinang,Customer_1073,cust@XXXX.com,2026-04-01,"Anonymized Street, Jabodetabek",0812-XXXX-XXXX,Sample_Order_4,RETURNING,1,PLASTIC,4.79,Zone 2,6500,Kramat - JAKPUS,162800,slot-13,MANDIRI VA Transferpay!,4,99
3PLA-DRIVER-2,0812-XXXX-XXXX,kecamatan pinang,Customer_1074,cust@XXXX.com,2026-04-01,"Anonymized Street, Jabodetabek",0812-XXXX-XXXX,Sample_Order_7,RETURNING,1,HALF MEDIUM BOX,7.41,Zone 3,7000,Satellite HUB Karawaci,126300,slot-13,Credit Card,2,34
Sample_Driver_8,0812-XXXX-XXXX,kecamatan jagakarsa,Customer_1075,cust@XXXX.com,2026-04-01,"Anonymized Street, Jabodetabek",0812-XXXX-XXXX,Sample_Order_7,RETURNING,1,HALF MEDIUM BOX,7.41,Zone 3,7000,Satellite HUB Karawaci,126300,slot-1bb,Credit Card,2,34
3PLA-DRIVER-2,0812-XXXX-XXXX,kecamatan parung panjang,Customer_1076,cust@XXXX.com,2026-04-01,"Anonymized Street, Jabodetabek",0812-XXXX-XXXX,Sample_Order_4,RETURNING,1,PLASTIC,4.79,Zone 2,6500,Kramat - JAKPUS,162800,slot-2,MANDIRI VA Transferpay!,4,99
3PLC-DRIVER-1,0812-XXXX-XXXX,kecamatan jagakarsa,Customer_1077,cust@XXXX.com,2026-04-01,"Anonymized Street, Jabodetabek",0812-XXXX-XXXX,Sample_Order_5,,1,,8.03,Zone 3,7000,Kramat - JAKPUS,273600,slot-13,Cash on Delivery,5,276
3PLB-DRIVER-2,0812-XXXX-XXXX,kecamatan jagakarsa,Customer_1078,cust@XXXX.com,2026-04-01,"Anonymized Street, Jabodetabek",0812-XXXX-XXXX,Sample_Order_4,RETURNING,1,PLASTIC,4.79,Zone 2,6500,Kramat - JAKPUS,162800,slot-0bb,MANDIRI VA Transferpay!,4,99
3PLA-DRIVER-1,0812-XXXX-XXXX,kecamatan jagakarsa,Customer_1079,cust@XXXX.com,2026-04-01,"Anonymized Street, Jabodetabek",0812-XXXX-XXXX,Sample_Order_5,,1,,8.03,Zone 3,7000,Kramat - JAKPUS,273600,slot-1,Cash on Delivery,5,276
3PLC-DRIVER-1,0812-XXXX-XXXX,kecamatan parung panjang,Customer_1080,cust@XXXX.com,2026-04-01,"Anonymized Street, Jabodetabek",0812-XXXX-XXXX,Sample_Order_8,RETURNING,1,HALF MEDIUM BOX,3.65,Zone 2,6500,Beji - Depok,78200,slot-sameday,GO-PAY Wallet,2,111
Sample_Driver_8,0812-XXXX-XXXX,kecamatan pinang,Customer_1081,cust@XXXX.com,2026-04-01,"Anonymized Street, Jabodetabek",0812-XXXX-XXXX,Sample_Order_2,RETURNING,1,PLASTIC,7.03,Zone 3,7000,Kembangan - JAKBAR,624450,slot-1,Credit Card,8,24
3PLB-DRIVER-2,0812-XXXX-XXXX,kecamatan setiabudi,Customer_1082,cust@XXXX.com,2026-04-01,"Anonymized Street, Jabodetabek",0812-XXXX-XXXX,Sample_Order_8,RETURNING,1,HALF MEDIUM BOX,3.65,Zone 2,6500,Beji - Depok,78200,slot-0,GO-PAY Wallet,2,111
3PLA-DRIVER-2,0812-XXXX-XXXX,sepatan,Customer_1083,cust@XXXX.com,2026-04-01,"Anonymized Street, Jabodetabek",0812-XXXX-XXXX,Sample_Order_4,RETURNING,1,PLASTIC,4.79,Zone 2,6500,Kramat - JAKPUS,162800,slot-1,MANDIRI VA Transferpay!,4,99
3PLA-DRIVER-2,0812-XXXX-XXXX,sepatan,Customer_1084,cust@XXXX.com,2026-04-01,"Anonymized Street, Jabodetabek",0812-XXXX-XXXX,Sample_Order_7,RETURNING,1,HALF MEDIUM BOX,7.41,Zone 3,7000,Satellite HUB Karawaci,126300,slot-1bb,Credit Card,2,34
3PLB-DRIVER-3,0812-XXXX-XXXX,kecamatan parung panjang,Customer_1085,cust@XXXX.com,2026-04-01,"Anonymized Street, Jabodetabek",0812-XXXX-XXXX,Sample_Order_3,RETURNING,1,PLASTIC,6.8,Zone 3,7000,Kembangan - JAKBAR,151710,slot-2,ShopeePay,4,197
3PLB-DRIVER-2,0812-XXXX-XXXX,kecamatan pademangan,Customer_1086,cust@XXXX.com,2026-04-01,"Anonymized Street, Jabodetabek",0812-XXXX-XXXX,Sample_Order_9,RETURNING,1,HALF MEDIUM BOX,6.9,Zone 3,7000,Kramat - JAKPUS,126900,slot-sameday03,Credit Card,4,90
3PLC-DRIVER-1,0812-XXXX-XXXX,kecamatan penjaringan,Customer_1087,cust@XXXX.com,2026-04-01,"Anonymized Street, Jabodetabek",0812-XXXX-XXXX,Sample_Order_6,NEW,1,MEDIUM BOX,9.05,Zone 4,11000,Cibitung - KAB BEKASI,169800,slot-1bb,Cash on Delivery,5,33
3PLB-DRIVER-2,0812-XXXX-XXXX,kecamatan grogol petamburan,Customer_1088,cust@XXXX.com,2026-04-01,"Anonymized Street, Jabodetabek",0812-XXXX-XXXX,Sample_Order_7,RETURNING,1,HALF MEDIUM BOX,7.41,Zone 3,7000,Satellite HUB Karawaci,126300,slot-2,Credit Card,2,34
3PLA-DRIVER-2,0812-XXXX-XXXX,kecamatan jagakarsa,Customer_1089,cust@XXXX.com,2026-04-01,"Anonymized Street, Jabodetabek",0812-XXXX-XXXX,Sample_Order_7,RETURNING,1,HALF MEDIUM BOX,7.41,Zone 3,7000,Satellite HUB Karawaci,126300,slot-0,Credit Card,2,34
3PLC-DRIVER-2,0812-XXXX-XXXX,kecamatan grogol petamburan,Customer_1090,cust@XXXX.com,2026-04-01,"Anonymized Street, Jabodetabek",0812-XXXX-XXXX,Sample_Order_6,NEW,1,MEDIUM BOX,9.05,Zone 4,11000,Cibitung - KAB BEKASI,169800,slot-0bb,Cash on Delivery,5,33
3PLC-DRIVER-1,0812-XXXX-XXXX,sepatan,Customer_1091,cust@XXXX.com,2026-04-01,"Anonymized Street, Jabodetabek",0812-XXXX-XXXX,Sample_Order_9,RETURNING,1,HALF MEDIUM BOX,6.9,Zone 3,7000,Kramat - JAKPUS,126900,slot-sameday,Credit Card,4,90
3PLA-DRIVER-2,0812-XXXX-XXXX,cikarang selatan,Customer_1092,cust@XXXX.com,2026-04-01,"Anonymized Street, Jabodetabek",0812-XXXX-XXXX,Sample_Order_9,RETURNING,1,HALF MEDIUM BOX,6.9,Zone 3,7000,Kramat - JAKPUS,126900,slot-13,Credit Card,4,90
3PLA-DRIVER-1,0812-XXXX-XXXX,kecamatan pademangan,Customer_1093,cust@XXXX.com,2026-04-01,"Anonymized Street, Jabodetabek",0812-XXXX-XXXX,Sample_Order_8,RETURNING,1,HALF MEDIUM BOX,3.65,Zone 2,6500,Beji - Depok,78200,slot-13,GO-PAY Wallet,2,111
3PLC-DRIVER-2,0812-XXXX-XXXX,kecamatan pinang,Customer_1094,cust@XXXX.com,2026-04-01,"Anonymized Street, Jabodetabek",0812-XXXX-XXXX,Sample_Order_3,RETURNING,1,PLASTIC,6.8,Zone 3,7000,Kembangan - JAKBAR,151710,slot-2,ShopeePay,4,197
Sample_Driver_9,0812-XXXX-XXXX,sepatan,Customer_1095,cust@XXXX.com,2026-04-01,"Anonymized Street, Jabodetabek",0812-XXXX-XXXX,Sample_Order_9,RETURNING,1,HALF MEDIUM BOX,6.9,Zone 3,7000,Kramat - JAKPUS,126900,slot-sameday,Credit Card,4,90
3PLA-DRIVER-2,0812-XXXX-XXXX,kecamatan grogol petamburan,Customer_1096,cust@XXXX.com,2026-04-01,"Anonymized Street, Jabodetabek",0812-XXXX-XXXX,Sample_Order_4,RETURNING,1,PLASTIC,4.79,Zone 2,6500,Kramat - JAKPUS,162800,slot-2,MANDIRI VA Transferpay!,4,99
Sample_Driver_8,0812-XXXX-XXXX,kecamatan pademangan,Customer_1097,cust@XXXX.com,2026-04-01,"Anonymized Street, Jabodetabek",0812-XXXX-XXXX,Sample_Order_3,RETURNING,1,PLASTIC,6.8,Zone 3,7000,Kembangan - JAKBAR,151710,slot-sameday,ShopeePay,4,197
Sample_Driver_8,0812-XXXX-XXXX,kecamatan jagakarsa,Customer_1098,cust@XXXX.com,2026-04-01,"Anonymized Street, Jabodetabek",0812-XXXX-XXXX,Sample_Order_6,NEW,1,MEDIUM BOX,9.05,Zone 4,11000,Cibitung - KAB BEKASI,169800,slot-0,Cash on Delivery,5,33
Sample_Driver_9,0812-XXXX-XXXX,kecamatan jagakarsa,Customer_1099,cust@XXXX.com,2026-04-01,"Anonymized Street, Jabodetabek",0812-XXXX-XXXX,Sample_Order_8,RETURNING,1,HALF MEDIUM BOX,3.65,Zone 2,6500,Beji - Depok,78200,slot-0bb,GO-PAY Wallet,2,111
Sample_Driver_8,0812-XXXX-XXXX,kecamatan jagakarsa,Customer_1100,cust@XXXX.com,2026-04-01,"Anonymized Street, Jabodetabek",0812-XXXX-XXXX,Sample_Order_6,NEW,1,MEDIUM BOX,9.05,Zone 4,11000,Cibitung - KAB BEKASI,169800,slot-sameday,Cash on Delivery,5,33
3PLA-DRIVER-1,0812-XXXX-XXXX,kecamatan pademangan,Customer_1101,cust@XXXX.com,2026-04-01,"Anonymized Street, Jabodetabek",0812-XXXX-XXXX,Sample_Order_0,RETURNING,1,PLASTIC,5.54,Zone 2,6500,Kramat - JAKPUS,227370,slot-13,Cash on Delivery,5,242
Sample_Driver_8,0812-XXXX-XXXX,kecamatan penjaringan,Customer_1102,cust@XXXX.com,2026-04-01,"Anonymized Street, Jabodetabek",0812-XXXX-XXXX,Sample_Order_3,RETURNING,1,PLASTIC,6.8,Zone 3,7000,Kembangan - JAKBAR,151710,slot-13,ShopeePay,4,197
3PLC-DRIVER-2,0812-XXXX-XXXX,kecamatan pinang,Customer_1103,cust@XXXX.com,2026-04-01,"Anonymized Street, Jabodetabek",0812-XXXX-XXXX,Sample_Order_2,RETURNING,1,PLASTIC,7.03,Zone 3,7000,Kembangan - JAKBAR,624450,slot-13,Credit Card,8,24
3PLA-DRIVER-2,0812-XXXX-XXXX,kecamatan jagakarsa,Customer_1104,cust@XXXX.com,2026-04-01,"Anonymized Street, Jabodetabek",0812-XXXX-XXXX,Sample_Order_4,RETURNING,1,PLASTIC,4.79,Zone 2,6500,Kramat - JAKPUS,162800,slot-sameday,MANDIRI VA Transferpay!,4,99
3PLA-DRIVER-2,0812-XXXX-XXXX,kecamatan grogol petamburan,Customer_1105,cust@XXXX.com,2026-04-01,"Anonymized Street, Jabodetabek",0812-XXXX-XXXX,Sample_Order_5,,1,,8.03,Zone 3,7000,Kramat - JAKPUS,273600,slot-0bb,Cash on Delivery,5,276
3PLC-DRIVER-2,0812-XXXX-XXXX,kecamatan penjaringan,Customer_1106,cust@XXXX.com,2026-04-01,"Anonymized Street, Jabodetabek",0812-XXXX-XXXX,Sample_Order_3,RETURNING,1,PLASTIC,6.8,Zone 3,7000,Kembangan - JAKBAR,151710,slot-1,ShopeePay,4,197
3PLC-DRIVER-2,0812-XXXX-XXXX,sepatan,Customer_1107,cust@XXXX.com,2026-04-01,"Anonymized Street, Jabodetabek",0812-XXXX-XXXX,Sample_Order_6,NEW,1,MEDIUM BOX,9.05,Zone 4,11000,Cibitung - KAB BEKASI,169800,slot-2,Cash on Delivery,5,33
3PLC-DRIVER-1,0812-XXXX-XXXX,kecamatan jagakarsa,Customer_1108,cust@XXXX.com,2026-04-01,"Anonymized Street, Jabodetabek",0812-XXXX-XXXX,Sample_Order_3,RETURNING,1,PLASTIC,6.8,Zone 3,7000,Kembangan - JAKBAR,151710,slot-1,ShopeePay,4,197
Sample_Driver_8,0812-XXXX-XXXX,kecamatan penjaringan,Customer_1109,cust@XXXX.com,2026-04-01,"Anonymized Street, Jabodetabek",0812-XXXX-XXXX,Sample_Order_2,RETURNING,1,PLASTIC,7.03,Zone 3,7000,Kembangan - JAKBAR,624450,slot-13,Credit Card,8,24
3PLA-DRIVER-2,0812-XXXX-XXXX,kecamatan penjaringan,Customer_1110,cust@XXXX.com,2026-04-01,"Anonymized Street, Jabodetabek",0812-XXXX-XXXX,Sample_Order_4,RETURNING,1,PLASTIC,4.79,Zone 2,6500,Kramat - JAKPUS,162800,slot-0,MANDIRI VA Transferpay!,4,99
3PLB-DRIVER-1,0812-XXXX-XXXX,kecamatan jatinegara,Customer_1111,cust@XXXX.com,2026-04-01,"Anonymized Street, Jabodetabek",0812-XXXX-XXXX,Sample_Order_1,RETURNING,1,HALF MEDIUM BOX,11.13,Zone 4,11000,Bintaro - TANGSEL,116100,slot-13,OVO Wallet,2,85
Sample_Driver_9,0812-XXXX-XXXX,kecamatan pinang,Customer_1112,cust@XXXX.com,2026-04-01,"Anonymized Street, Jabodetabek",0812-XXXX-XXXX,Sample_Order_0,RETURNING,1,PLASTIC,5.54,Zone 2,6500,Kramat - JAKPUS,227370,slot-sameday03,Cash on Delivery,5,242
Sample_Driver_9,0812-XXXX-XXXX,kecamatan jagakarsa,Customer_1113,cust@XXXX.com,2026-04-01,"Anonymized Street, Jabodetabek",0812-XXXX-XXXX,Sample_Order_0,RETURNING,1,PLASTIC,5.54,Zone 2,6500,Kramat - JAKPUS,227370,slot-13,Cash on Delivery,5,242
Sample_Driver_8,0812-XXXX-XXXX,kecamatan grogol petamburan,Customer_1114,cust@XXXX.com,2026-04-01,"Anonymized Street, Jabodetabek",0812-XXXX-XXXX,Sample_Order_2,RETURNING,1,PLASTIC,7.03,Zone 3,7000,Kembangan - JAKBAR,624450,slot-0bb,Credit Card,8,24
3PLA-DRIVER-2,0812-XXXX-XXXX,kecamatan jagakarsa,Customer_1115,cust@XXXX.com,2026-04-01,"Anonymized Street, Jabodetabek",0812-XXXX-XXXX,Sample_Order_6,NEW,1,MEDIUM BOX,9.05,Zone 4,11000,Cibitung - KAB BEKASI,169800,slot-1,Cash on Delivery,5,33
3PLB-DRIVER-2,0812-XXXX-XXXX,kecamatan jagakarsa,Customer_1116,cust@XXXX.com,2026-04-01,"Anonymized Street, Jabodetabek",0812-XXXX-XXXX,Sample_Order_0,RETURNING,1,PLASTIC,5.54,Zone 2,6500,Kramat - JAKPUS,227370,slot-1,Cash on Delivery,5,242
Sample_Driver_9,0812-XXXX-XXXX,kecamatan grogol petamburan,Customer_1117,cust@XXXX.com,2026-04-01,"Anonymized Street, Jabodetabek",0812-XXXX-XXXX,Sample_Order_4,RETURNING,1,PLASTIC,4.79,Zone 2,6500,Kramat - JAKPUS,162800,slot-2,MANDIRI VA Transferpay!,4,99
Sample_Driver_9,0812-XXXX-XXXX,kecamatan pinang,Customer_1118,cust@XXXX.com,2026-04-01,"Anonymized Street, Jabodetabek",0812-XXXX-XXXX,Sample_Order_9,RETURNING,1,HALF MEDIUM BOX,6.9,Zone 3,7000,Kramat - JAKPUS,126900,slot-sameday,Credit Card,4,90
3PLB-DRIVER-3,0812-XXXX-XXXX,kecamatan jagakarsa,Customer_1119,cust@XXXX.com,2026-04-01,"Anonymized Street, Jabodetabek",0812-XXXX-XXXX,Sample_Order_4,RETURNING,1,PLASTIC,4.79,Zone 2,6500,Kramat - JAKPUS,162800,slot-0,MANDIRI VA Transferpay!,4,99
3PLC-DRIVER-2,0812-XXXX-XXXX,sepatan,Customer_1120,cust@XXXX.com,2026-04-01,"Anonymized Street, Jabodetabek",0812-XXXX-XXXX,Sample_Order_5,,1,,8.03,Zone 3,7000,Kramat - JAKPUS,273600,slot-2,Cash on Delivery,5,276
3PLB-DRIVER-1,0812-XXXX-XXXX,kecamatan setiabudi,Customer_1121,cust@XXXX.com,2026-04-01,"Anonymized Street, Jabodetabek",0812-XXXX-XXXX,Sample_Order_7,RETURNING,1,HALF MEDIUM BOX,7.41,Zone 3,7000,Satellite HUB Karawaci,126300,slot-0,Credit Card,2,34
Sample_Driver_8,0812-XXXX-XXXX,kecamatan parung panjang,Customer_1122,cust@XXXX.com,2026-04-01,"Anonymized Street, Jabodetabek",0812-XXXX-XXXX,Sample_Order_4,RETURNING,1,PLASTIC,4.79,Zone 2,6500,Kramat - JAKPUS,162800,slot-0bb,MANDIRI VA Transferpay!,4,99
3PLB-DRIVER-3,0812-XXXX-XXXX,sepatan,Customer_1123,cust@XXXX.com,2026-04-01,"Anonymized Street, Jabodetabek",0812-XXXX-XXXX,Sample_Order_0,RETURNING,1,PLASTIC,5.54,Zone 2,6500,Kramat - JAKPUS,227370,slot-1,Cash on Delivery,5,242
3PLC-DRIVER-2,0812-XXXX-XXXX,kecamatan pinang,Customer_1124,cust@XXXX.com,2026-04-01,"Anonymized Street, Jabodetabek",0812-XXXX-XXXX,Sample_Order_2,RETURNING,1,PLASTIC,7.03,Zone 3,7000,Kembangan - JAKBAR,624450,slot-13,Credit Card,8,24
3PLB-DRIVER-1,0812-XXXX-XXXX,kecamatan pinang,Customer_1125,cust@XXXX.com,2026-04-01,"Anonymized Street, Jabodetabek",0812-XXXX-XXXX,Sample_Order_5,,1,,8.03,Zone 3,7000,Kramat - JAKPUS,273600,slot-0bb,Cash on Delivery,5,276
3PLB-DRIVER-3,0812-XXXX-XXXX,kecamatan parung panjang,Customer_1126,cust@XXXX.com,2026-04-01,"Anonymized Street, Jabodetabek",0812-XXXX-XXXX,Sample_Order_4,RETURNING,1,PLASTIC,4.79,Zone 2,6500,Kramat - JAKPUS,162800,slot-0,MANDIRI VA Transferpay!,4,99
Sample_Driver_9,0812-XXXX-XXXX,kecamatan jatinegara,Customer_1127,cust@XXXX.com,2026-04-01,"Anonymized Street, Jabodetabek",0812-XXXX-XXXX,Sample_Order_2,RETURNING,1,PLASTIC,7.03,Zone 3,7000,Kembangan - JAKBAR,624450,slot-13,Credit Card,8,24
3PLA-DRIVER-1,0812-XXXX-XXXX,kecamatan pinang,Customer_1128,cust@XXXX.com,2026-04-01,"Anonymized Street, Jabodetabek",0812-XXXX-XXXX,Sample_Order_5,,1,,8.03,Zone 3,7000,Kramat - JAKPUS,273600,slot-sameday03,Cash on Delivery,5,276
3PLB-DRIVER-2,0812-XXXX-XXXX,kecamatan setiabudi,Customer_1129,cust@XXXX.com,2026-04-01,"Anonymized Street, Jabodetabek",0812-XXXX-XXXX,Sample_Order_8,RETURNING,1,HALF MEDIUM BOX,3.65,Zone 2,6500,Beji - Depok,78200,slot-1,GO-PAY Wallet,2,111
Sample_Driver_9,0812-XXXX-XXXX,kecamatan setiabudi,Customer_1130,cust@XXXX.com,2026-04-01,"Anonymized Street, Jabodetabek",0812-XXXX-XXXX,Sample_Order_8,RETURNING,1,HALF MEDIUM BOX,3.65,Zone 2,6500,Beji - Depok,78200,slot-0,GO-PAY Wallet,2,111
3PLB-DRIVER-3,0812-XXXX-XXXX,kecamatan pademangan,Customer_1131,cust@XXXX.com,2026-04-01,"Anonymized Street, Jabodetabek",0812-XXXX-XXXX,Sample_Order_5,,1,,8.03,Zone 3,7000,Kramat - JAKPUS,273600,slot-sameday03,Cash on Delivery,5,276
3PLB-DRIVER-1,0812-XXXX-XXXX,kecamatan jagakarsa,Customer_1132,cust@XXXX.com,2026-04-01,"Anonymized Street, Jabodetabek",0812-XXXX-XXXX,Sample_Order_3,RETURNING,1,PLASTIC,6.8,Zone 3,7000,Kembangan - JAKBAR,151710,slot-0,ShopeePay,4,197
Sample_Driver_9,0812-XXXX-XXXX,cikarang selatan,Customer_1133,cust@XXXX.com,2026-04-01,"Anonymized Street, Jabodetabek",0812-XXXX-XXXX,Sample_Order_7,RETURNING,1,HALF MEDIUM BOX,7.41,Zone 3,7000,Satellite HUB Karawaci,126300,slot-0bb,Credit Card,2,34
3PLB-DRIVER-1,0812-XXXX-XXXX,kecamatan pinang,Customer_1134,cust@XXXX.com,2026-04-01,"Anonymized Street, Jabodetabek",0812-XXXX-XXXX,Sample_Order_9,RETURNING,1,HALF MEDIUM BOX,6.9,Zone 3,7000,Kramat - JAKPUS,126900,slot-2,Credit Card,4,90
3PLA-DRIVER-2,0812-XXXX-XXXX,kecamatan penjaringan,Customer_1135,cust@XXXX.com,2026-04-01,"Anonymized Street, Jabodetabek",0812-XXXX-XXXX,Sample_Order_6,NEW,1,MEDIUM BOX,9.05,Zone 4,11000,Cibitung - KAB BEKASI,169800,slot-13,Cash on Delivery,5,33
3PLB-DRIVER-2,0812-XXXX-XXXX,kecamatan penjaringan,Customer_1136,cust@XXXX.com,2026-04-01,"Anonymized Street, Jabodetabek",0812-XXXX-XXXX,Sample_Order_2,RETURNING,1,PLASTIC,7.03,Zone 3,7000,Kembangan - JAKBAR,624450,slot-2,Credit Card,8,24
3PLB-DRIVER-2,0812-XXXX-XXXX,kecamatan parung panjang,Customer_1137,cust@XXXX.com,2026-04-01,"Anonymized Street, Jabodetabek",0812-XXXX-XXXX,Sample_Order_0,RETURNING,1,PLASTIC,5.54,Zone 2,6500,Kramat - JAKPUS,227370,slot-1,Cash on Delivery,5,242
3PLA-DRIVER-1,0812-XXXX-XXXX,kecamatan grogol petamburan,Customer_1138,cust@XXXX.com,2026-04-01,"Anonymized Street, Jabodetabek",0812-XXXX-XXXX,Sample_Order_0,RETURNING,1,PLASTIC,5.54,Zone 2,6500,Kramat - JAKPUS,227370,slot-sameday,Cash on Delivery,5,242
3PLB-DRIVER-2,0812-XXXX-XXXX,cikarang selatan,Customer_1139,cust@XXXX.com,2026-04-01,"Anonymized Street, Jabodetabek",0812-XXXX-XXXX,Sample_Order_8,RETURNING,1,HALF MEDIUM BOX,3.65,Zone 2,6500,Beji - Depok,78200,slot-2,GO-PAY Wallet,2,111
3PLB-DRIVER-3,0812-XXXX-XXXX,kecamatan jagakarsa,Customer_1140,cust@XXXX.com,2026-04-01,"Anonymized Street, Jabodetabek",0812-XXXX-XXXX,Sample_Order_1,RETURNING,1,HALF MEDIUM BOX,11.13,Zone 4,11000,Bintaro - TANGSEL,116100,slot-2,OVO Wallet,2,85
3PLC-DRIVER-1,0812-XXXX-XXXX,kecamatan grogol petamburan,Customer_1141,cust@XXXX.com,2026-04-01,"Anonymized Street, Jabodetabek",0812-XXXX-XXXX,Sample_Order_7,RETURNING,1,HALF MEDIUM BOX,7.41,Zone 3,7000,Satellite HUB Karawaci,126300,slot-sameday03,Credit Card,2,34
3PLC-DRIVER-2,0812-XXXX-XXXX,kecamatan setiabudi,Customer_1142,cust@XXXX.com,2026-04-01,"Anonymized Street, Jabodetabek",0812-XXXX-XXXX,Sample_Order_3,RETURNING,1,PLASTIC,6.8,Zone 3,7000,Kembangan - JAKBAR,151710,slot-1,ShopeePay,4,197
3PLB-DRIVER-2,0812-XXXX-XXXX,kecamatan setiabudi,Customer_1143,cust@XXXX.com,2026-04-01,"Anonymized Street, Jabodetabek",0812-XXXX-XXXX,Sample_Order_5,,1,,8.03,Zone 3,7000,Kramat - JAKPUS,273600,slot-13,Cash on Delivery,5,276
3PLB-DRIVER-3,0812-XXXX-XXXX,kecamatan grogol petamburan,Customer_1144,cust@XXXX.com,2026-04-01,"Anonymized Street, Jabodetabek",0812-XXXX-XXXX,Sample_Order_8,RETURNING,1,HALF MEDIUM BOX,3.65,Zone 2,6500,Beji - Depok,78200,slot-0,GO-PAY Wallet,2,111
3PLA-DRIVER-2,0812-XXXX-XXXX,kecamatan setiabudi,Customer_1145,cust@XXXX.com,2026-04-01,"Anonymized Street, Jabodetabek",0812-XXXX-XXXX,Sample_Order_6,NEW,1,MEDIUM BOX,9.05,Zone 4,11000,Cibitung - KAB BEKASI,169800,slot-0,Cash on Delivery,5,33
3PLB-DRIVER-1,0812-XXXX-XXXX,kecamatan grogol petamburan,Customer_1146,cust@XXXX.com,2026-04-01,"Anonymized Street, Jabodetabek",0812-XXXX-XXXX,Sample_Order_2,RETURNING,1,PLASTIC,7.03,Zone 3,7000,Kembangan - JAKBAR,624450,slot-0,Credit Card,8,24
3PLA-DRIVER-2,0812-XXXX-XXXX,kecamatan grogol petamburan,Customer_1147,cust@XXXX.com,2026-04-01,"Anonymized Street, Jabodetabek",0812-XXXX-XXXX,Sample_Order_8,RETURNING,1,HALF MEDIUM BOX,3.65,Zone 2,6500,Beji - Depok,78200,slot-13,GO-PAY Wallet,2,111
3PLA-DRIVER-1,0812-XXXX-XXXX,kecamatan pademangan,Customer_1148,cust@XXXX.com,2026-04-01,"Anonymized Street, Jabodetabek",0812-XXXX-XXXX,Sample_Order_0,RETURNING,1,PLASTIC,5.54,Zone 2,6500,Kramat - JAKPUS,227370,slot-2,Cash on Delivery,5,242
3PLA-DRIVER-1,0812-XXXX-XXXX,cikarang selatan,Customer_1149,cust@XXXX.com,2026-04-01,"Anonymized Street, Jabodetabek",0812-XXXX-XXXX,Sample_Order_7,RETURNING,1,HALF MEDIUM BOX,7.41,Zone 3,7000,Satellite HUB Karawaci,126300,slot-0bb,Credit Card,2,34
3PLB-DRIVER-2,0812-XXXX-XXXX,kecamatan pademangan,Customer_1150,cust@XXXX.com,2026-04-01,"Anonymized Street, Jabodetabek",0812-XXXX-XXXX,Sample_Order_3,RETURNING,1,PLASTIC,6.8,Zone 3,7000,Kembangan - JAKBAR,151710,slot-2,ShopeePay,4,197
3PLC-DRIVER-1,0812-XXXX-XXXX,kecamatan penjaringan,Customer_1151,cust@XXXX.com,2026-04-01,"Anonymized Street, Jabodetabek",0812-XXXX-XXXX,Sample_Order_7,RETURNING,1,HALF MEDIUM BOX,7.41,Zone 3,7000,Satellite HUB Karawaci,126300,slot-sameday03,Credit Card,2,34
3PLA-DRIVER-1,0812-XXXX-XXXX,kecamatan penjaringan,Customer_1152,cust@XXXX.com,2026-04-01,"Anonymized Street, Jabodetabek",0812-XXXX-XXXX,Sample_Order_2,RETURNING,1,PLASTIC,7.03,Zone 3,7000,Kembangan - JAKBAR,624450,slot-0,Credit Card,8,24
3PLC-DRIVER-2,0812-XXXX-XXXX,kecamatan parung panjang,Customer_1153,cust@XXXX.com,2026-04-01,"Anonymized Street, Jabodetabek",0812-XXXX-XXXX,Sample_Order_2,RETURNING,1,PLASTIC,7.03,Zone 3,7000,Kembangan - JAKBAR,624450,slot-0,Credit Card,8,24
3PLC-DRIVER-2,0812-XXXX-XXXX,kecamatan jatinegara,Customer_1154,cust@XXXX.com,2026-04-01,"Anonymized Street, Jabodetabek",0812-XXXX-XXXX,Sample_Order_4,RETURNING,1,PLASTIC,4.79,Zone 2,6500,Kramat - JAKPUS,162800,slot-13,MANDIRI VA Transferpay!,4,99
3PLA-DRIVER-2,0812-XXXX-XXXX,kecamatan grogol petamburan,Customer_1155,cust@XXXX.com,2026-04-01,"Anonymized Street, Jabodetabek",0812-XXXX-XXXX,Sample_Order_4,RETURNING,1,PLASTIC,4.79,Zone 2,6500,Kramat - JAKPUS,162800,slot-sameday,MANDIRI VA Transferpay!,4,99
Sample_Driver_9,0812-XXXX-XXXX,kecamatan pinang,Customer_1156,cust@XXXX.com,2026-04-01,"Anonymized Street, Jabodetabek",0812-XXXX-XXXX,Sample_Order_1,RETURNING,1,HALF MEDIUM BOX,11.13,Zone 4,11000,Bintaro - TANGSEL,116100,slot-2,OVO Wallet,2,85
3PLB-DRIVER-1,0812-XXXX-XXXX,kecamatan setiabudi,Customer_1157,cust@XXXX.com,2026-04-01,"Anonymized Street, Jabodetabek",0812-XXXX-XXXX,Sample_Order_3,RETURNING,1,PLASTIC,6.8,Zone 3,7000,Kembangan - JAKBAR,151710,slot-0bb,ShopeePay,4,197
3PLB-DRIVER-3,0812-XXXX-XXXX,kecamatan jatinegara,Customer_1158,cust@XXXX.com,2026-04-01,"Anonymized Street, Jabodetabek",0812-XXXX-XXXX,Sample_Order_8,RETURNING,1,HALF MEDIUM BOX,3.65,Zone 2,6500,Beji - Depok,78200,slot-0bb,GO-PAY Wallet,2,111
Sample_Driver_8,0812-XXXX-XXXX,kecamatan jagakarsa,Customer_1159,cust@XXXX.com,2026-04-01,"Anonymized Street, Jabodetabek",0812-XXXX-XXXX,Sample_Order_0,RETURNING,1,PLASTIC,5.54,Zone 2,6500,Kramat - JAKPUS,227370,slot-1bb,Cash on Delivery,5,242
3PLB-DRIVER-2,0812-XXXX-XXXX,cikarang selatan,Customer_1160,cust@XXXX.com,2026-04-01,"Anonymized Street, Jabodetabek",0812-XXXX-XXXX,Sample_Order_9,RETURNING,1,HALF MEDIUM BOX,6.9,Zone 3,7000,Kramat - JAKPUS,126900,slot-2,Credit Card,4,90
Sample_Driver_9,0812-XXXX-XXXX,kecamatan grogol petamburan,Customer_1161,cust@XXXX.com,2026-04-01,"Anonymized Street, Jabodetabek",0812-XXXX-XXXX,Sample_Order_8,RETURNING,1,HALF MEDIUM BOX,3.65,Zone 2,6500,Beji - Depok,78200,slot-13,GO-PAY Wallet,2,111
3PLC-DRIVER-1,0812-XXXX-XXXX,kecamatan penjaringan,Customer_1162,cust@XXXX.com,2026-04-01,"Anonymized Street, Jabodetabek",0812-XXXX-XXXX,Sample_Order_2,RETURNING,1,PLASTIC,7.03,Zone 3,7000,Kembangan - JAKBAR,624450,slot-0,Credit Card,8,24
3PLB-DRIVER-3,0812-XXXX-XXXX,kecamatan grogol petamburan,Customer_1163,cust@XXXX.com,2026-04-01,"Anonymized Street, Jabodetabek",0812-XXXX-XXXX,Sample_Order_9,RETURNING,1,HALF MEDIUM BOX,6.9,Zone 3,7000,Kramat - JAKPUS,126900,slot-2,Credit Card,4,90
Sample_Driver_8,0812-XXXX-XXXX,kecamatan jatinegara,Customer_1164,cust@XXXX.com,2026-04-01,"Anonymized Street, Jabodetabek",0812-XXXX-XXXX,Sample_Order_8,RETURNING,1,HALF MEDIUM BOX,3.65,Zone 2,6500,Beji - Depok,78200,slot-1,GO-PAY Wallet,2,111
3PLB-DRIVER-1,0812-XXXX-XXXX,kecamatan grogol petamburan,Customer_1165,cust@XXXX.com,2026-04-01,"Anonymized Street, Jabodetabek",0812-XXXX-XXXX,Sample_Order_5,,1,,8.03,Zone 3,7000,Kramat - JAKPUS,273600,slot-1bb,Cash on Delivery,5,276
Sample_Driver_8,0812-XXXX-XXXX,kecamatan parung panjang,Customer_1166,cust@XXXX.com,2026-04-01,"Anonymized Street, Jabodetabek",0812-XXXX-XXXX,Sample_Order_4,RETURNING,1,PLASTIC,4.79,Zone 2,6500,Kramat - JAKPUS,162800,slot-sameday03,MANDIRI VA Transferpay!,4,99
Sample_Driver_8,0812-XXXX-XXXX,kecamatan jagakarsa,Customer_1167,cust@XXXX.com,2026-04-01,"Anonymized Street, Jabodetabek",0812-XXXX-XXXX,Sample_Order_7,RETURNING,1,HALF MEDIUM BOX,7.41,Zone 3,7000,Satellite HUB Karawaci,126300,slot-13,Credit Card,2,34
3PLB-DRIVER-1,0812-XXXX-XXXX,kecamatan pinang,Customer_1168,cust@XXXX.com,2026-04-01,"Anonymized Street, Jabodetabek",0812-XXXX-XXXX,Sample_Order_3,RETURNING,1,PLASTIC,6.8,Zone 3,7000,Kembangan - JAKBAR,151710,slot-0bb,ShopeePay,4,197
Sample_Driver_9,0812-XXXX-XXXX,kecamatan setiabudi,Customer_1169,cust@XXXX.com,2026-04-01,"Anonymized Street, Jabodetabek",0812-XXXX-XXXX,Sample_Order_7,RETURNING,1,HALF MEDIUM BOX,7.41,Zone 3,7000,Satellite HUB Karawaci,126300,slot-0bb,Credit Card,2,34
Sample_Driver_8,0812-XXXX-XXXX,sepatan,Customer_1170,cust@XXXX.com,2026-04-01,"Anonymized Street, Jabodetabek",0812-XXXX-XXXX,Sample_Order_4,RETURNING,1,PLASTIC,4.79,Zone 2,6500,Kramat - JAKPUS,162800,slot-sameday03,MANDIRI VA Transferpay!,4,99
Sample_Driver_9,0812-XXXX-XXXX,kecamatan pademangan,Customer_1171,cust@XXXX.com,2026-04-01,"Anonymized Street, Jabodetabek",0812-XXXX-XXXX,Sample_Order_3,RETURNING,1,PLASTIC,6.8,Zone 3,7000,Kembangan - JAKBAR,151710,slot-sameday03,ShopeePay,4,197
3PLB-DRIVER-1,0812-XXXX-XXXX,kecamatan pademangan,Customer_1172,cust@XXXX.com,2026-04-01,"Anonymized Street, Jabodetabek",0812-XXXX-XXXX,Sample_Order_9,RETURNING,1,HALF MEDIUM BOX,6.9,Zone 3,7000,Kramat - JAKPUS,126900,slot-1,Credit Card,4,90
3PLC-DRIVER-1,0812-XXXX-XXXX,kecamatan penjaringan,Customer_1173,cust@XXXX.com,2026-04-01,"Anonymized Street, Jabodetabek",0812-XXXX-XXXX,Sample_Order_0,RETURNING,1,PLASTIC,5.54,Zone 2,6500,Kramat - JAKPUS,227370,slot-13,Cash on Delivery,5,242
3PLB-DRIVER-2,0812-XXXX-XXXX,kecamatan pademangan,Customer_1174,cust@XXXX.com,2026-04-01,"Anonymized Street, Jabodetabek",0812-XXXX-XXXX,Sample_Order_4,RETURNING,1,PLASTIC,4.79,Zone 2,6500,Kramat - JAKPUS,162800,slot-sameday,MANDIRI VA Transferpay!,4,99
3PLB-DRIVER-1,0812-XXXX-XXXX,kecamatan jatinegara,Customer_1175,cust@XXXX.com,2026-04-01,"Anonymized Street, Jabodetabek",0812-XXXX-XXXX,Sample_Order_4,RETURNING,1,PLASTIC,4.79,Zone 2,6500,Kramat - JAKPUS,162800,slot-2,MANDIRI VA Transferpay!,4,99
3PLC-DRIVER-2,0812-XXXX-XXXX,kecamatan pinang,Customer_1176,cust@XXXX.com,2026-04-01,"Anonymized Street, Jabodetabek",0812-XXXX-XXXX,Sample_Order_3,RETURNING,1,PLASTIC,6.8,Zone 3,7000,Kembangan - JAKBAR,151710,slot-2,ShopeePay,4,197
3PLB-DRIVER-1,0812-XXXX-XXXX,kecamatan setiabudi,Customer_1177,cust@XXXX.com,2026-04-01,"Anonymized Street, Jabodetabek",0812-XXXX-XXXX,Sample_Order_1,RETURNING,1,HALF MEDIUM BOX,11.13,Zone 4,11000,Bintaro - TANGSEL,116100,slot-1bb,OVO Wallet,2,85
Sample_Driver_9,0812-XXXX-XXXX,kecamatan grogol petamburan,Customer_1178,cust@XXXX.com,2026-04-01,"Anonymized Street, Jabodetabek",0812-XXXX-XXXX,Sample_Order_6,NEW,1,MEDIUM BOX,9.05,Zone 4,11000,Cibitung - KAB BEKASI,169800,slot-0bb,Cash on Delivery,5,33
3PLB-DRIVER-1,0812-XXXX-XXXX,kecamatan jagakarsa,Customer_1179,cust@XXXX.com,2026-04-01,"Anonymized Street, Jabodetabek",0812-XXXX-XXXX,Sample_Order_8,RETURNING,1,HALF MEDIUM BOX,3.65,Zone 2,6500,Beji - Depok,78200,slot-1bb,GO-PAY Wallet,2,111
3PLA-DRIVER-1,0812-XXXX-XXXX,sepatan,Customer_1180,cust@XXXX.com,2026-04-01,"Anonymized Street, Jabodetabek",0812-XXXX-XXXX,Sample_Order_6,NEW,1,MEDIUM BOX,9.05,Zone 4,11000,Cibitung - KAB BEKASI,169800,slot-1,Cash on Delivery,5,33
3PLA-DRIVER-2,0812-XXXX-XXXX,kecamatan pademangan,Customer_1181,cust@XXXX.com,2026-04-01,"Anonymized Street, Jabodetabek",0812-XXXX-XXXX,Sample_Order_1,RETURNING,1,HALF MEDIUM BOX,11.13,Zone 4,11000,Bintaro - TANGSEL,116100,slot-0bb,OVO Wallet,2,85
3PLB-DRIVER-1,0812-XXXX-XXXX,kecamatan penjaringan,Customer_1182,cust@XXXX.com,2026-04-01,"Anonymized Street, Jabodetabek",0812-XXXX-XXXX,Sample_Order_5,,1,,8.03,Zone 3,7000,Kramat - JAKPUS,273600,slot-sameday03,Cash on Delivery,5,276
3PLC-DRIVER-1,0812-XXXX-XXXX,kecamatan penjaringan,Customer_1183,cust@XXXX.com,2026-04-01,"Anonymized Street, Jabodetabek",0812-XXXX-XXXX,Sample_Order_0,RETURNING,1,PLASTIC,5.54,Zone 2,6500,Kramat - JAKPUS,227370,slot-1bb,Cash on Delivery,5,242
Sample_Driver_8,0812-XXXX-XXXX,kecamatan grogol petamburan,Customer_1184,cust@XXXX.com,2026-04-01,"Anonymized Street, Jabodetabek",0812-XXXX-XXXX,Sample_Order_4,RETURNING,1,PLASTIC,4.79,Zone 2,6500,Kramat - JAKPUS,162800,slot-2,MANDIRI VA Transferpay!,4,99
3PLC-DRIVER-2,0812-XXXX-XXXX,kecamatan jatinegara,Customer_1185,cust@XXXX.com,2026-04-01,"Anonymized Street, Jabodetabek",0812-XXXX-XXXX,Sample_Order_1,RETURNING,1,HALF MEDIUM BOX,11.13,Zone 4,11000,Bintaro - TANGSEL,116100,slot-0bb,OVO Wallet,2,85
3PLA-DRIVER-2,0812-XXXX-XXXX,kecamatan jagakarsa,Customer_1186,cust@XXXX.com,2026-04-01,"Anonymized Street, Jabodetabek",0812-XXXX-XXXX,Sample_Order_8,RETURNING,1,HALF MEDIUM BOX,3.65,Zone 2,6500,Beji - Depok,78200,slot-sameday03,GO-PAY Wallet,2,111
3PLB-DRIVER-3,0812-XXXX-XXXX,kecamatan grogol petamburan,Customer_1187,cust@XXXX.com,2026-04-01,"Anonymized Street, Jabodetabek",0812-XXXX-XXXX,Sample_Order_2,RETURNING,1,PLASTIC,7.03,Zone 3,7000,Kembangan - JAKBAR,624450,slot-13,Credit Card,8,24
Sample_Driver_9,0812-XXXX-XXXX,kecamatan parung panjang,Customer_1188,cust@XXXX.com,2026-04-01,"Anonymized Street, Jabodetabek",0812-XXXX-XXXX,Sample_Order_2,RETURNING,1,PLASTIC,7.03,Zone 3,7000,Kembangan - JAKBAR,624450,slot-sameday03,Credit Card,8,24
3PLB-DRIVER-1,0812-XXXX-XXXX,sepatan,Customer_1189,cust@XXXX.com,2026-04-01,"Anonymized Street, Jabodetabek",0812-XXXX-XXXX,Sample_Order_8,RETURNING,1,HALF MEDIUM BOX,3.65,Zone 2,6500,Beji - Depok,78200,slot-1,GO-PAY Wallet,2,111
3PLC-DRIVER-1,0812-XXXX-XXXX,cikarang selatan,Customer_1190,cust@XXXX.com,2026-04-01,"Anonymized Street, Jabodetabek",0812-XXXX-XXXX,Sample_Order_6,NEW,1,MEDIUM BOX,9.05,Zone 4,11000,Cibitung - KAB BEKASI,169800,slot-2,Cash on Delivery,5,33
Sample_Driver_9,0812-XXXX-XXXX,kecamatan grogol petamburan,Customer_1191,cust@XXXX.com,2026-04-01,"Anonymized Street, Jabodetabek",0812-XXXX-XXXX,Sample_Order_8,RETURNING,1,HALF MEDIUM BOX,3.65,Zone 2,6500,Beji - Depok,78200,slot-13,GO-PAY Wallet,2,111
3PLA-DRIVER-2,0812-XXXX-XXXX,kecamatan penjaringan,Customer_1192,cust@XXXX.com,2026-04-01,"Anonymized Street, Jabodetabek",0812-XXXX-XXXX,Sample_Order_6,NEW,1,MEDIUM BOX,9.05,Zone 4,11000,Cibitung - KAB BEKASI,169800,slot-1,Cash on Delivery,5,33
3PLC-DRIVER-2,0812-XXXX-XXXX,kecamatan pademangan,Customer_1193,cust@XXXX.com,2026-04-01,"Anonymized Street, Jabodetabek",0812-XXXX-XXXX,Sample_Order_0,RETURNING,1,PLASTIC,5.54,Zone 2,6500,Kramat - JAKPUS,227370,slot-0,Cash on Delivery,5,242
3PLB-DRIVER-1,0812-XXXX-XXXX,kecamatan setiabudi,Customer_1194,cust@XXXX.com,2026-04-01,"Anonymized Street, Jabodetabek",0812-XXXX-XXXX,Sample_Order_1,RETURNING,1,HALF MEDIUM BOX,11.13,Zone 4,11000,Bintaro - TANGSEL,116100,slot-2,OVO Wallet,2,85
Sample_Driver_9,0812-XXXX-XXXX,kecamatan setiabudi,Customer_1195,cust@XXXX.com,2026-04-01,"Anonymized Street, Jabodetabek",0812-XXXX-XXXX,Sample_Order_7,RETURNING,1,HALF MEDIUM BOX,7.41,Zone 3,7000,Satellite HUB Karawaci,126300,slot-sameday03,Credit Card,2,34
3PLC-DRIVER-1,0812-XXXX-XXXX,kecamatan jagakarsa,Customer_1196,cust@XXXX.com,2026-04-01,"Anonymized Street, Jabodetabek",0812-XXXX-XXXX,Sample_Order_8,RETURNING,1,HALF MEDIUM BOX,3.65,Zone 2,6500,Beji - Depok,78200,slot-1bb,GO-PAY Wallet,2,111
3PLB-DRIVER-3,0812-XXXX-XXXX,kecamatan pademangan,Customer_1197,cust@XXXX.com,2026-04-01,"Anonymized Street, Jabodetabek",0812-XXXX-XXXX,Sample_Order_7,RETURNING,1,HALF MEDIUM BOX,7.41,Zone 3,7000,Satellite HUB Karawaci,126300,slot-2,Credit Card,2,34
Sample_Driver_9,0812-XXXX-XXXX,kecamatan penjaringan,Customer_1198,cust@XXXX.com,2026-04-01,"Anonymized Street, Jabodetabek",0812-XXXX-XXXX,Sample_Order_4,RETURNING,1,PLASTIC,4.79,Zone 2,6500,Kramat - JAKPUS,162800,slot-13,MANDIRI VA Transferpay!,4,99
Sample_Driver_9,0812-XXXX-XXXX,kecamatan jagakarsa,Customer_1199,cust@XXXX.com,2026-04-01,"Anonymized Street, Jabodetabek",0812-XXXX-XXXX,Sample_Order_6,NEW,1,MEDIUM BOX,9.05,Zone 4,11000,Cibitung - KAB BEKASI,169800,slot-sameday03,Cash on Delivery,5,33
3PLB-DRIVER-3,0812-XXXX-XXXX,kecamatan jagakarsa,Customer_1200,cust@XXXX.com,2026-04-01,"Anonymized Street, Jabodetabek",0812-XXXX-XXXX,Sample_Order_5,,1,,8.03,Zone 3,7000,Kramat - JAKPUS,273600,slot-0,Cash on Delivery,5,276
3PLC-DRIVER-1,0812-XXXX-XXXX,cikarang selatan,Customer_1201,cust@XXXX.com,2026-04-01,"Anonymized Street, Jabodetabek",0812-XXXX-XXXX,Sample_Order_7,RETURNING,1,HALF MEDIUM BOX,7.41,Zone 3,7000,Satellite HUB Karawaci,126300,slot-1,Credit Card,2,34
Sample_Driver_8,0812-XXXX-XXXX,kecamatan jagakarsa,Customer_1202,cust@XXXX.com,2026-04-01,"Anonymized Street, Jabodetabek",0812-XXXX-XXXX,Sample_Order_4,RETURNING,1,PLASTIC,4.79,Zone 2,6500,Kramat - JAKPUS,162800,slot-0bb,MANDIRI VA Transferpay!,4,99
3PLB-DRIVER-2,0812-XXXX-XXXX,kecamatan grogol petamburan,Customer_1203,cust@XXXX.com,2026-04-01,"Anonymized Street, Jabodetabek",0812-XXXX-XXXX,Sample_Order_8,RETURNING,1,HALF MEDIUM BOX,3.65,Zone 2,6500,Beji - Depok,78200,slot-2,GO-PAY Wallet,2,111
3PLB-DRIVER-1,0812-XXXX-XXXX,kecamatan jatinegara,Customer_1204,cust@XXXX.com,2026-04-01,"Anonymized Street, Jabodetabek",0812-XXXX-XXXX,Sample_Order_8,RETURNING,1,HALF MEDIUM BOX,3.65,Zone 2,6500,Beji - Depok,78200,slot-1bb,GO-PAY Wallet,2,111
3PLC-DRIVER-2,0812-XXXX-XXXX,cikarang selatan,Customer_1205,cust@XXXX.com,2026-04-01,"Anonymized Street, Jabodetabek",0812-XXXX-XXXX,Sample_Order_6,NEW,1,MEDIUM BOX,9.05,Zone 4,11000,Cibitung - KAB BEKASI,169800,slot-2,Cash on Delivery,5,33
3PLC-DRIVER-2,0812-XXXX-XXXX,kecamatan grogol petamburan,Customer_1206,cust@XXXX.com,2026-04-01,"Anonymized Street, Jabodetabek",0812-XXXX-XXXX,Sample_Order_2,RETURNING,1,PLASTIC,7.03,Zone 3,7000,Kembangan - JAKBAR,624450,slot-sameday,Credit Card,8,24
3PLC-DRIVER-2,0812-XXXX-XXXX,sepatan,Customer_1207,cust@XXXX.com,2026-04-01,"Anonymized Street, Jabodetabek",0812-XXXX-XXXX,Sample_Order_2,RETURNING,1,PLASTIC,7.03,Zone 3,7000,Kembangan - JAKBAR,624450,slot-0,Credit Card,8,24
3PLB-DRIVER-3,0812-XXXX-XXXX,kecamatan jatinegara,Customer_1208,cust@XXXX.com,2026-04-01,"Anonymized Street, Jabodetabek",0812-XXXX-XXXX,Sample_Order_0,RETURNING,1,PLASTIC,5.54,Zone 2,6500,Kramat - JAKPUS,227370,slot-0,Cash on Delivery,5,242
Sample_Driver_8,0812-XXXX-XXXX,kecamatan penjaringan,Customer_1209,cust@XXXX.com,2026-04-01,"Anonymized Street, Jabodetabek",0812-XXXX-XXXX,Sample_Order_3,RETURNING,1,PLASTIC,6.8,Zone 3,7000,Kembangan - JAKBAR,151710,slot-1bb,ShopeePay,4,197
Sample_Driver_9,0812-XXXX-XXXX,kecamatan grogol petamburan,Customer_1210,cust@XXXX.com,2026-04-01,"Anonymized Street, Jabodetabek",0812-XXXX-XXXX,Sample_Order_5,,1,,8.03,Zone 3,7000,Kramat - JAKPUS,273600,slot-0,Cash on Delivery,5,276
3PLC-DRIVER-2,0812-XXXX-XXXX,kecamatan pinang,Customer_1211,cust@XXXX.com,2026-04-01,"Anonymized Street, Jabodetabek",0812-XXXX-XXXX,Sample_Order_8,RETURNING,1,HALF MEDIUM BOX,3.65,Zone 2,6500,Beji - Depok,78200,slot-0,GO-PAY Wallet,2,111
3PLB-DRIVER-1,0812-XXXX-XXXX,kecamatan jagakarsa,Customer_1212,cust@XXXX.com,2026-04-01,"Anonymized Street, Jabodetabek",0812-XXXX-XXXX,Sample_Order_3,RETURNING,1,PLASTIC,6.8,Zone 3,7000,Kembangan - JAKBAR,151710,slot-1,ShopeePay,4,197
3PLB-DRIVER-3,0812-XXXX-XXXX,cikarang selatan,Customer_1213,cust@XXXX.com,2026-04-01,"Anonymized Street, Jabodetabek",0812-XXXX-XXXX,Sample_Order_7,RETURNING,1,HALF MEDIUM BOX,7.41,Zone 3,7000,Satellite HUB Karawaci,126300,slot-2,Credit Card,2,34
Sample_Driver_9,0812-XXXX-XXXX,kecamatan setiabudi,Customer_1214,cust@XXXX.com,2026-04-01,"Anonymized Street, Jabodetabek",0812-XXXX-XXXX,Sample_Order_2,RETURNING,1,PLASTIC,7.03,Zone 3,7000,Kembangan - JAKBAR,624450,slot-sameday03,Credit Card,8,24
Sample_Driver_9,0812-XXXX-XXXX,sepatan,Customer_1215,cust@XXXX.com,2026-04-01,"Anonymized Street, Jabodetabek",0812-XXXX-XXXX,Sample_Order_0,RETURNING,1,PLASTIC,5.54,Zone 2,6500,Kramat - JAKPUS,227370,slot-sameday03,Cash on Delivery,5,242
3PLB-DRIVER-2,0812-XXXX-XXXX,kecamatan parung panjang,Customer_1216,cust@XXXX.com,2026-04-01,"Anonymized Street, Jabodetabek",0812-XXXX-XXXX,Sample_Order_2,RETURNING,1,PLASTIC,7.03,Zone 3,7000,Kembangan - JAKBAR,624450,slot-sameday03,Credit Card,8,24
Sample_Driver_9,0812-XXXX-XXXX,kecamatan pinang,Customer_1217,cust@XXXX.com,2026-04-01,"Anonymized Street, Jabodetabek",0812-XXXX-XXXX,Sample_Order_9,RETURNING,1,HALF MEDIUM BOX,6.9,Zone 3,7000,Kramat - JAKPUS,126900,slot-0bb,Credit Card,4,90
3PLA-DRIVER-2,0812-XXXX-XXXX,kecamatan grogol petamburan,Customer_1218,cust@XXXX.com,2026-04-01,"Anonymized Street, Jabodetabek",0812-XXXX-XXXX,Sample_Order_9,RETURNING,1,HALF MEDIUM BOX,6.9,Zone 3,7000,Kramat - JAKPUS,126900,slot-0,Credit Card,4,90
3PLB-DRIVER-3,0812-XXXX-XXXX,kecamatan setiabudi,Customer_1219,cust@XXXX.com,2026-04-01,"Anonymized Street, Jabodetabek",0812-XXXX-XXXX,Sample_Order_9,RETURNING,1,HALF MEDIUM BOX,6.9,Zone 3,7000,Kramat - JAKPUS,126900,slot-1,Credit Card,4,90
Sample_Driver_8,0812-XXXX-XXXX,kecamatan setiabudi,Customer_1220,cust@XXXX.com,2026-04-01,"Anonymized Street, Jabodetabek",0812-XXXX-XXXX,Sample_Order_9,RETURNING,1,HALF MEDIUM BOX,6.9,Zone 3,7000,Kramat - JAKPUS,126900,slot-sameday03,Credit Card,4,90
3PLC-DRIVER-2,0812-XXXX-XXXX,cikarang selatan,Customer_1221,cust@XXXX.com,2026-04-01,"Anonymized Street, Jabodetabek",0812-XXXX-XXXX,Sample_Order_8,RETURNING,1,HALF MEDIUM BOX,3.65,Zone 2,6500,Beji - Depok,78200,slot-13,GO-PAY Wallet,2,111
3PLB-DRIVER-1,0812-XXXX-XXXX,kecamatan penjaringan,Customer_1222,cust@XXXX.com,2026-04-01,"Anonymized Street, Jabodetabek",0812-XXXX-XXXX,Sample_Order_5,,1,,8.03,Zone 3,7000,Kramat - JAKPUS,273600,slot-sameday,Cash on Delivery,5,276
Sample_Driver_8,0812-XXXX-XXXX,kecamatan setiabudi,Customer_1223,cust@XXXX.com,2026-04-01,"Anonymized Street, Jabodetabek",0812-XXXX-XXXX,Sample_Order_2,RETURNING,1,PLASTIC,7.03,Zone 3,7000,Kembangan - JAKBAR,624450,slot-13,Credit Card,8,24
3PLB-DRIVER-2,0812-XXXX-XXXX,kecamatan penjaringan,Customer_1224,cust@XXXX.com,2026-04-01,"Anonymized Street, Jabodetabek",0812-XXXX-XXXX,Sample_Order_9,RETURNING,1,HALF MEDIUM BOX,6.9,Zone 3,7000,Kramat - JAKPUS,126900,slot-1,Credit Card,4,90
Sample_Driver_9,0812-XXXX-XXXX,kecamatan parung panjang,Customer_1225,cust@XXXX.com,2026-04-01,"Anonymized Street, Jabodetabek",0812-XXXX-XXXX,Sample_Order_8,RETURNING,1,HALF MEDIUM BOX,3.65,Zone 2,6500,Beji - Depok,78200,slot-2,GO-PAY Wallet,2,111
3PLC-DRIVER-2,0812-XXXX-XXXX,kecamatan setiabudi,Customer_1226,cust@XXXX.com,2026-04-01,"Anonymized Street, Jabodetabek",0812-XXXX-XXXX,Sample_Order_4,RETURNING,1,PLASTIC,4.79,Zone 2,6500,Kramat - JAKPUS,162800,slot-1,MANDIRI VA Transferpay!,4,99
Sample_Driver_8,0812-XXXX-XXXX,kecamatan pademangan,Customer_1227,cust@XXXX.com,2026-04-01,"Anonymized Street, Jabodetabek",0812-XXXX-XXXX,Sample_Order_2,RETURNING,1,PLASTIC,7.03,Zone 3,7000,Kembangan - JAKBAR,624450,slot-0bb,Credit Card,8,24
3PLB-DRIVER-3,0812-XXXX-XXXX,kecamatan jatinegara,Customer_1228,cust@XXXX.com,2026-04-01,"Anonymized Street, Jabodetabek",0812-XXXX-XXXX,Sample_Order_9,RETURNING,1,HALF MEDIUM BOX,6.9,Zone 3,7000,Kramat - JAKPUS,126900,slot-13,Credit Card,4,90
3PLB-DRIVER-2,0812-XXXX-XXXX,kecamatan grogol petamburan,Customer_1229,cust@XXXX.com,2026-04-01,"Anonymized Street, Jabodetabek",0812-XXXX-XXXX,Sample_Order_0,RETURNING,1,PLASTIC,5.54,Zone 2,6500,Kramat - JAKPUS,227370,slot-sameday03,Cash on Delivery,5,242
3PLA-DRIVER-1,0812-XXXX-XXXX,sepatan,Customer_1230,cust@XXXX.com,2026-04-01,"Anonymized Street, Jabodetabek",0812-XXXX-XXXX,Sample_Order_8,RETURNING,1,HALF MEDIUM BOX,3.65,Zone 2,6500,Beji - Depok,78200,slot-1bb,GO-PAY Wallet,2,111
3PLC-DRIVER-2,0812-XXXX-XXXX,kecamatan setiabudi,Customer_1231,cust@XXXX.com,2026-04-01,"Anonymized Street, Jabodetabek",0812-XXXX-XXXX,Sample_Order_9,RETURNING,1,HALF MEDIUM BOX,6.9,Zone 3,7000,Kramat - JAKPUS,126900,slot-13,Credit Card,4,90
3PLA-DRIVER-1,0812-XXXX-XXXX,cikarang selatan,Customer_1232,cust@XXXX.com,2026-04-01,"Anonymized Street, Jabodetabek",0812-XXXX-XXXX,Sample_Order_8,RETURNING,1,HALF MEDIUM BOX,3.65,Zone 2,6500,Beji - Depok,78200,slot-sameday03,GO-PAY Wallet,2,111
3PLB-DRIVER-3,0812-XXXX-XXXX,kecamatan pinang,Customer_1233,cust@XXXX.com,2026-04-01,"Anonymized Street, Jabodetabek",0812-XXXX-XXXX,Sample_Order_8,RETURNING,1,HALF MEDIUM BOX,3.65,Zone 2,6500,Beji - Depok,78200,slot-13,GO-PAY Wallet,2,111
Sample_Driver_9,0812-XXXX-XXXX,kecamatan jagakarsa,Customer_1234,cust@XXXX.com,2026-04-01,"Anonymized Street, Jabodetabek",0812-XXXX-XXXX,Sample_Order_1,RETURNING,1,HALF MEDIUM BOX,11.13,Zone 4,11000,Bintaro - TANGSEL,116100,slot-1,OVO Wallet,2,85
3PLA-DRIVER-2,0812-XXXX-XXXX,kecamatan setiabudi,Customer_1235,cust@XXXX.com,2026-04-01,"Anonymized Street, Jabodetabek",0812-XXXX-XXXX,Sample_Order_9,RETURNING,1,HALF MEDIUM BOX,6.9,Zone 3,7000,Kramat - JAKPUS,126900,slot-sameday,Credit Card,4,90
3PLB-DRIVER-2,0812-XXXX-XXXX,kecamatan setiabudi,Customer_1236,cust@XXXX.com,2026-04-01,"Anonymized Street, Jabodetabek",0812-XXXX-XXXX,Sample_Order_9,RETURNING,1,HALF MEDIUM BOX,6.9,Zone 3,7000,Kramat - JAKPUS,126900,slot-sameday03,Credit Card,4,90
Sample_Driver_9,0812-XXXX-XXXX,kecamatan jagakarsa,Customer_1237,cust@XXXX.com,2026-04-01,"Anonymized Street, Jabodetabek",0812-XXXX-XXXX,Sample_Order_8,RETURNING,1,HALF MEDIUM BOX,3.65,Zone 2,6500,Beji - Depok,78200,slot-0,GO-PAY Wallet,2,111
Sample_Driver_8,0812-XXXX-XXXX,kecamatan jagakarsa,Customer_1238,cust@XXXX.com,2026-04-01,"Anonymized Street, Jabodetabek",0812-XXXX-XXXX,Sample_Order_1,RETURNING,1,HALF MEDIUM BOX,11.13,Zone 4,11000,Bintaro - TANGSEL,116100,slot-1bb,OVO Wallet,2,85
3PLC-DRIVER-2,0812-XXXX-XXXX,kecamatan jagakarsa,Customer_1239,cust@XXXX.com,2026-04-01,"Anonymized Street, Jabodetabek",0812-XXXX-XXXX,Sample_Order_9,RETURNING,1,HALF MEDIUM BOX,6.9,Zone 3,7000,Kramat - JAKPUS,126900,slot-sameday,Credit Card,4,90
3PLA-DRIVER-2,0812-XXXX-XXXX,kecamatan jagakarsa,Customer_1240,cust@XXXX.com,2026-04-01,"Anonymized Street, Jabodetabek",0812-XXXX-XXXX,Sample_Order_1,RETURNING,1,HALF MEDIUM BOX,11.13,Zone 4,11000,Bintaro - TANGSEL,116100,slot-0,OVO Wallet,2,85
Sample_Driver_8,0812-XXXX-XXXX,sepatan,Customer_1241,cust@XXXX.com,2026-04-01,"Anonymized Street, Jabodetabek",0812-XXXX-XXXX,Sample_Order_7,RETURNING,1,HALF MEDIUM BOX,7.41,Zone 3,7000,Satellite HUB Karawaci,126300,slot-13,Credit Card,2,34
Sample_Driver_8,0812-XXXX-XXXX,kecamatan pinang,Customer_1242,cust@XXXX.com,2026-04-01,"Anonymized Street, Jabodetabek",0812-XXXX-XXXX,Sample_Order_9,RETURNING,1,HALF MEDIUM BOX,6.9,Zone 3,7000,Kramat - JAKPUS,126900,slot-0,Credit Card,4,90
3PLC-DRIVER-2,0812-XXXX-XXXX,kecamatan pademangan,Customer_1243,cust@XXXX.com,2026-04-01,"Anonymized Street, Jabodetabek",0812-XXXX-XXXX,Sample_Order_3,RETURNING,1,PLASTIC,6.8,Zone 3,7000,Kembangan - JAKBAR,151710,slot-13,ShopeePay,4,197
3PLA-DRIVER-1,0812-XXXX-XXXX,kecamatan penjaringan,Customer_1244,cust@XXXX.com,2026-04-01,"Anonymized Street, Jabodetabek",0812-XXXX-XXXX,Sample_Order_5,,1,,8.03,Zone 3,7000,Kramat - JAKPUS,273600,slot-0bb,Cash on Delivery,5,276
Sample_Driver_9,0812-XXXX-XXXX,sepatan,Customer_1245,cust@XXXX.com,2026-04-01,"Anonymized Street, Jabodetabek",0812-XXXX-XXXX,Sample_Order_1,RETURNING,1,HALF MEDIUM BOX,11.13,Zone 4,11000,Bintaro - TANGSEL,116100,slot-0bb,OVO Wallet,2,85
3PLB-DRIVER-1,0812-XXXX-XXXX,kecamatan jagakarsa,Customer_1246,cust@XXXX.com,2026-04-01,"Anonymized Street, Jabodetabek",0812-XXXX-XXXX,Sample_Order_2,RETURNING,1,PLASTIC,7.03,Zone 3,7000,Kembangan - JAKBAR,624450,slot-sameday03,Credit Card,8,24
3PLB-DRIVER-1,0812-XXXX-XXXX,kecamatan parung panjang,Customer_1247,cust@XXXX.com,2026-04-01,"Anonymized Street, Jabodetabek",0812-XXXX-XXXX,Sample_Order_7,RETURNING,1,HALF MEDIUM BOX,7.41,Zone 3,7000,Satellite HUB Karawaci,126300,slot-1,Credit Card,2,34
Sample_Driver_8,0812-XXXX-XXXX,kecamatan jatinegara,Customer_1248,cust@XXXX.com,2026-04-01,"Anonymized Street, Jabodetabek",0812-XXXX-XXXX,Sample_Order_2,RETURNING,1,PLASTIC,7.03,Zone 3,7000,Kembangan - JAKBAR,624450,slot-sameday,Credit Card,8,24
Sample_Driver_9,0812-XXXX-XXXX,cikarang selatan,Customer_1249,cust@XXXX.com,2026-04-01,"Anonymized Street, Jabodetabek",0812-XXXX-XXXX,Sample_Order_7,RETURNING,1,HALF MEDIUM BOX,7.41,Zone 3,7000,Satellite HUB Karawaci,126300,slot-13,Credit Card,2,34
3PLB-DRIVER-1,0812-XXXX-XXXX,kecamatan parung panjang,Customer_1250,cust@XXXX.com,2026-04-01,"Anonymized Street, Jabodetabek",0812-XXXX-XXXX,Sample_Order_7,RETURNING,1,HALF MEDIUM BOX,7.41,Zone 3,7000,Satellite HUB Karawaci,126300,slot-sameday,Credit Card,2,34
3PLA-DRIVER-1,0812-XXXX-XXXX,kecamatan setiabudi,Customer_1251,cust@XXXX.com,2026-04-01,"Anonymized Street, Jabodetabek",0812-XXXX-XXXX,Sample_Order_3,RETURNING,1,PLASTIC,6.8,Zone 3,7000,Kembangan - JAKBAR,151710,slot-1,ShopeePay,4,197
Sample_Driver_8,0812-XXXX-XXXX,kecamatan pinang,Customer_1252,cust@XXXX.com,2026-04-01,"Anonymized Street, Jabodetabek",0812-XXXX-XXXX,Sample_Order_5,,1,,8.03,Zone 3,7000,Kramat - JAKPUS,273600,slot-2,Cash on Delivery,5,276
3PLA-DRIVER-2,0812-XXXX-XXXX,kecamatan pademangan,Customer_1253,cust@XXXX.com,2026-04-01,"Anonymized Street, Jabodetabek",0812-XXXX-XXXX,Sample_Order_5,,1,,8.03,Zone 3,7000,Kramat - JAKPUS,273600,slot-0,Cash on Delivery,5,276
3PLC-DRIVER-1,0812-XXXX-XXXX,kecamatan setiabudi,Customer_1254,cust@XXXX.com,2026-04-01,"Anonymized Street, Jabodetabek",0812-XXXX-XXXX,Sample_Order_0,RETURNING,1,PLASTIC,5.54,Zone 2,6500,Kramat - JAKPUS,227370,slot-sameday03,Cash on Delivery,5,242
3PLB-DRIVER-1,0812-XXXX-XXXX,kecamatan jagakarsa,Customer_1255,cust@XXXX.com,2026-04-01,"Anonymized Street, Jabodetabek",0812-XXXX-XXXX,Sample_Order_2,RETURNING,1,PLASTIC,7.03,Zone 3,7000,Kembangan - JAKBAR,624450,slot-1bb,Credit Card,8,24
Sample_Driver_8,0812-XXXX-XXXX,kecamatan pinang,Customer_1256,cust@XXXX.com,2026-04-01,"Anonymized Street, Jabodetabek",0812-XXXX-XXXX,Sample_Order_4,RETURNING,1,PLASTIC,4.79,Zone 2,6500,Kramat - JAKPUS,162800,slot-sameday,MANDIRI VA Transferpay!,4,99
3PLC-DRIVER-2,0812-XXXX-XXXX,kecamatan setiabudi,Customer_1257,cust@XXXX.com,2026-04-01,"Anonymized Street, Jabodetabek",0812-XXXX-XXXX,Sample_Order_1,RETURNING,1,HALF MEDIUM BOX,11.13,Zone 4,11000,Bintaro - TANGSEL,116100,slot-sameday03,OVO Wallet,2,85
3PLC-DRIVER-2,0812-XXXX-XXXX,kecamatan pinang,Customer_1258,cust@XXXX.com,2026-04-01,"Anonymized Street, Jabodetabek",0812-XXXX-XXXX,Sample_Order_7,RETURNING,1,HALF MEDIUM BOX,7.41,Zone 3,7000,Satellite HUB Karawaci,126300,slot-0,Credit Card,2,34
3PLC-DRIVER-1,0812-XXXX-XXXX,kecamatan pinang,Customer_1259,cust@XXXX.com,2026-04-01,"Anonymized Street, Jabodetabek",0812-XXXX-XXXX,Sample_Order_8,RETURNING,1,HALF MEDIUM BOX,3.65,Zone 2,6500,Beji - Depok,78200,slot-sameday,GO-PAY Wallet,2,111
3PLC-DRIVER-1,0812-XXXX-XXXX,sepatan,Customer_1260,cust@XXXX.com,2026-04-01,"Anonymized Street, Jabodetabek",0812-XXXX-XXXX,Sample_Order_0,RETURNING,1,PLASTIC,5.54,Zone 2,6500,Kramat - JAKPUS,227370,slot-13,Cash on Delivery,5,242
3PLA-DRIVER-1,0812-XXXX-XXXX,kecamatan setiabudi,Customer_1261,cust@XXXX.com,2026-04-01,"Anonymized Street, Jabodetabek",0812-XXXX-XXXX,Sample_Order_2,RETURNING,1,PLASTIC,7.03,Zone 3,7000,Kembangan - JAKBAR,624450,slot-2,Credit Card,8,24
3PLA-DRIVER-2,0812-XXXX-XXXX,sepatan,Customer_1262,cust@XXXX.com,2026-04-01,"Anonymized Street, Jabodetabek",0812-XXXX-XXXX,Sample_Order_2,RETURNING,1,PLASTIC,7.03,Zone 3,7000,Kembangan - JAKBAR,624450,slot-sameday03,Credit Card,8,24
3PLC-DRIVER-2,0812-XXXX-XXXX,kecamatan pademangan,Customer_1263,cust@XXXX.com,2026-04-01,"Anonymized Street, Jabodetabek",0812-XXXX-XXXX,Sample_Order_3,RETURNING,1,PLASTIC,6.8,Zone 3,7000,Kembangan - JAKBAR,151710,slot-2,ShopeePay,4,197
Sample_Driver_9,0812-XXXX-XXXX,sepatan,Customer_1264,cust@XXXX.com,2026-04-01,"Anonymized Street, Jabodetabek",0812-XXXX-XXXX,Sample_Order_6,NEW,1,MEDIUM BOX,9.05,Zone 4,11000,Cibitung - KAB BEKASI,169800,slot-sameday03,Cash on Delivery,5,33
3PLB-DRIVER-1,0812-XXXX-XXXX,kecamatan jatinegara,Customer_1265,cust@XXXX.com,2026-04-01,"Anonymized Street, Jabodetabek",0812-XXXX-XXXX,Sample_Order_5,,1,,8.03,Zone 3,7000,Kramat - JAKPUS,273600,slot-sameday,Cash on Delivery,5,276
3PLA-DRIVER-2,0812-XXXX-XXXX,kecamatan penjaringan,Customer_1266,cust@XXXX.com,2026-04-01,"Anonymized Street, Jabodetabek",0812-XXXX-XXXX,Sample_Order_9,RETURNING,1,HALF MEDIUM BOX,6.9,Zone 3,7000,Kramat - JAKPUS,126900,slot-sameday,Credit Card,4,90
3PLC-DRIVER-2,0812-XXXX-XXXX,kecamatan parung panjang,Customer_1267,cust@XXXX.com,2026-04-01,"Anonymized Street, Jabodetabek",0812-XXXX-XXXX,Sample_Order_2,RETURNING,1,PLASTIC,7.03,Zone 3,7000,Kembangan - JAKBAR,624450,slot-2,Credit Card,8,24
3PLB-DRIVER-3,0812-XXXX-XXXX,kecamatan jatinegara,Customer_1268,cust@XXXX.com,2026-04-01,"Anonymized Street, Jabodetabek",0812-XXXX-XXXX,Sample_Order_4,RETURNING,1,PLASTIC,4.79,Zone 2,6500,Kramat - JAKPUS,162800,slot-0bb,MANDIRI VA Transferpay!,4,99
3PLC-DRIVER-1,0812-XXXX-XXXX,sepatan,Customer_1269,cust@XXXX.com,2026-04-01,"Anonymized Street, Jabodetabek",0812-XXXX-XXXX,Sample_Order_2,RETURNING,1,PLASTIC,7.03,Zone 3,7000,Kembangan - JAKBAR,624450,slot-0bb,Credit Card,8,24
3PLA-DRIVER-2,0812-XXXX-XXXX,kecamatan setiabudi,Customer_1270,cust@XXXX.com,2026-04-01,"Anonymized Street, Jabodetabek",0812-XXXX-XXXX,Sample_Order_1,RETURNING,1,HALF MEDIUM BOX,11.13,Zone 4,11000,Bintaro - TANGSEL,116100,slot-sameday,OVO Wallet,2,85
3PLB-DRIVER-3,0812-XXXX-XXXX,kecamatan jatinegara,Customer_1271,cust@XXXX.com,2026-04-01,"Anonymized Street, Jabodetabek",0812-XXXX-XXXX,Sample_Order_0,RETURNING,1,PLASTIC,5.54,Zone 2,6500,Kramat - JAKPUS,227370,slot-sameday,Cash on Delivery,5,242
Sample_Driver_9,0812-XXXX-XXXX,kecamatan parung panjang,Customer_1272,cust@XXXX.com,2026-04-01,"Anonymized Street, Jabodetabek",0812-XXXX-XXXX,Sample_Order_7,RETURNING,1,HALF MEDIUM BOX,7.41,Zone 3,7000,Satellite HUB Karawaci,126300,slot-0bb,Credit Card,2,34
3PLB-DRIVER-1,0812-XXXX-XXXX,kecamatan pinang,Customer_1273,cust@XXXX.com,2026-04-01,"Anonymized Street, Jabodetabek",0812-XXXX-XXXX,Sample_Order_3,RETURNING,1,PLASTIC,6.8,Zone 3,7000,Kembangan - JAKBAR,151710,slot-1bb,ShopeePay,4,197
3PLC-DRIVER-2,0812-XXXX-XXXX,kecamatan penjaringan,Customer_1274,cust@XXXX.com,2026-04-01,"Anonymized Street, Jabodetabek",0812-XXXX-XXXX,Sample_Order_0,RETURNING,1,PLASTIC,5.54,Zone 2,6500,Kramat - JAKPUS,227370,slot-sameday03,Cash on Delivery,5,242
3PLA-DRIVER-1,0812-XXXX-XXXX,cikarang selatan,Customer_1275,cust@XXXX.com,2026-04-01,"Anonymized Street, Jabodetabek",0812-XXXX-XXXX,Sample_Order_3,RETURNING,1,PLASTIC,6.8,Zone 3,7000,Kembangan - JAKBAR,151710,slot-sameday,ShopeePay,4,197
3PLC-DRIVER-2,0812-XXXX-XXXX,kecamatan grogol petamburan,Customer_1276,cust@XXXX.com,2026-04-01,"Anonymized Street, Jabodetabek",0812-XXXX-XXXX,Sample_Order_3,RETURNING,1,PLASTIC,6.8,Zone 3,7000,Kembangan - JAKBAR,151710,slot-sameday03,ShopeePay,4,197
3PLB-DRIVER-2,0812-XXXX-XXXX,kecamatan setiabudi,Customer_1277,cust@XXXX.com,2026-04-01,"Anonymized Street, Jabodetabek",0812-XXXX-XXXX,Sample_Order_3,RETURNING,1,PLASTIC,6.8,Zone 3,7000,Kembangan - JAKBAR,151710,slot-1,ShopeePay,4,197
Sample_Driver_9,0812-XXXX-XXXX,kecamatan pademangan,Customer_1278,cust@XXXX.com,2026-04-01,"Anonymized Street, Jabodetabek",0812-XXXX-XXXX,Sample_Order_4,RETURNING,1,PLASTIC,4.79,Zone 2,6500,Kramat - JAKPUS,162800,slot-2,MANDIRI VA Transferpay!,4,99
3PLA-DRIVER-1,0812-XXXX-XXXX,kecamatan jatinegara,Customer_1279,cust@XXXX.com,2026-04-01,"Anonymized Street, Jabodetabek",0812-XXXX-XXXX,Sample_Order_4,RETURNING,1,PLASTIC,4.79,Zone 2,6500,Kramat - JAKPUS,162800,slot-13,MANDIRI VA Transferpay!,4,99
3PLB-DRIVER-1,0812-XXXX-XXXX,kecamatan jatinegara,Customer_1280,cust@XXXX.com,2026-04-01,"Anonymized Street, Jabodetabek",0812-XXXX-XXXX,Sample_Order_4,RETURNING,1,PLASTIC,4.79,Zone 2,6500,Kramat - JAKPUS,162800,slot-0,MANDIRI VA Transferpay!,4,99
3PLB-DRIVER-1,0812-XXXX-XXXX,sepatan,Customer_1281,cust@XXXX.com,2026-04-01,"Anonymized Street, Jabodetabek",0812-XXXX-XXXX,Sample_Order_7,RETURNING,1,HALF MEDIUM BOX,7.41,Zone 3,7000,Satellite HUB Karawaci,126300,slot-sameday,Credit Card,2,34
Sample_Driver_8,0812-XXXX-XXXX,kecamatan jagakarsa,Customer_1282,cust@XXXX.com,2026-04-01,"Anonymized Street, Jabodetabek",0812-XXXX-XXXX,Sample_Order_6,NEW,1,MEDIUM BOX,9.05,Zone 4,11000,Cibitung - KAB BEKASI,169800,slot-sameday03,Cash on Delivery,5,33
3PLA-DRIVER-1,0812-XXXX-XXXX,sepatan,Customer_1283,cust@XXXX.com,2026-04-01,"Anonymized Street, Jabodetabek",0812-XXXX-XXXX,Sample_Order_4,RETURNING,1,PLASTIC,4.79,Zone 2,6500,Kramat - JAKPUS,162800,slot-0bb,MANDIRI VA Transferpay!,4,99
3PLC-DRIVER-2,0812-XXXX-XXXX,kecamatan penjaringan,Customer_1284,cust@XXXX.com,2026-04-01,"Anonymized Street, Jabodetabek",0812-XXXX-XXXX,Sample_Order_4,RETURNING,1,PLASTIC,4.79,Zone 2,6500,Kramat - JAKPUS,162800,slot-0bb,MANDIRI VA Transferpay!,4,99
Sample_Driver_8,0812-XXXX-XXXX,kecamatan penjaringan,Customer_1285,cust@XXXX.com,2026-04-01,"Anonymized Street, Jabodetabek",0812-XXXX-XXXX,Sample_Order_8,RETURNING,1,HALF MEDIUM BOX,3.65,Zone 2,6500,Beji - Depok,78200,slot-1,GO-PAY Wallet,2,111
3PLA-DRIVER-1,0812-XXXX-XXXX,kecamatan pademangan,Customer_1286,cust@XXXX.com,2026-04-01,"Anonymized Street, Jabodetabek",0812-XXXX-XXXX,Sample_Order_2,RETURNING,1,PLASTIC,7.03,Zone 3,7000,Kembangan - JAKBAR,624450,slot-1,Credit Card,8,24
3PLA-DRIVER-1,0812-XXXX-XXXX,kecamatan setiabudi,Customer_1287,cust@XXXX.com,2026-04-01,"Anonymized Street, Jabodetabek",0812-XXXX-XXXX,Sample_Order_5,,1,,8.03,Zone 3,7000,Kramat - JAKPUS,273600,slot-1bb,Cash on Delivery,5,276
3PLC-DRIVER-2,0812-XXXX-XXXX,kecamatan jatinegara,Customer_1288,cust@XXXX.com,2026-04-01,"Anonymized Street, Jabodetabek",0812-XXXX-XXXX,Sample_Order_1,RETURNING,1,HALF MEDIUM BOX,11.13,Zone 4,11000,Bintaro - TANGSEL,116100,slot-0bb,OVO Wallet,2,85
3PLA-DRIVER-1,0812-XXXX-XXXX,kecamatan penjaringan,Customer_1289,cust@XXXX.com,2026-04-01,"Anonymized Street, Jabodetabek",0812-XXXX-XXXX,Sample_Order_4,RETURNING,1,PLASTIC,4.79,Zone 2,6500,Kramat - JAKPUS,162800,slot-sameday,MANDIRI VA Transferpay!,4,99
3PLB-DRIVER-2,0812-XXXX-XXXX,sepatan,Customer_1290,cust@XXXX.com,2026-04-01,"Anonymized Street, Jabodetabek",0812-XXXX-XXXX,Sample_Order_3,RETURNING,1,PLASTIC,6.8,Zone 3,7000,Kembangan - JAKBAR,151710,slot-0bb,ShopeePay,4,197
3PLB-DRIVER-2,0812-XXXX-XXXX,kecamatan pinang,Customer_1291,cust@XXXX.com,2026-04-01,"Anonymized Street, Jabodetabek",0812-XXXX-XXXX,Sample_Order_2,RETURNING,1,PLASTIC,7.03,Zone 3,7000,Kembangan - JAKBAR,624450,slot-2,Credit Card,8,24
3PLC-DRIVER-2,0812-XXXX-XXXX,sepatan,Customer_1292,cust@XXXX.com,2026-04-01,"Anonymized Street, Jabodetabek",0812-XXXX-XXXX,Sample_Order_2,RETURNING,1,PLASTIC,7.03,Zone 3,7000,Kembangan - JAKBAR,624450,slot-0,Credit Card,8,24
3PLC-DRIVER-2,0812-XXXX-XXXX,kecamatan jagakarsa,Customer_1293,cust@XXXX.com,2026-04-01,"Anonymized Street, Jabodetabek",0812-XXXX-XXXX,Sample_Order_9,RETURNING,1,HALF MEDIUM BOX,6.9,Zone 3,7000,Kramat - JAKPUS,126900,slot-0,Credit Card,4,90
3PLC-DRIVER-2,0812-XXXX-XXXX,kecamatan penjaringan,Customer_1294,cust@XXXX.com,2026-04-01,"Anonymized Street, Jabodetabek",0812-XXXX-XXXX,Sample_Order_8,RETURNING,1,HALF MEDIUM BOX,3.65,Zone 2,6500,Beji - Depok,78200,slot-1,GO-PAY Wallet,2,111
3PLA-DRIVER-1,0812-XXXX-XXXX,kecamatan penjaringan,Customer_1295,cust@XXXX.com,2026-04-01,"Anonymized Street, Jabodetabek",0812-XXXX-XXXX,Sample_Order_3,RETURNING,1,PLASTIC,6.8,Zone 3,7000,Kembangan - JAKBAR,151710,slot-1,ShopeePay,4,197
3PLA-DRIVER-2,0812-XXXX-XXXX,cikarang selatan,Customer_1296,cust@XXXX.com,2026-04-01,"Anonymized Street, Jabodetabek",0812-XXXX-XXXX,Sample_Order_0,RETURNING,1,PLASTIC,5.54,Zone 2,6500,Kramat - JAKPUS,227370,slot-1bb,Cash on Delivery,5,242
3PLB-DRIVER-2,0812-XXXX-XXXX,kecamatan setiabudi,Customer_1297,cust@XXXX.com,2026-04-01,"Anonymized Street, Jabodetabek",0812-XXXX-XXXX,Sample_Order_6,NEW,1,MEDIUM BOX,9.05,Zone 4,11000,Cibitung - KAB BEKASI,169800,slot-1bb,Cash on Delivery,5,33
Sample_Driver_8,0812-XXXX-XXXX,kecamatan pinang,Customer_1298,cust@XXXX.com,2026-04-01,"Anonymized Street, Jabodetabek",0812-XXXX-XXXX,Sample_Order_5,,1,,8.03,Zone 3,7000,Kramat - JAKPUS,273600,slot-13,Cash on Delivery,5,276
3PLB-DRIVER-2,0812-XXXX-XXXX,kecamatan grogol petamburan,Customer_1299,cust@XXXX.com,2026-04-01,"Anonymized Street, Jabodetabek",0812-XXXX-XXXX,Sample_Order_5,,1,,8.03,Zone 3,7000,Kramat - JAKPUS,273600,slot-0,Cash on Delivery,5,276
3PLB-DRIVER-2,0812-XXXX-XXXX,kecamatan pademangan,Customer_1300,cust@XXXX.com,2026-04-01,"Anonymized Street, Jabodetabek",0812-XXXX-XXXX,Sample_Order_8,RETURNING,1,HALF MEDIUM BOX,3.65,Zone 2,6500,Beji - Depok,78200,slot-sameday,GO-PAY Wallet,2,111
3PLA-DRIVER-2,0812-XXXX-XXXX,kecamatan grogol petamburan,Customer_1301,cust@XXXX.com,2026-04-01,"Anonymized Street, Jabodetabek",0812-XXXX-XXXX,Sample_Order_7,RETURNING,1,HALF MEDIUM BOX,7.41,Zone 3,7000,Satellite HUB Karawaci,126300,slot-sameday,Credit Card,2,34
3PLC-DRIVER-2,0812-XXXX-XXXX,kecamatan pinang,Customer_1302,cust@XXXX.com,2026-04-01,"Anonymized Street, Jabodetabek",0812-XXXX-XXXX,Sample_Order_3,RETURNING,1,PLASTIC,6.8,Zone 3,7000,Kembangan - JAKBAR,151710,slot-1bb,ShopeePay,4,197
Sample_Driver_8,0812-XXXX-XXXX,kecamatan penjaringan,Customer_1303,cust@XXXX.com,2026-04-01,"Anonymized Street, Jabodetabek",0812-XXXX-XXXX,Sample_Order_5,,1,,8.03,Zone 3,7000,Kramat - JAKPUS,273600,slot-1,Cash on Delivery,5,276
3PLB-DRIVER-3,0812-XXXX-XXXX,sepatan,Customer_1304,cust@XXXX.com,2026-04-01,"Anonymized Street, Jabodetabek",0812-XXXX-XXXX,Sample_Order_0,RETURNING,1,PLASTIC,5.54,Zone 2,6500,Kramat - JAKPUS,227370,slot-0,Cash on Delivery,5,242
3PLB-DRIVER-2,0812-XXXX-XXXX,cikarang selatan,Customer_1305,cust@XXXX.com,2026-04-01,"Anonymized Street, Jabodetabek",0812-XXXX-XXXX,Sample_Order_8,RETURNING,1,HALF MEDIUM BOX,3.65,Zone 2,6500,Beji - Depok,78200,slot-0bb,GO-PAY Wallet,2,111
3PLB-DRIVER-1,0812-XXXX-XXXX,kecamatan parung panjang,Customer_1306,cust@XXXX.com,2026-04-01,"Anonymized Street, Jabodetabek",0812-XXXX-XXXX,Sample_Order_9,RETURNING,1,HALF MEDIUM BOX,6.9,Zone 3,7000,Kramat - JAKPUS,126900,slot-13,Credit Card,4,90
3PLC-DRIVER-2,0812-XXXX-XXXX,kecamatan setiabudi,Customer_1307,cust@XXXX.com,2026-04-01,"Anonymized Street, Jabodetabek",0812-XXXX-XXXX,Sample_Order_8,RETURNING,1,HALF MEDIUM BOX,3.65,Zone 2,6500,Beji - Depok,78200,slot-1,GO-PAY Wallet,2,111
3PLB-DRIVER-1,0812-XXXX-XXXX,kecamatan parung panjang,Customer_1308,cust@XXXX.com,2026-04-01,"Anonymized Street, Jabodetabek",0812-XXXX-XXXX,Sample_Order_8,RETURNING,1,HALF MEDIUM BOX,3.65,Zone 2,6500,Beji - Depok,78200,slot-1,GO-PAY Wallet,2,111
Sample_Driver_8,0812-XXXX-XXXX,kecamatan jatinegara,Customer_1309,cust@XXXX.com,2026-04-01,"Anonymized Street, Jabodetabek",0812-XXXX-XXXX,Sample_Order_8,RETURNING,1,HALF MEDIUM BOX,3.65,Zone 2,6500,Beji - Depok,78200,slot-13,GO-PAY Wallet,2,111
3PLB-DRIVER-3,0812-XXXX-XXXX,kecamatan pinang,Customer_1310,cust@XXXX.com,2026-04-01,"Anonymized Street, Jabodetabek",0812-XXXX-XXXX,Sample_Order_7,RETURNING,1,HALF MEDIUM BOX,7.41,Zone 3,7000,Satellite HUB Karawaci,126300,slot-sameday,Credit Card,2,34
Sample_Driver_9,0812-XXXX-XXXX,kecamatan setiabudi,Customer_1311,cust@XXXX.com,2026-04-01,"Anonymized Street, Jabodetabek",0812-XXXX-XXXX,Sample_Order_8,RETURNING,1,HALF MEDIUM BOX,3.65,Zone 2,6500,Beji - Depok,78200,slot-13,GO-PAY Wallet,2,111
3PLB-DRIVER-1,0812-XXXX-XXXX,kecamatan pademangan,Customer_1312,cust@XXXX.com,2026-04-01,"Anonymized Street, Jabodetabek",0812-XXXX-XXXX,Sample_Order_0,RETURNING,1,PLASTIC,5.54,Zone 2,6500,Kramat - JAKPUS,227370,slot-sameday,Cash on Delivery,5,242
3PLC-DRIVER-1,0812-XXXX-XXXX,kecamatan pinang,Customer_1313,cust@XXXX.com,2026-04-01,"Anonymized Street, Jabodetabek",0812-XXXX-XXXX,Sample_Order_5,,1,,8.03,Zone 3,7000,Kramat - JAKPUS,273600,slot-1bb,Cash on Delivery,5,276
3PLC-DRIVER-1,0812-XXXX-XXXX,sepatan,Customer_1314,cust@XXXX.com,2026-04-01,"Anonymized Street, Jabodetabek",0812-XXXX-XXXX,Sample_Order_9,RETURNING,1,HALF MEDIUM BOX,6.9,Zone 3,7000,Kramat - JAKPUS,126900,slot-0bb,Credit Card,4,90
3PLB-DRIVER-1,0812-XXXX-XXXX,kecamatan jagakarsa,Customer_1315,cust@XXXX.com,2026-04-01,"Anonymized Street, Jabodetabek",0812-XXXX-XXXX,Sample_Order_2,RETURNING,1,PLASTIC,7.03,Zone 3,7000,Kembangan - JAKBAR,624450,slot-sameday,Credit Card,8,24
3PLA-DRIVER-1,0812-XXXX-XXXX,kecamatan jagakarsa,Customer_1316,cust@XXXX.com,2026-04-01,"Anonymized Street, Jabodetabek",0812-XXXX-XXXX,Sample_Order_7,RETURNING,1,HALF MEDIUM BOX,7.41,Zone 3,7000,Satellite HUB Karawaci,126300,slot-2,Credit Card,2,34
3PLC-DRIVER-2,0812-XXXX-XXXX,kecamatan grogol petamburan,Customer_1317,cust@XXXX.com,2026-04-01,"Anonymized Street, Jabodetabek",0812-XXXX-XXXX,Sample_Order_3,RETURNING,1,PLASTIC,6.8,Zone 3,7000,Kembangan - JAKBAR,151710,slot-13,ShopeePay,4,197
3PLC-DRIVER-1,0812-XXXX-XXXX,kecamatan setiabudi,Customer_1318,cust@XXXX.com,2026-04-01,"Anonymized Street, Jabodetabek",0812-XXXX-XXXX,Sample_Order_5,,1,,8.03,Zone 3,7000,Kramat - JAKPUS,273600,slot-0,Cash on Delivery,5,276
3PLC-DRIVER-2,0812-XXXX-XXXX,kecamatan pademangan,Customer_1319,cust@XXXX.com,2026-04-01,"Anonymized Street, Jabodetabek",0812-XXXX-XXXX,Sample_Order_2,RETURNING,1,PLASTIC,7.03,Zone 3,7000,Kembangan - JAKBAR,624450,slot-0,Credit Card,8,24
Sample_Driver_9,0812-XXXX-XXXX,kecamatan pinang,Customer_1320,cust@XXXX.com,2026-04-01,"Anonymized Street, Jabodetabek",0812-XXXX-XXXX,Sample_Order_1,RETURNING,1,HALF MEDIUM BOX,11.13,Zone 4,11000,Bintaro - TANGSEL,116100,slot-0,OVO Wallet,2,85
3PLB-DRIVER-2,0812-XXXX-XXXX,kecamatan jagakarsa,Customer_1321,cust@XXXX.com,2026-04-01,"Anonymized Street, Jabodetabek",0812-XXXX-XXXX,Sample_Order_3,RETURNING,1,PLASTIC,6.8,Zone 3,7000,Kembangan - JAKBAR,151710,slot-sameday,ShopeePay,4,197
3PLB-DRIVER-2,0812-XXXX-XXXX,kecamatan penjaringan,Customer_1322,cust@XXXX.com,2026-04-01,"Anonymized Street, Jabodetabek",0812-XXXX-XXXX,Sample_Order_7,RETURNING,1,HALF MEDIUM BOX,7.41,Zone 3,7000,Satellite HUB Karawaci,126300,slot-2,Credit Card,2,34
3PLB-DRIVER-3,0812-XXXX-XXXX,kecamatan pinang,Customer_1323,cust@XXXX.com,2026-04-01,"Anonymized Street, Jabodetabek",0812-XXXX-XXXX,Sample_Order_2,RETURNING,1,PLASTIC,7.03,Zone 3,7000,Kembangan - JAKBAR,624450,slot-sameday,Credit Card,8,24
3PLC-DRIVER-2,0812-XXXX-XXXX,cikarang selatan,Customer_1324,cust@XXXX.com,2026-04-01,"Anonymized Street, Jabodetabek",0812-XXXX-XXXX,Sample_Order_7,RETURNING,1,HALF MEDIUM BOX,7.41,Zone 3,7000,Satellite HUB Karawaci,126300,slot-0,Credit Card,2,34
3PLA-DRIVER-1,0812-XXXX-XXXX,kecamatan pademangan,Customer_1325,cust@XXXX.com,2026-04-01,"Anonymized Street, Jabodetabek",0812-XXXX-XXXX,Sample_Order_0,RETURNING,1,PLASTIC,5.54,Zone 2,6500,Kramat - JAKPUS,227370,slot-0,Cash on Delivery,5,242
Sample_Driver_8,0812-XXXX-XXXX,kecamatan parung panjang,Customer_1326,cust@XXXX.com,2026-04-01,"Anonymized Street, Jabodetabek",0812-XXXX-XXXX,Sample_Order_7,RETURNING,1,HALF MEDIUM BOX,7.41,Zone 3,7000,Satellite HUB Karawaci,126300,slot-2,Credit Card,2,34
Sample_Driver_9,0812-XXXX-XXXX,kecamatan grogol petamburan,Customer_1327,cust@XXXX.com,2026-04-01,"Anonymized Street, Jabodetabek",0812-XXXX-XXXX,Sample_Order_4,RETURNING,1,PLASTIC,4.79,Zone 2,6500,Kramat - JAKPUS,162800,slot-13,MANDIRI VA Transferpay!,4,99
Sample_Driver_9,0812-XXXX-XXXX,kecamatan pinang,Customer_1328,cust@XXXX.com,2026-04-01,"Anonymized Street, Jabodetabek",0812-XXXX-XXXX,Sample_Order_2,RETURNING,1,PLASTIC,7.03,Zone 3,7000,Kembangan - JAKBAR,624450,slot-0bb,Credit Card,8,24
Sample_Driver_8,0812-XXXX-XXXX,kecamatan setiabudi,Customer_1329,cust@XXXX.com,2026-04-01,"Anonymized Street, Jabodetabek",0812-XXXX-XXXX,Sample_Order_8,RETURNING,1,HALF MEDIUM BOX,3.65,Zone 2,6500,Beji - Depok,78200,slot-1,GO-PAY Wallet,2,111
Sample_Driver_8,0812-XXXX-XXXX,sepatan,Customer_1330,cust@XXXX.com,2026-04-01,"Anonymized Street, Jabodetabek",0812-XXXX-XXXX,Sample_Order_0,RETURNING,1,PLASTIC,5.54,Zone 2,6500,Kramat - JAKPUS,227370,slot-1bb,Cash on Delivery,5,242
3PLB-DRIVER-3,0812-XXXX-XXXX,sepatan,Customer_1331,cust@XXXX.com,2026-04-01,"Anonymized Street, Jabodetabek",0812-XXXX-XXXX,Sample_Order_6,NEW,1,MEDIUM BOX,9.05,Zone 4,11000,Cibitung - KAB BEKASI,169800,slot-1bb,Cash on Delivery,5,33
3PLB-DRIVER-1,0812-XXXX-XXXX,kecamatan pinang,Customer_1332,cust@XXXX.com,2026-04-01,"Anonymized Street, Jabodetabek",0812-XXXX-XXXX,Sample_Order_7,RETURNING,1,HALF MEDIUM BOX,7.41,Zone 3,7000,Satellite HUB Karawaci,126300,slot-1,Credit Card,2,34
3PLA-DRIVER-2,0812-XXXX-XXXX,kecamatan jagakarsa,Customer_1333,cust@XXXX.com,2026-04-01,"Anonymized Street, Jabodetabek",0812-XXXX-XXXX,Sample_Order_1,RETURNING,1,HALF MEDIUM BOX,11.13,Zone 4,11000,Bintaro - TANGSEL,116100,slot-1bb,OVO Wallet,2,85
3PLB-DRIVER-3,0812-XXXX-XXXX,kecamatan parung panjang,Customer_1334,cust@XXXX.com,2026-04-01,"Anonymized Street, Jabodetabek",0812-XXXX-XXXX,Sample_Order_5,,1,,8.03,Zone 3,7000,Kramat - JAKPUS,273600,slot-13,Cash on Delivery,5,276
3PLA-DRIVER-2,0812-XXXX-XXXX,kecamatan parung panjang,Customer_1335,cust@XXXX.com,2026-04-01,"Anonymized Street, Jabodetabek",0812-XXXX-XXXX,Sample_Order_4,RETURNING,1,PLASTIC,4.79,Zone 2,6500,Kramat - JAKPUS,162800,slot-sameday,MANDIRI VA Transferpay!,4,99
Sample_Driver_9,0812-XXXX-XXXX,kecamatan grogol petamburan,Customer_1336,cust@XXXX.com,2026-04-01,"Anonymized Street, Jabodetabek",0812-XXXX-XXXX,Sample_Order_9,RETURNING,1,HALF MEDIUM BOX,6.9,Zone 3,7000,Kramat - JAKPUS,126900,slot-13,Credit Card,4,90
3PLA-DRIVER-1,0812-XXXX-XXXX,sepatan,Customer_1337,cust@XXXX.com,2026-04-01,"Anonymized Street, Jabodetabek",0812-XXXX-XXXX,Sample_Order_5,,1,,8.03,Zone 3,7000,Kramat - JAKPUS,273600,slot-2,Cash on Delivery,5,276
3PLB-DRIVER-2,0812-XXXX-XXXX,kecamatan grogol petamburan,Customer_1338,cust@XXXX.com,2026-04-01,"Anonymized Street, Jabodetabek",0812-XXXX-XXXX,Sample_Order_8,RETURNING,1,HALF MEDIUM BOX,3.65,Zone 2,6500,Beji - Depok,78200,slot-2,GO-PAY Wallet,2,111
3PLC-DRIVER-2,0812-XXXX-XXXX,kecamatan pademangan,Customer_1339,cust@XXXX.com,2026-04-01,"Anonymized Street, Jabodetabek",0812-XXXX-XXXX,Sample_Order_0,RETURNING,1,PLASTIC,5.54,Zone 2,6500,Kramat - JAKPUS,227370,slot-1,Cash on Delivery,5,242
3PLA-DRIVER-1,0812-XXXX-XXXX,kecamatan pademangan,Customer_1340,cust@XXXX.com,2026-04-01,"Anonymized Street, Jabodetabek",0812-XXXX-XXXX,Sample_Order_8,RETURNING,1,HALF MEDIUM BOX,3.65,Zone 2,6500,Beji - Depok,78200,slot-sameday03,GO-PAY Wallet,2,111
3PLA-DRIVER-2,0812-XXXX-XXXX,kecamatan grogol petamburan,Customer_1341,cust@XXXX.com,2026-04-01,"Anonymized Street, Jabodetabek",0812-XXXX-XXXX,Sample_Order_7,RETURNING,1,HALF MEDIUM BOX,7.41,Zone 3,7000,Satellite HUB Karawaci,126300,slot-1bb,Credit Card,2,34
3PLB-DRIVER-3,0812-XXXX-XXXX,kecamatan parung panjang,Customer_1342,cust@XXXX.com,2026-04-01,"Anonymized Street, Jabodetabek",0812-XXXX-XXXX,Sample_Order_4,RETURNING,1,PLASTIC,4.79,Zone 2,6500,Kramat - JAKPUS,162800,slot-0,MANDIRI VA Transferpay!,4,99
3PLB-DRIVER-1,0812-XXXX-XXXX,kecamatan jatinegara,Customer_1343,cust@XXXX.com,2026-04-01,"Anonymized Street, Jabodetabek",0812-XXXX-XXXX,Sample_Order_0,RETURNING,1,PLASTIC,5.54,Zone 2,6500,Kramat - JAKPUS,227370,slot-2,Cash on Delivery,5,242
3PLB-DRIVER-1,0812-XXXX-XXXX,kecamatan pinang,Customer_1344,cust@XXXX.com,2026-04-01,"Anonymized Street, Jabodetabek",0812-XXXX-XXXX,Sample_Order_7,RETURNING,1,HALF MEDIUM BOX,7.41,Zone 3,7000,Satellite HUB Karawaci,126300,slot-0bb,Credit Card,2,34
3PLB-DRIVER-3,0812-XXXX-XXXX,kecamatan parung panjang,Customer_1345,cust@XXXX.com,2026-04-01,"Anonymized Street, Jabodetabek",0812-XXXX-XXXX,Sample_Order_8,RETURNING,1,HALF MEDIUM BOX,3.65,Zone 2,6500,Beji - Depok,78200,slot-13,GO-PAY Wallet,2,111
3PLA-DRIVER-2,0812-XXXX-XXXX,kecamatan setiabudi,Customer_1346,cust@XXXX.com,2026-04-01,"Anonymized Street, Jabodetabek",0812-XXXX-XXXX,Sample_Order_9,RETURNING,1,HALF MEDIUM BOX,6.9,Zone 3,7000,Kramat - JAKPUS,126900,slot-13,Credit Card,4,90
Sample_Driver_8,0812-XXXX-XXXX,kecamatan jagakarsa,Customer_1347,cust@XXXX.com,2026-04-01,"Anonymized Street, Jabodetabek",0812-XXXX-XXXX,Sample_Order_8,RETURNING,1,HALF MEDIUM BOX,3.65,Zone 2,6500,Beji - Depok,78200,slot-sameday,GO-PAY Wallet,2,111
3PLC-DRIVER-1,0812-XXXX-XXXX,kecamatan parung panjang,Customer_1348,cust@XXXX.com,2026-04-01,"Anonymized Street, Jabodetabek",0812-XXXX-XXXX,Sample_Order_3,RETURNING,1,PLASTIC,6.8,Zone 3,7000,Kembangan - JAKBAR,151710,slot-1bb,ShopeePay,4,197
3PLA-DRIVER-1,0812-XXXX-XXXX,kecamatan pinang,Customer_1349,cust@XXXX.com,2026-04-01,"Anonymized Street, Jabodetabek",0812-XXXX-XXXX,Sample_Order_4,RETURNING,1,PLASTIC,4.79,Zone 2,6500,Kramat - JAKPUS,162800,slot-sameday03,MANDIRI VA Transferpay!,4,99
3PLA-DRIVER-2,0812-XXXX-XXXX,kecamatan setiabudi,Customer_1350,cust@XXXX.com,2026-04-01,"Anonymized Street, Jabodetabek",0812-XXXX-XXXX,Sample_Order_1,RETURNING,1,HALF MEDIUM BOX,11.13,Zone 4,11000,Bintaro - TANGSEL,116100,slot-0bb,OVO Wallet,2,85
3PLB-DRIVER-2,0812-XXXX-XXXX,kecamatan pinang,Customer_1351,cust@XXXX.com,2026-04-01,"Anonymized Street, Jabodetabek",0812-XXXX-XXXX,Sample_Order_0,RETURNING,1,PLASTIC,5.54,Zone 2,6500,Kramat - JAKPUS,227370,slot-2,Cash on Delivery,5,242
3PLB-DRIVER-1,0812-XXXX-XXXX,kecamatan jagakarsa,Customer_1352,cust@XXXX.com,2026-04-01,"Anonymized Street, Jabodetabek",0812-XXXX-XXXX,Sample_Order_4,RETURNING,1,PLASTIC,4.79,Zone 2,6500,Kramat - JAKPUS,162800,slot-13,MANDIRI VA Transferpay!,4,99
3PLB-DRIVER-2,0812-XXXX-XXXX,kecamatan parung panjang,Customer_1353,cust@XXXX.com,2026-04-01,"Anonymized Street, Jabodetabek",0812-XXXX-XXXX,Sample_Order_7,RETURNING,1,HALF MEDIUM BOX,7.41,Zone 3,7000,Satellite HUB Karawaci,126300,slot-13,Credit Card,2,34
3PLB-DRIVER-2,0812-XXXX-XXXX,kecamatan jatinegara,Customer_1354,cust@XXXX.com,2026-04-01,"Anonymized Street, Jabodetabek",0812-XXXX-XXXX,Sample_Order_4,RETURNING,1,PLASTIC,4.79,Zone 2,6500,Kramat - JAKPUS,162800,slot-1bb,MANDIRI VA Transferpay!,4,99
3PLA-DRIVER-2,0812-XXXX-XXXX,kecamatan pinang,Customer_1355,cust@XXXX.com,2026-04-01,"Anonymized Street, Jabodetabek",0812-XXXX-XXXX,Sample_Order_4,RETURNING,1,PLASTIC,4.79,Zone 2,6500,Kramat - JAKPUS,162800,slot-2,MANDIRI VA Transferpay!,4,99
3PLA-DRIVER-2,0812-XXXX-XXXX,kecamatan jagakarsa,Customer_1356,cust@XXXX.com,2026-04-01,"Anonymized Street, Jabodetabek",0812-XXXX-XXXX,Sample_Order_5,,1,,8.03,Zone 3,7000,Kramat - JAKPUS,273600,slot-13,Cash on Delivery,5,276
3PLB-DRIVER-3,0812-XXXX-XXXX,kecamatan pinang,Customer_1357,cust@XXXX.com,2026-04-01,"Anonymized Street, Jabodetabek",0812-XXXX-XXXX,Sample_Order_6,NEW,1,MEDIUM BOX,9.05,Zone 4,11000,Cibitung - KAB BEKASI,169800,slot-0,Cash on Delivery,5,33
3PLC-DRIVER-2,0812-XXXX-XXXX,kecamatan jatinegara,Customer_1358,cust@XXXX.com,2026-04-01,"Anonymized Street, Jabodetabek",0812-XXXX-XXXX,Sample_Order_4,RETURNING,1,PLASTIC,4.79,Zone 2,6500,Kramat - JAKPUS,162800,slot-sameday03,MANDIRI VA Transferpay!,4,99
Sample_Driver_9,0812-XXXX-XXXX,kecamatan pademangan,Customer_1359,cust@XXXX.com,2026-04-01,"Anonymized Street, Jabodetabek",0812-XXXX-XXXX,Sample_Order_5,,1,,8.03,Zone 3,7000,Kramat - JAKPUS,273600,slot-13,Cash on Delivery,5,276
3PLB-DRIVER-2,0812-XXXX-XXXX,kecamatan jatinegara,Customer_1360,cust@XXXX.com,2026-04-01,"Anonymized Street, Jabodetabek",0812-XXXX-XXXX,Sample_Order_6,NEW,1,MEDIUM BOX,9.05,Zone 4,11000,Cibitung - KAB BEKASI,169800,slot-0bb,Cash on Delivery,5,33
3PLB-DRIVER-1,0812-XXXX-XXXX,kecamatan setiabudi,Customer_1361,cust@XXXX.com,2026-04-01,"Anonymized Street, Jabodetabek",0812-XXXX-XXXX,Sample_Order_2,RETURNING,1,PLASTIC,7.03,Zone 3,7000,Kembangan - JAKBAR,624450,slot-1,Credit Card,8,24
3PLB-DRIVER-2,0812-XXXX-XXXX,sepatan,Customer_1362,cust@XXXX.com,2026-04-01,"Anonymized Street, Jabodetabek",0812-XXXX-XXXX,Sample_Order_4,RETURNING,1,PLASTIC,4.79,Zone 2,6500,Kramat - JAKPUS,162800,slot-1,MANDIRI VA Transferpay!,4,99
3PLB-DRIVER-3,0812-XXXX-XXXX,kecamatan penjaringan,Customer_1363,cust@XXXX.com,2026-04-01,"Anonymized Street, Jabodetabek",0812-XXXX-XXXX,Sample_Order_2,RETURNING,1,PLASTIC,7.03,Zone 3,7000,Kembangan - JAKBAR,624450,slot-1bb,Credit Card,8,24
3PLC-DRIVER-2,0812-XXXX-XXXX,kecamatan grogol petamburan,Customer_1364,cust@XXXX.com,2026-04-01,"Anonymized Street, Jabodetabek",0812-XXXX-XXXX,Sample_Order_7,RETURNING,1,HALF MEDIUM BOX,7.41,Zone 3,7000,Satellite HUB Karawaci,126300,slot-0,Credit Card,2,34
Sample_Driver_9,0812-XXXX-XXXX,kecamatan jatinegara,Customer_1365,cust@XXXX.com,2026-04-01,"Anonymized Street, Jabodetabek",0812-XXXX-XXXX,Sample_Order_5,,1,,8.03,Zone 3,7000,Kramat - JAKPUS,273600,slot-1,Cash on Delivery,5,276
3PLA-DRIVER-1,0812-XXXX-XXXX,kecamatan pinang,Customer_1366,cust@XXXX.com,2026-04-01,"Anonymized Street, Jabodetabek",0812-XXXX-XXXX,Sample_Order_1,RETURNING,1,HALF MEDIUM BOX,11.13,Zone 4,11000,Bintaro - TANGSEL,116100,slot-2,OVO Wallet,2,85
3PLA-DRIVER-1,0812-XXXX-XXXX,kecamatan parung panjang,Customer_1367,cust@XXXX.com,2026-04-01,"Anonymized Street, Jabodetabek",0812-XXXX-XXXX,Sample_Order_6,NEW,1,MEDIUM BOX,9.05,Zone 4,11000,Cibitung - KAB BEKASI,169800,slot-sameday,Cash on Delivery,5,33
Sample_Driver_9,0812-XXXX-XXXX,kecamatan parung panjang,Customer_1368,cust@XXXX.com,2026-04-01,"Anonymized Street, Jabodetabek",0812-XXXX-XXXX,Sample_Order_2,RETURNING,1,PLASTIC,7.03,Zone 3,7000,Kembangan - JAKBAR,624450,slot-1,Credit Card,8,24
3PLC-DRIVER-1,0812-XXXX-XXXX,kecamatan jatinegara,Customer_1369,cust@XXXX.com,2026-04-01,"Anonymized Street, Jabodetabek",0812-XXXX-XXXX,Sample_Order_7,RETURNING,1,HALF MEDIUM BOX,7.41,Zone 3,7000,Satellite HUB Karawaci,126300,slot-sameday,Credit Card,2,34
Sample_Driver_9,0812-XXXX-XXXX,kecamatan jatinegara,Customer_1370,cust@XXXX.com,2026-04-01,"Anonymized Street, Jabodetabek",0812-XXXX-XXXX,Sample_Order_8,RETURNING,1,HALF MEDIUM BOX,3.65,Zone 2,6500,Beji - Depok,78200,slot-1bb,GO-PAY Wallet,2,111
3PLA-DRIVER-2,0812-XXXX-XXXX,kecamatan setiabudi,Customer_1371,cust@XXXX.com,2026-04-01,"Anonymized Street, Jabodetabek",0812-XXXX-XXXX,Sample_Order_8,RETURNING,1,HALF MEDIUM BOX,3.65,Zone 2,6500,Beji - Depok,78200,slot-0,GO-PAY Wallet,2,111
3PLA-DRIVER-2,0812-XXXX-XXXX,kecamatan jatinegara,Customer_1372,cust@XXXX.com,2026-04-01,"Anonymized Street, Jabodetabek",0812-XXXX-XXXX,Sample_Order_6,NEW,1,MEDIUM BOX,9.05,Zone 4,11000,Cibitung - KAB BEKASI,169800,slot-1bb,Cash on Delivery,5,33
3PLC-DRIVER-2,0812-XXXX-XXXX,kecamatan pademangan,Customer_1373,cust@XXXX.com,2026-04-01,"Anonymized Street, Jabodetabek",0812-XXXX-XXXX,Sample_Order_3,RETURNING,1,PLASTIC,6.8,Zone 3,7000,Kembangan - JAKBAR,151710,slot-2,ShopeePay,4,197
3PLB-DRIVER-3,0812-XXXX-XXXX,kecamatan jagakarsa,Customer_1374,cust@XXXX.com,2026-04-01,"Anonymized Street, Jabodetabek",0812-XXXX-XXXX,Sample_Order_2,RETURNING,1,PLASTIC,7.03,Zone 3,7000,Kembangan - JAKBAR,624450,slot-1bb,Credit Card,8,24
3PLA-DRIVER-1,0812-XXXX-XXXX,kecamatan grogol petamburan,Customer_1375,cust@XXXX.com,2026-04-01,"Anonymized Street, Jabodetabek",0812-XXXX-XXXX,Sample_Order_6,NEW,1,MEDIUM BOX,9.05,Zone 4,11000,Cibitung - KAB BEKASI,169800,slot-13,Cash on Delivery,5,33
3PLC-DRIVER-2,0812-XXXX-XXXX,kecamatan jagakarsa,Customer_1376,cust@XXXX.com,2026-04-01,"Anonymized Street, Jabodetabek",0812-XXXX-XXXX,Sample_Order_0,RETURNING,1,PLASTIC,5.54,Zone 2,6500,Kramat - JAKPUS,227370,slot-2,Cash on Delivery,5,242
3PLB-DRIVER-2,0812-XXXX-XXXX,kecamatan setiabudi,Customer_1377,cust@XXXX.com,2026-04-01,"Anonymized Street, Jabodetabek",0812-XXXX-XXXX,Sample_Order_7,RETURNING,1,HALF MEDIUM BOX,7.41,Zone 3,7000,Satellite HUB Karawaci,126300,slot-0bb,Credit Card,2,34
3PLB-DRIVER-3,0812-XXXX-XXXX,kecamatan pinang,Customer_1378,cust@XXXX.com,2026-04-01,"Anonymized Street, Jabodetabek",0812-XXXX-XXXX,Sample_Order_7,RETURNING,1,HALF MEDIUM BOX,7.41,Zone 3,7000,Satellite HUB Karawaci,126300,slot-2,Credit Card,2,34
3PLB-DRIVER-2,0812-XXXX-XXXX,kecamatan pinang,Customer_1379,cust@XXXX.com,2026-04-01,"Anonymized Street, Jabodetabek",0812-XXXX-XXXX,Sample_Order_8,RETURNING,1,HALF MEDIUM BOX,3.65,Zone 2,6500,Beji - Depok,78200,slot-sameday,GO-PAY Wallet,2,111
3PLB-DRIVER-1,0812-XXXX-XXXX,kecamatan grogol petamburan,Customer_1380,cust@XXXX.com,2026-04-01,"Anonymized Street, Jabodetabek",0812-XXXX-XXXX,Sample_Order_1,RETURNING,1,HALF MEDIUM BOX,11.13,Zone 4,11000,Bintaro - TANGSEL,116100,slot-1,OVO Wallet,2,85
3PLB-DRIVER-2,0812-XXXX-XXXX,kecamatan jagakarsa,Customer_1381,cust@XXXX.com,2026-04-01,"Anonymized Street, Jabodetabek",0812-XXXX-XXXX,Sample_Order_9,RETURNING,1,HALF MEDIUM BOX,6.9,Zone 3,7000,Kramat - JAKPUS,126900,slot-1bb,Credit Card,4,90
3PLA-DRIVER-1,0812-XXXX-XXXX,kecamatan jatinegara,Customer_1382,cust@XXXX.com,2026-04-01,"Anonymized Street, Jabodetabek",0812-XXXX-XXXX,Sample_Order_6,NEW,1,MEDIUM BOX,9.05,Zone 4,11000,Cibitung - KAB BEKASI,169800,slot-sameday03,Cash on Delivery,5,33
3PLB-DRIVER-3,0812-XXXX-XXXX,kecamatan grogol petamburan,Customer_1383,cust@XXXX.com,2026-04-01,"Anonymized Street, Jabodetabek",0812-XXXX-XXXX,Sample_Order_5,,1,,8.03,Zone 3,7000,Kramat - JAKPUS,273600,slot-2,Cash on Delivery,5,276
3PLB-DRIVER-2,0812-XXXX-XXXX,kecamatan pinang,Customer_1384,cust@XXXX.com,2026-04-01,"Anonymized Street, Jabodetabek",0812-XXXX-XXXX,Sample_Order_0,RETURNING,1,PLASTIC,5.54,Zone 2,6500,Kramat - JAKPUS,227370,slot-sameday,Cash on Delivery,5,242
Sample_Driver_8,0812-XXXX-XXXX,kecamatan jatinegara,Customer_1385,cust@XXXX.com,2026-04-01,"Anonymized Street, Jabodetabek",0812-XXXX-XXXX,Sample_Order_7,RETURNING,1,HALF MEDIUM BOX,7.41,Zone 3,7000,Satellite HUB Karawaci,126300,slot-0,Credit Card,2,34
3PLA-DRIVER-2,0812-XXXX-XXXX,kecamatan penjaringan,Customer_1386,cust@XXXX.com,2026-04-01,"Anonymized Street, Jabodetabek",0812-XXXX-XXXX,Sample_Order_0,RETURNING,1,PLASTIC,5.54,Zone 2,6500,Kramat - JAKPUS,227370,slot-1bb,Cash on Delivery,5,242
3PLB-DRIVER-1,0812-XXXX-XXXX,sepatan,Customer_1387,cust@XXXX.com,2026-04-01,"Anonymized Street, Jabodetabek",0812-XXXX-XXXX,Sample_Order_8,RETURNING,1,HALF MEDIUM BOX,3.65,Zone 2,6500,Beji - Depok,78200,slot-2,GO-PAY Wallet,2,111
3PLB-DRIVER-3,0812-XXXX-XXXX,kecamatan pademangan,Customer_1388,cust@XXXX.com,2026-04-01,"Anonymized Street, Jabodetabek",0812-XXXX-XXXX,Sample_Order_2,RETURNING,1,PLASTIC,7.03,Zone 3,7000,Kembangan - JAKBAR,624450,slot-1bb,Credit Card,8,24
3PLC-DRIVER-2,0812-XXXX-XXXX,kecamatan pademangan,Customer_1389,cust@XXXX.com,2026-04-01,"Anonymized Street, Jabodetabek",0812-XXXX-XXXX,Sample_Order_8,RETURNING,1,HALF MEDIUM BOX,3.65,Zone 2,6500,Beji - Depok,78200,slot-2,GO-PAY Wallet,2,111
3PLB-DRIVER-1,0812-XXXX-XXXX,cikarang selatan,Customer_1390,cust@XXXX.com,2026-04-01,"Anonymized Street, Jabodetabek",0812-XXXX-XXXX,Sample_Order_5,,1,,8.03,Zone 3,7000,Kramat - JAKPUS,273600,slot-1,Cash on Delivery,5,276
3PLC-DRIVER-1,0812-XXXX-XXXX,cikarang selatan,Customer_1391,cust@XXXX.com,2026-04-01,"Anonymized Street, Jabodetabek",0812-XXXX-XXXX,Sample_Order_5,,1,,8.03,Zone 3,7000,Kramat - JAKPUS,273600,slot-13,Cash on Delivery,5,276
3PLC-DRIVER-1,0812-XXXX-XXXX,kecamatan grogol petamburan,Customer_1392,cust@XXXX.com,2026-04-01,"Anonymized Street, Jabodetabek",0812-XXXX-XXXX,Sample_Order_6,NEW,1,MEDIUM BOX,9.05,Zone 4,11000,Cibitung - KAB BEKASI,169800,slot-0,Cash on Delivery,5,33
Sample_Driver_8,0812-XXXX-XXXX,kecamatan grogol petamburan,Customer_1393,cust@XXXX.com,2026-04-01,"Anonymized Street, Jabodetabek",0812-XXXX-XXXX,Sample_Order_4,RETURNING,1,PLASTIC,4.79,Zone 2,6500,Kramat - JAKPUS,162800,slot-2,MANDIRI VA Transferpay!,4,99
3PLB-DRIVER-1,0812-XXXX-XXXX,kecamatan pinang,Customer_1394,cust@XXXX.com,2026-04-01,"Anonymized Street, Jabodetabek",0812-XXXX-XXXX,Sample_Order_7,RETURNING,1,HALF MEDIUM BOX,7.41,Zone 3,7000,Satellite HUB Karawaci,126300,slot-13,Credit Card,2,34
3PLB-DRIVER-1,0812-XXXX-XXXX,kecamatan jatinegara,Customer_1395,cust@XXXX.com,2026-04-01,"Anonymized Street, Jabodetabek",0812-XXXX-XXXX,Sample_Order_0,RETURNING,1,PLASTIC,5.54,Zone 2,6500,Kramat - JAKPUS,227370,slot-1,Cash on Delivery,5,242
3PLC-DRIVER-2,0812-XXXX-XXXX,kecamatan penjaringan,Customer_1396,cust@XXXX.com,2026-04-01,"Anonymized Street, Jabodetabek",0812-XXXX-XXXX,Sample_Order_9,RETURNING,1,HALF MEDIUM BOX,6.9,Zone 3,7000,Kramat - JAKPUS,126900,slot-2,Credit Card,4,90
3PLA-DRIVER-2,0812-XXXX-XXXX,kecamatan jatinegara,Customer_1397,cust@XXXX.com,2026-04-01,"Anonymized Street, Jabodetabek",0812-XXXX-XXXX,Sample_Order_4,RETURNING,1,PLASTIC,4.79,Zone 2,6500,Kramat - JAKPUS,162800,slot-13,MANDIRI VA Transferpay!,4,99
3PLC-DRIVER-1,0812-XXXX-XXXX,kecamatan penjaringan,Customer_1398,cust@XXXX.com,2026-04-01,"Anonymized Street, Jabodetabek",0812-XXXX-XXXX,Sample_Order_8,RETURNING,1,HALF MEDIUM BOX,3.65,Zone 2,6500,Beji - Depok,78200,slot-sameday,GO-PAY Wallet,2,111
3PLA-DRIVER-2,0812-XXXX-XXXX,cikarang selatan,Customer_1399,cust@XXXX.com,2026-04-01,"Anonymized Street, Jabodetabek",0812-XXXX-XXXX,Sample_Order_9,RETURNING,1,HALF MEDIUM BOX,6.9,Zone 3,7000,Kramat - JAKPUS,126900,slot-sameday03,Credit Card,4,90
3PLB-DRIVER-2,0812-XXXX-XXXX,kecamatan jagakarsa,Customer_1400,cust@XXXX.com,2026-04-01,"Anonymized Street, Jabodetabek",0812-XXXX-XXXX,Sample_Order_8,RETURNING,1,HALF MEDIUM BOX,3.65,Zone 2,6500,Beji - Depok,78200,slot-0,GO-PAY Wallet,2,111
3PLB-DRIVER-3,0812-XXXX-XXXX,sepatan,Customer_1401,cust@XXXX.com,2026-04-01,"Anonymized Street, Jabodetabek",0812-XXXX-XXXX,Sample_Order_2,RETURNING,1,PLASTIC,7.03,Zone 3,7000,Kembangan - JAKBAR,624450,slot-1bb,Credit Card,8,24
Sample_Driver_9,0812-XXXX-XXXX,kecamatan setiabudi,Customer_1402,cust@XXXX.com,2026-04-01,"Anonymized Street, Jabodetabek",0812-XXXX-XXXX,Sample_Order_7,RETURNING,1,HALF MEDIUM BOX,7.41,Zone 3,7000,Satellite HUB Karawaci,126300,slot-13,Credit Card,2,34
3PLC-DRIVER-2,0812-XXXX-XXXX,cikarang selatan,Customer_1403,cust@XXXX.com,2026-04-01,"Anonymized Street, Jabodetabek",0812-XXXX-XXXX,Sample_Order_3,RETURNING,1,PLASTIC,6.8,Zone 3,7000,Kembangan - JAKBAR,151710,slot-13,ShopeePay,4,197
3PLB-DRIVER-3,0812-XXXX-XXXX,cikarang selatan,Customer_1404,cust@XXXX.com,2026-04-01,"Anonymized Street, Jabodetabek",0812-XXXX-XXXX,Sample_Order_8,RETURNING,1,HALF MEDIUM BOX,3.65,Zone 2,6500,Beji - Depok,78200,slot-sameday03,GO-PAY Wallet,2,111
3PLA-DRIVER-1,0812-XXXX-XXXX,kecamatan setiabudi,Customer_1405,cust@XXXX.com,2026-04-01,"Anonymized Street, Jabodetabek",0812-XXXX-XXXX,Sample_Order_6,NEW,1,MEDIUM BOX,9.05,Zone 4,11000,Cibitung - KAB BEKASI,169800,slot-2,Cash on Delivery,5,33
3PLB-DRIVER-2,0812-XXXX-XXXX,cikarang selatan,Customer_1406,cust@XXXX.com,2026-04-01,"Anonymized Street, Jabodetabek",0812-XXXX-XXXX,Sample_Order_5,,1,,8.03,Zone 3,7000,Kramat - JAKPUS,273600,slot-13,Cash on Delivery,5,276
3PLC-DRIVER-2,0812-XXXX-XXXX,sepatan,Customer_1407,cust@XXXX.com,2026-04-01,"Anonymized Street, Jabodetabek",0812-XXXX-XXXX,Sample_Order_1,RETURNING,1,HALF MEDIUM BOX,11.13,Zone 4,11000,Bintaro - TANGSEL,116100,slot-13,OVO Wallet,2,85
3PLC-DRIVER-1,0812-XXXX-XXXX,kecamatan jagakarsa,Customer_1408,cust@XXXX.com,2026-04-01,"Anonymized Street, Jabodetabek",0812-XXXX-XXXX,Sample_Order_6,NEW,1,MEDIUM BOX,9.05,Zone 4,11000,Cibitung - KAB BEKASI,169800,slot-1bb,Cash on Delivery,5,33
3PLB-DRIVER-3,0812-XXXX-XXXX,kecamatan jatinegara,Customer_1409,cust@XXXX.com,2026-04-01,"Anonymized Street, Jabodetabek",0812-XXXX-XXXX,Sample_Order_4,RETURNING,1,PLASTIC,4.79,Zone 2,6500,Kramat - JAKPUS,162800,slot-0bb,MANDIRI VA Transferpay!,4,99
3PLB-DRIVER-3,0812-XXXX-XXXX,kecamatan grogol petamburan,Customer_1410,cust@XXXX.com,2026-04-01,"Anonymized Street, Jabodetabek",0812-XXXX-XXXX,Sample_Order_6,NEW,1,MEDIUM BOX,9.05,Zone 4,11000,Cibitung - KAB BEKASI,169800,slot-0,Cash on Delivery,5,33
3PLB-DRIVER-1,0812-XXXX-XXXX,kecamatan setiabudi,Customer_1411,cust@XXXX.com,2026-04-01,"Anonymized Street, Jabodetabek",0812-XXXX-XXXX,Sample_Order_1,RETURNING,1,HALF MEDIUM BOX,11.13,Zone 4,11000,Bintaro - TANGSEL,116100,slot-0,OVO Wallet,2,85
Sample_Driver_9,0812-XXXX-XXXX,kecamatan pademangan,Customer_1412,cust@XXXX.com,2026-04-01,"Anonymized Street, Jabodetabek",0812-XXXX-XXXX,Sample_Order_3,RETURNING,1,PLASTIC,6.8,Zone 3,7000,Kembangan - JAKBAR,151710,slot-sameday03,ShopeePay,4,197
3PLC-DRIVER-2,0812-XXXX-XXXX,kecamatan pademangan,Customer_1413,cust@XXXX.com,2026-04-01,"Anonymized Street, Jabodetabek",0812-XXXX-XXXX,Sample_Order_0,RETURNING,1,PLASTIC,5.54,Zone 2,6500,Kramat - JAKPUS,227370,slot-sameday,Cash on Delivery,5,242
3PLB-DRIVER-1,0812-XXXX-XXXX,kecamatan jatinegara,Customer_1414,cust@XXXX.com,2026-04-01,"Anonymized Street, Jabodetabek",0812-XXXX-XXXX,Sample_Order_9,RETURNING,1,HALF MEDIUM BOX,6.9,Zone 3,7000,Kramat - JAKPUS,126900,slot-sameday,Credit Card,4,90
Sample_Driver_9,0812-XXXX-XXXX,kecamatan grogol petamburan,Customer_1415,cust@XXXX.com,2026-04-01,"Anonymized Street, Jabodetabek",0812-XXXX-XXXX,Sample_Order_5,,1,,8.03,Zone 3,7000,Kramat - JAKPUS,273600,slot-13,Cash on Delivery,5,276
Sample_Driver_8,0812-XXXX-XXXX,kecamatan jatinegara,Customer_1416,cust@XXXX.com,2026-04-01,"Anonymized Street, Jabodetabek",0812-XXXX-XXXX,Sample_Order_9,RETURNING,1,HALF MEDIUM BOX,6.9,Zone 3,7000,Kramat - JAKPUS,126900,slot-sameday03,Credit Card,4,90
3PLC-DRIVER-2,0812-XXXX-XXXX,kecamatan grogol petamburan,Customer_1417,cust@XXXX.com,2026-04-01,"Anonymized Street, Jabodetabek",0812-XXXX-XXXX,Sample_Order_1,RETURNING,1,HALF MEDIUM BOX,11.13,Zone 4,11000,Bintaro - TANGSEL,116100,slot-2,OVO Wallet,2,85
3PLA-DRIVER-2,0812-XXXX-XXXX,kecamatan jatinegara,Customer_1418,cust@XXXX.com,2026-04-01,"Anonymized Street, Jabodetabek",0812-XXXX-XXXX,Sample_Order_9,RETURNING,1,HALF MEDIUM BOX,6.9,Zone 3,7000,Kramat - JAKPUS,126900,slot-0,Credit Card,4,90
3PLB-DRIVER-2,0812-XXXX-XXXX,kecamatan setiabudi,Customer_1419,cust@XXXX.com,2026-04-01,"Anonymized Street, Jabodetabek",0812-XXXX-XXXX,Sample_Order_5,,1,,8.03,Zone 3,7000,Kramat - JAKPUS,273600,slot-1,Cash on Delivery,5,276
3PLB-DRIVER-1,0812-XXXX-XXXX,sepatan,Customer_1420,cust@XXXX.com,2026-04-01,"Anonymized Street, Jabodetabek",0812-XXXX-XXXX,Sample_Order_3,RETURNING,1,PLASTIC,6.8,Zone 3,7000,Kembangan - JAKBAR,151710,slot-0,ShopeePay,4,197
3PLB-DRIVER-1,0812-XXXX-XXXX,kecamatan penjaringan,Customer_1421,cust@XXXX.com,2026-04-01,"Anonymized Street, Jabodetabek",0812-XXXX-XXXX,Sample_Order_7,RETURNING,1,HALF MEDIUM BOX,7.41,Zone 3,7000,Satellite HUB Karawaci,126300,slot-0bb,Credit Card,2,34
Sample_Driver_8,0812-XXXX-XXXX,kecamatan grogol petamburan,Customer_1422,cust@XXXX.com,2026-04-01,"Anonymized Street, Jabodetabek",0812-XXXX-XXXX,Sample_Order_5,,1,,8.03,Zone 3,7000,Kramat - JAKPUS,273600,slot-1,Cash on Delivery,5,276
3PLC-DRIVER-2,0812-XXXX-XXXX,kecamatan parung panjang,Customer_1423,cust@XXXX.com,2026-04-01,"Anonymized Street, Jabodetabek",0812-XXXX-XXXX,Sample_Order_9,RETURNING,1,HALF MEDIUM BOX,6.9,Zone 3,7000,Kramat - JAKPUS,126900,slot-0bb,Credit Card,4,90
3PLC-DRIVER-2,0812-XXXX-XXXX,kecamatan pinang,Customer_1424,cust@XXXX.com,2026-04-01,"Anonymized Street, Jabodetabek",0812-XXXX-XXXX,Sample_Order_9,RETURNING,1,HALF MEDIUM BOX,6.9,Zone 3,7000,Kramat - JAKPUS,126900,slot-sameday,Credit Card,4,90
Sample_Driver_9,0812-XXXX-XXXX,kecamatan pinang,Customer_1425,cust@XXXX.com,2026-04-01,"Anonymized Street, Jabodetabek",0812-XXXX-XXXX,Sample_Order_5,,1,,8.03,Zone 3,7000,Kramat - JAKPUS,273600,slot-0bb,Cash on Delivery,5,276
3PLB-DRIVER-1,0812-XXXX-XXXX,cikarang selatan,Customer_1426,cust@XXXX.com,2026-04-01,"Anonymized Street, Jabodetabek",0812-XXXX-XXXX,Sample_Order_8,RETURNING,1,HALF MEDIUM BOX,3.65,Zone 2,6500,Beji - Depok,78200,slot-0,GO-PAY Wallet,2,111
3PLB-DRIVER-2,0812-XXXX-XXXX,kecamatan setiabudi,Customer_1427,cust@XXXX.com,2026-04-01,"Anonymized Street, Jabodetabek",0812-XXXX-XXXX,Sample_Order_5,,1,,8.03,Zone 3,7000,Kramat - JAKPUS,273600,slot-13,Cash on Delivery,5,276
3PLC-DRIVER-1,0812-XXXX-XXXX,kecamatan parung panjang,Customer_1428,cust@XXXX.com,2026-04-01,"Anonymized Street, Jabodetabek",0812-XXXX-XXXX,Sample_Order_8,RETURNING,1,HALF MEDIUM BOX,3.65,Zone 2,6500,Beji - Depok,78200,slot-2,GO-PAY Wallet,2,111
3PLC-DRIVER-2,0812-XXXX-XXXX,kecamatan parung panjang,Customer_1429,cust@XXXX.com,2026-04-01,"Anonymized Street, Jabodetabek",0812-XXXX-XXXX,Sample_Order_5,,1,,8.03,Zone 3,7000,Kramat - JAKPUS,273600,slot-2,Cash on Delivery,5,276
Sample_Driver_8,0812-XXXX-XXXX,kecamatan jatinegara,Customer_1430,cust@XXXX.com,2026-04-01,"Anonymized Street, Jabodetabek",0812-XXXX-XXXX,Sample_Order_1,RETURNING,1,HALF MEDIUM BOX,11.13,Zone 4,11000,Bintaro - TANGSEL,116100,slot-1bb,OVO Wallet,2,85
3PLB-DRIVER-1,0812-XXXX-XXXX,cikarang selatan,Customer_1431,cust@XXXX.com,2026-04-01,"Anonymized Street, Jabodetabek",0812-XXXX-XXXX,Sample_Order_6,NEW,1,MEDIUM BOX,9.05,Zone 4,11000,Cibitung - KAB BEKASI,169800,slot-13,Cash on Delivery,5,33
3PLA-DRIVER-2,0812-XXXX-XXXX,kecamatan pinang,Customer_1432,cust@XXXX.com,2026-04-01,"Anonymized Street, Jabodetabek",0812-XXXX-XXXX,Sample_Order_3,RETURNING,1,PLASTIC,6.8,Zone 3,7000,Kembangan - JAKBAR,151710,slot-0bb,ShopeePay,4,197
3PLA-DRIVER-2,0812-XXXX-XXXX,kecamatan setiabudi,Customer_1433,cust@XXXX.com,2026-04-01,"Anonymized Street, Jabodetabek",0812-XXXX-XXXX,Sample_Order_5,,1,,8.03,Zone 3,7000,Kramat - JAKPUS,273600,slot-0bb,Cash on Delivery,5,276
3PLB-DRIVER-2,0812-XXXX-XXXX,kecamatan parung panjang,Customer_1434,cust@XXXX.com,2026-04-01,"Anonymized Street, Jabodetabek",0812-XXXX-XXXX,Sample_Order_3,RETURNING,1,PLASTIC,6.8,Zone 3,7000,Kembangan - JAKBAR,151710,slot-13,ShopeePay,4,197
Sample_Driver_9,0812-XXXX-XXXX,kecamatan pademangan,Customer_1435,cust@XXXX.com,2026-04-01,"Anonymized Street, Jabodetabek",0812-XXXX-XXXX,Sample_Order_1,RETURNING,1,HALF MEDIUM BOX,11.13,Zone 4,11000,Bintaro - TANGSEL,116100,slot-13,OVO Wallet,2,85
3PLC-DRIVER-1,0812-XXXX-XXXX,kecamatan jagakarsa,Customer_1436,cust@XXXX.com,2026-04-01,"Anonymized Street, Jabodetabek",0812-XXXX-XXXX,Sample_Order_2,RETURNING,1,PLASTIC,7.03,Zone 3,7000,Kembangan - JAKBAR,624450,slot-sameday,Credit Card,8,24
Sample_Driver_9,0812-XXXX-XXXX,kecamatan grogol petamburan,Customer_1437,cust@XXXX.com,2026-04-01,"Anonymized Street, Jabodetabek",0812-XXXX-XXXX,Sample_Order_6,NEW,1,MEDIUM BOX,9.05,Zone 4,11000,Cibitung - KAB BEKASI,169800,slot-sameday03,Cash on Delivery,5,33
3PLB-DRIVER-3,0812-XXXX-XXXX,sepatan,Customer_1438,cust@XXXX.com,2026-04-01,"Anonymized Street, Jabodetabek",0812-XXXX-XXXX,Sample_Order_7,RETURNING,1,HALF MEDIUM BOX,7.41,Zone 3,7000,Satellite HUB Karawaci,126300,slot-0bb,Credit Card,2,34
3PLB-DRIVER-3,0812-XXXX-XXXX,kecamatan parung panjang,Customer_1439,cust@XXXX.com,2026-04-01,"Anonymized Street, Jabodetabek",0812-XXXX-XXXX,Sample_Order_2,RETURNING,1,PLASTIC,7.03,Zone 3,7000,Kembangan - JAKBAR,624450,slot-1,Credit Card,8,24
3PLB-DRIVER-3,0812-XXXX-XXXX,kecamatan jagakarsa,Customer_1440,cust@XXXX.com,2026-04-01,"Anonymized Street, Jabodetabek",0812-XXXX-XXXX,Sample_Order_1,RETURNING,1,HALF MEDIUM BOX,11.13,Zone 4,11000,Bintaro - TANGSEL,116100,slot-13,OVO Wallet,2,85
3PLA-DRIVER-1,0812-XXXX-XXXX,kecamatan pinang,Customer_1441,cust@XXXX.com,2026-04-01,"Anonymized Street, Jabodetabek",0812-XXXX-XXXX,Sample_Order_0,RETURNING,1,PLASTIC,5.54,Zone 2,6500,Kramat - JAKPUS,227370,slot-sameday03,Cash on Delivery,5,242
Sample_Driver_9,0812-XXXX-XXXX,kecamatan grogol petamburan,Customer_1442,cust@XXXX.com,2026-04-01,"Anonymized Street, Jabodetabek",0812-XXXX-XXXX,Sample_Order_1,RETURNING,1,HALF MEDIUM BOX,11.13,Zone 4,11000,Bintaro - TANGSEL,116100,slot-2,OVO Wallet,2,85
3PLC-DRIVER-1,0812-XXXX-XXXX,kecamatan jatinegara,Customer_1443,cust@XXXX.com,2026-04-01,"Anonymized Street, Jabodetabek",0812-XXXX-XXXX,Sample_Order_3,RETURNING,1,PLASTIC,6.8,Zone 3,7000,Kembangan - JAKBAR,151710,slot-0,ShopeePay,4,197
3PLC-DRIVER-1,0812-XXXX-XXXX,sepatan,Customer_1444,cust@XXXX.com,2026-04-01,"Anonymized Street, Jabodetabek",0812-XXXX-XXXX,Sample_Order_7,RETURNING,1,HALF MEDIUM BOX,7.41,Zone 3,7000,Satellite HUB Karawaci,126300,slot-0,Credit Card,2,34
Sample_Driver_9,0812-XXXX-XXXX,sepatan,Customer_1445,cust@XXXX.com,2026-04-01,"Anonymized Street, Jabodetabek",0812-XXXX-XXXX,Sample_Order_1,RETURNING,1,HALF MEDIUM BOX,11.13,Zone 4,11000,Bintaro - TANGSEL,116100,slot-sameday,OVO Wallet,2,85
3PLC-DRIVER-2,0812-XXXX-XXXX,kecamatan setiabudi,Customer_1446,cust@XXXX.com,2026-04-01,"Anonymized Street, Jabodetabek",0812-XXXX-XXXX,Sample_Order_7,RETURNING,1,HALF MEDIUM BOX,7.41,Zone 3,7000,Satellite HUB Karawaci,126300,slot-0bb,Credit Card,2,34
3PLC-DRIVER-2,0812-XXXX-XXXX,kecamatan pinang,Customer_1447,cust@XXXX.com,2026-04-01,"Anonymized Street, Jabodetabek",0812-XXXX-XXXX,Sample_Order_4,RETURNING,1,PLASTIC,4.79,Zone 2,6500,Kramat - JAKPUS,162800,slot-sameday,MANDIRI VA Transferpay!,4,99
3PLB-DRIVER-1,0812-XXXX-XXXX,kecamatan parung panjang,Customer_1448,cust@XXXX.com,2026-04-01,"Anonymized Street, Jabodetabek",0812-XXXX-XXXX,Sample_Order_1,RETURNING,1,HALF MEDIUM BOX,11.13,Zone 4,11000,Bintaro - TANGSEL,116100,slot-2,OVO Wallet,2,85
Sample_Driver_8,0812-XXXX-XXXX,kecamatan penjaringan,Customer_1449,cust@XXXX.com,2026-04-01,"Anonymized Street, Jabodetabek",0812-XXXX-XXXX,Sample_Order_9,RETURNING,1,HALF MEDIUM BOX,6.9,Zone 3,7000,Kramat - JAKPUS,126900,slot-sameday03,Credit Card,4,90
Sample_Driver_9,0812-XXXX-XXXX,kecamatan pademangan,Customer_1450,cust@XXXX.com,2026-04-01,"Anonymized Street, Jabodetabek",0812-XXXX-XXXX,Sample_Order_3,RETURNING,1,PLASTIC,6.8,Zone 3,7000,Kembangan - JAKBAR,151710,slot-1bb,ShopeePay,4,197
3PLA-DRIVER-2,0812-XXXX-XXXX,sepatan,Customer_1451,cust@XXXX.com,2026-04-01,"Anonymized Street, Jabodetabek",0812-XXXX-XXXX,Sample_Order_8,RETURNING,1,HALF MEDIUM BOX,3.65,Zone 2,6500,Beji - Depok,78200,slot-1bb,GO-PAY Wallet,2,111
3PLC-DRIVER-2,0812-XXXX-XXXX,kecamatan jagakarsa,Customer_1452,cust@XXXX.com,2026-04-01,"Anonymized Street, Jabodetabek",0812-XXXX-XXXX,Sample_Order_0,RETURNING,1,PLASTIC,5.54,Zone 2,6500,Kramat - JAKPUS,227370,slot-1,Cash on Delivery,5,242
3PLB-DRIVER-3,0812-XXXX-XXXX,kecamatan parung panjang,Customer_1453,cust@XXXX.com,2026-04-01,"Anonymized Street, Jabodetabek",0812-XXXX-XXXX,Sample_Order_2,RETURNING,1,PLASTIC,7.03,Zone 3,7000,Kembangan - JAKBAR,624450,slot-13,Credit Card,8,24
3PLA-DRIVER-2,0812-XXXX-XXXX,kecamatan jatinegara,Customer_1454,cust@XXXX.com,2026-04-01,"Anonymized Street, Jabodetabek",0812-XXXX-XXXX,Sample_Order_3,RETURNING,1,PLASTIC,6.8,Zone 3,7000,Kembangan - JAKBAR,151710,slot-1,ShopeePay,4,197
3PLB-DRIVER-1,0812-XXXX-XXXX,kecamatan parung panjang,Customer_1455,cust@XXXX.com,2026-04-01,"Anonymized Street, Jabodetabek",0812-XXXX-XXXX,Sample_Order_8,RETURNING,1,HALF MEDIUM BOX,3.65,Zone 2,6500,Beji - Depok,78200,slot-1,GO-PAY Wallet,2,111
3PLB-DRIVER-3,0812-XXXX-XXXX,kecamatan parung panjang,Customer_1456,cust@XXXX.com,2026-04-01,"Anonymized Street, Jabodetabek",0812-XXXX-XXXX,Sample_Order_6,NEW,1,MEDIUM BOX,9.05,Zone 4,11000,Cibitung - KAB BEKASI,169800,slot-sameday03,Cash on Delivery,5,33
Sample_Driver_8,0812-XXXX-XXXX,kecamatan parung panjang,Customer_1457,cust@XXXX.com,2026-04-01,"Anonymized Street, Jabodetabek",0812-XXXX-XXXX,Sample_Order_2,RETURNING,1,PLASTIC,7.03,Zone 3,7000,Kembangan - JAKBAR,624450,slot-sameday,Credit Card,8,24
3PLB-DRIVER-2,0812-XXXX-XXXX,kecamatan parung panjang,Customer_1458,cust@XXXX.com,2026-04-01,"Anonymized Street, Jabodetabek",0812-XXXX-XXXX,Sample_Order_6,NEW,1,MEDIUM BOX,9.05,Zone 4,11000,Cibitung - KAB BEKASI,169800,slot-13,Cash on Delivery,5,33
3PLB-DRIVER-3,0812-XXXX-XXXX,kecamatan jagakarsa,Customer_1459,cust@XXXX.com,2026-04-01,"Anonymized Street, Jabodetabek",0812-XXXX-XXXX,Sample_Order_8,RETURNING,1,HALF MEDIUM BOX,3.65,Zone 2,6500,Beji - Depok,78200,slot-1bb,GO-PAY Wallet,2,111
Sample_Driver_8,0812-XXXX-XXXX,sepatan,Customer_1460,cust@XXXX.com,2026-04-01,"Anonymized Street, Jabodetabek",0812-XXXX-XXXX,Sample_Order_3,RETURNING,1,PLASTIC,6.8,Zone 3,7000,Kembangan - JAKBAR,151710,slot-1,ShopeePay,4,197
3PLA-DRIVER-2,0812-XXXX-XXXX,kecamatan jatinegara,Customer_1461,cust@XXXX.com,2026-04-01,"Anonymized Street, Jabodetabek",0812-XXXX-XXXX,Sample_Order_9,RETURNING,1,HALF MEDIUM BOX,6.9,Zone 3,7000,Kramat - JAKPUS,126900,slot-0,Credit Card,4,90
3PLA-DRIVER-2,0812-XXXX-XXXX,kecamatan penjaringan,Customer_1462,cust@XXXX.com,2026-04-01,"Anonymized Street, Jabodetabek",0812-XXXX-XXXX,Sample_Order_7,RETURNING,1,HALF MEDIUM BOX,7.41,Zone 3,7000,Satellite HUB Karawaci,126300,slot-13,Credit Card,2,34
3PLC-DRIVER-1,0812-XXXX-XXXX,kecamatan jatinegara,Customer_1463,cust@XXXX.com,2026-04-01,"Anonymized Street, Jabodetabek",0812-XXXX-XXXX,Sample_Order_7,RETURNING,1,HALF MEDIUM BOX,7.41,Zone 3,7000,Satellite HUB Karawaci,126300,slot-sameday,Credit Card,2,34
Sample_Driver_8,0812-XXXX-XXXX,kecamatan pinang,Customer_1464,cust@XXXX.com,2026-04-01,"Anonymized Street, Jabodetabek",0812-XXXX-XXXX,Sample_Order_9,RETURNING,1,HALF MEDIUM BOX,6.9,Zone 3,7000,Kramat - JAKPUS,126900,slot-0,Credit Card,4,90
Sample_Driver_9,0812-XXXX-XXXX,sepatan,Customer_1465,cust@XXXX.com,2026-04-01,"Anonymized Street, Jabodetabek",0812-XXXX-XXXX,Sample_Order_0,RETURNING,1,PLASTIC,5.54,Zone 2,6500,Kramat - JAKPUS,227370,slot-13,Cash on Delivery,5,242
3PLB-DRIVER-3,0812-XXXX-XXXX,kecamatan pinang,Customer_1466,cust@XXXX.com,2026-04-01,"Anonymized Street, Jabodetabek",0812-XXXX-XXXX,Sample_Order_3,RETURNING,1,PLASTIC,6.8,Zone 3,7000,Kembangan - JAKBAR,151710,slot-1,ShopeePay,4,197
Sample_Driver_9,0812-XXXX-XXXX,kecamatan penjaringan,Customer_1467,cust@XXXX.com,2026-04-01,"Anonymized Street, Jabodetabek",0812-XXXX-XXXX,Sample_Order_2,RETURNING,1,PLASTIC,7.03,Zone 3,7000,Kembangan - JAKBAR,624450,slot-0bb,Credit Card,8,24
3PLA-DRIVER-2,0812-XXXX-XXXX,kecamatan penjaringan,Customer_1468,cust@XXXX.com,2026-04-01,"Anonymized Street, Jabodetabek",0812-XXXX-XXXX,Sample_Order_5,,1,,8.03,Zone 3,7000,Kramat - JAKPUS,273600,slot-0bb,Cash on Delivery,5,276
3PLB-DRIVER-3,0812-XXXX-XXXX,kecamatan penjaringan,Customer_1469,cust@XXXX.com,2026-04-01,"Anonymized Street, Jabodetabek",0812-XXXX-XXXX,Sample_Order_4,RETURNING,1,PLASTIC,4.79,Zone 2,6500,Kramat - JAKPUS,162800,slot-2,MANDIRI VA Transferpay!,4,99
3PLC-DRIVER-2,0812-XXXX-XXXX,cikarang selatan,Customer_1470,cust@XXXX.com,2026-04-01,"Anonymized Street, Jabodetabek",0812-XXXX-XXXX,Sample_Order_0,RETURNING,1,PLASTIC,5.54,Zone 2,6500,Kramat - JAKPUS,227370,slot-sameday03,Cash on Delivery,5,242
3PLC-DRIVER-1,0812-XXXX-XXXX,kecamatan setiabudi,Customer_1471,cust@XXXX.com,2026-04-01,"Anonymized Street, Jabodetabek",0812-XXXX-XXXX,Sample_Order_7,RETURNING,1,HALF MEDIUM BOX,7.41,Zone 3,7000,Satellite HUB Karawaci,126300,slot-2,Credit Card,2,34
3PLC-DRIVER-2,0812-XXXX-XXXX,kecamatan setiabudi,Customer_1472,cust@XXXX.com,2026-04-01,"Anonymized Street, Jabodetabek",0812-XXXX-XXXX,Sample_Order_9,RETURNING,1,HALF MEDIUM BOX,6.9,Zone 3,7000,Kramat - JAKPUS,126900,slot-sameday03,Credit Card,4,90
Sample_Driver_8,0812-XXXX-XXXX,cikarang selatan,Customer_1473,cust@XXXX.com,2026-04-01,"Anonymized Street, Jabodetabek",0812-XXXX-XXXX,Sample_Order_1,RETURNING,1,HALF MEDIUM BOX,11.13,Zone 4,11000,Bintaro - TANGSEL,116100,slot-2,OVO Wallet,2,85
3PLB-DRIVER-3,0812-XXXX-XXXX,kecamatan setiabudi,Customer_1474,cust@XXXX.com,2026-04-01,"Anonymized Street, Jabodetabek",0812-XXXX-XXXX,Sample_Order_9,RETURNING,1,HALF MEDIUM BOX,6.9,Zone 3,7000,Kramat - JAKPUS,126900,slot-sameday03,Credit Card,4,90
3PLC-DRIVER-2,0812-XXXX-XXXX,kecamatan penjaringan,Customer_1475,cust@XXXX.com,2026-04-01,"Anonymized Street, Jabodetabek",0812-XXXX-XXXX,Sample_Order_1,RETURNING,1,HALF MEDIUM BOX,11.13,Zone 4,11000,Bintaro - TANGSEL,116100,slot-1,OVO Wallet,2,85
3PLB-DRIVER-2,0812-XXXX-XXXX,cikarang selatan,Customer_1476,cust@XXXX.com,2026-04-01,"Anonymized Street, Jabodetabek",0812-XXXX-XXXX,Sample_Order_2,RETURNING,1,PLASTIC,7.03,Zone 3,7000,Kembangan - JAKBAR,624450,slot-1,Credit Card,8,24
3PLB-DRIVER-2,0812-XXXX-XXXX,sepatan,Customer_1477,cust@XXXX.com,2026-04-01,"Anonymized Street, Jabodetabek",0812-XXXX-XXXX,Sample_Order_3,RETURNING,1,PLASTIC,6.8,Zone 3,7000,Kembangan - JAKBAR,151710,slot-sameday,ShopeePay,4,197
Sample_Driver_8,0812-XXXX-XXXX,kecamatan parung panjang,Customer_1478,cust@XXXX.com,2026-04-01,"Anonymized Street, Jabodetabek",0812-XXXX-XXXX,Sample_Order_6,NEW,1,MEDIUM BOX,9.05,Zone 4,11000,Cibitung - KAB BEKASI,169800,slot-1,Cash on Delivery,5,33
3PLB-DRIVER-2,0812-XXXX-XXXX,cikarang selatan,Customer_1479,cust@XXXX.com,2026-04-01,"Anonymized Street, Jabodetabek",0812-XXXX-XXXX,Sample_Order_7,RETURNING,1,HALF MEDIUM BOX,7.41,Zone 3,7000,Satellite HUB Karawaci,126300,slot-2,Credit Card,2,34
3PLC-DRIVER-1,0812-XXXX-XXXX,kecamatan jagakarsa,Customer_1480,cust@XXXX.com,2026-04-01,"Anonymized Street, Jabodetabek",0812-XXXX-XXXX,Sample_Order_3,RETURNING,1,PLASTIC,6.8,Zone 3,7000,Kembangan - JAKBAR,151710,slot-0bb,ShopeePay,4,197
Sample_Driver_9,0812-XXXX-XXXX,cikarang selatan,Customer_1481,cust@XXXX.com,2026-04-01,"Anonymized Street, Jabodetabek",0812-XXXX-XXXX,Sample_Order_0,RETURNING,1,PLASTIC,5.54,Zone 2,6500,Kramat - JAKPUS,227370,slot-1bb,Cash on Delivery,5,242
Sample_Driver_9,0812-XXXX-XXXX,kecamatan grogol petamburan,Customer_1482,cust@XXXX.com,2026-04-01,"Anonymized Street, Jabodetabek",0812-XXXX-XXXX,Sample_Order_0,RETURNING,1,PLASTIC,5.54,Zone 2,6500,Kramat - JAKPUS,227370,slot-1bb,Cash on Delivery,5,242
3PLC-DRIVER-1,0812-XXXX-XXXX,kecamatan grogol petamburan,Customer_1483,cust@XXXX.com,2026-04-01,"Anonymized Street, Jabodetabek",0812-XXXX-XXXX,Sample_Order_6,NEW,1,MEDIUM BOX,9.05,Zone 4,11000,Cibitung - KAB BEKASI,169800,slot-2,Cash on Delivery,5,33
Sample_Driver_9,0812-XXXX-XXXX,kecamatan grogol petamburan,Customer_1484,cust@XXXX.com,2026-04-01,"Anonymized Street, Jabodetabek",0812-XXXX-XXXX,Sample_Order_0,RETURNING,1,PLASTIC,5.54,Zone 2,6500,Kramat - JAKPUS,227370,slot-sameday,Cash on Delivery,5,242
3PLB-DRIVER-3,0812-XXXX-XXXX,kecamatan setiabudi,Customer_1485,cust@XXXX.com,2026-04-01,"Anonymized Street, Jabodetabek",0812-XXXX-XXXX,Sample_Order_9,RETURNING,1,HALF MEDIUM BOX,6.9,Zone 3,7000,Kramat - JAKPUS,126900,slot-0,Credit Card,4,90
3PLB-DRIVER-2,0812-XXXX-XXXX,kecamatan jatinegara,Customer_1486,cust@XXXX.com,2026-04-01,"Anonymized Street, Jabodetabek",0812-XXXX-XXXX,Sample_Order_1,RETURNING,1,HALF MEDIUM BOX,11.13,Zone 4,11000,Bintaro - TANGSEL,116100,slot-2,OVO Wallet,2,85
Sample_Driver_9,0812-XXXX-XXXX,kecamatan setiabudi,Customer_1487,cust@XXXX.com,2026-04-01,"Anonymized Street, Jabodetabek",0812-XXXX-XXXX,Sample_Order_0,RETURNING,1,PLASTIC,5.54,Zone 2,6500,Kramat - JAKPUS,227370,slot-sameday,Cash on Delivery,5,242
3PLB-DRIVER-1,0812-XXXX-XXXX,kecamatan parung panjang,Customer_1488,cust@XXXX.com,2026-04-01,"Anonymized Street, Jabodetabek",0812-XXXX-XXXX,Sample_Order_9,RETURNING,1,HALF MEDIUM BOX,6.9,Zone 3,7000,Kramat - JAKPUS,126900,slot-sameday03,Credit Card,4,90
3PLB-DRIVER-3,0812-XXXX-XXXX,kecamatan parung panjang,Customer_1489,cust@XXXX.com,2026-04-01,"Anonymized Street, Jabodetabek",0812-XXXX-XXXX,Sample_Order_6,NEW,1,MEDIUM BOX,9.05,Zone 4,11000,Cibitung - KAB BEKASI,169800,slot-0,Cash on Delivery,5,33
Sample_Driver_9,0812-XXXX-XXXX,kecamatan jatinegara,Customer_1490,cust@XXXX.com,2026-04-01,"Anonymized Street, Jabodetabek",0812-XXXX-XXXX,Sample_Order_7,RETURNING,1,HALF MEDIUM BOX,7.41,Zone 3,7000,Satellite HUB Karawaci,126300,slot-0,Credit Card,2,34
3PLA-DRIVER-1,0812-XXXX-XXXX,kecamatan setiabudi,Customer_1491,cust@XXXX.com,2026-04-01,"Anonymized Street, Jabodetabek",0812-XXXX-XXXX,Sample_Order_5,,1,,8.03,Zone 3,7000,Kramat - JAKPUS,273600,slot-sameday,Cash on Delivery,5,276
3PLC-DRIVER-2,0812-XXXX-XXXX,kecamatan grogol petamburan,Customer_1492,cust@XXXX.com,2026-04-01,"Anonymized Street, Jabodetabek",0812-XXXX-XXXX,Sample_Order_9,RETURNING,1,HALF MEDIUM BOX,6.9,Zone 3,7000,Kramat - JAKPUS,126900,slot-2,Credit Card,4,90
Sample_Driver_9,0812-XXXX-XXXX,kecamatan parung panjang,Customer_1493,cust@XXXX.com,2026-04-01,"Anonymized Street, Jabodetabek",0812-XXXX-XXXX,Sample_Order_8,RETURNING,1,HALF MEDIUM BOX,3.65,Zone 2,6500,Beji - Depok,78200,slot-1,GO-PAY Wallet,2,111
3PLC-DRIVER-2,0812-XXXX-XXXX,sepatan,Customer_1494,cust@XXXX.com,2026-04-01,"Anonymized Street, Jabodetabek",0812-XXXX-XXXX,Sample_Order_5,,1,,8.03,Zone 3,7000,Kramat - JAKPUS,273600,slot-2,Cash on Delivery,5,276
3PLC-DRIVER-2,0812-XXXX-XXXX,kecamatan parung panjang,Customer_1495,cust@XXXX.com,2026-04-01,"Anonymized Street, Jabodetabek",0812-XXXX-XXXX,Sample_Order_5,,1,,8.03,Zone 3,7000,Kramat - JAKPUS,273600,slot-sameday03,Cash on Delivery,5,276
3PLB-DRIVER-2,0812-XXXX-XXXX,kecamatan jatinegara,Customer_1496,cust@XXXX.com,2026-04-01,"Anonymized Street, Jabodetabek",0812-XXXX-XXXX,Sample_Order_2,RETURNING,1,PLASTIC,7.03,Zone 3,7000,Kembangan - JAKBAR,624450,slot-sameday,Credit Card,8,24
3PLB-DRIVER-2,0812-XXXX-XXXX,kecamatan parung panjang,Customer_1497,cust@XXXX.com,2026-04-01,"Anonymized Street, Jabodetabek",0812-XXXX-XXXX,Sample_Order_6,NEW,1,MEDIUM BOX,9.05,Zone 4,11000,Cibitung - KAB BEKASI,169800,slot-2,Cash on Delivery,5,33
Sample_Driver_9,0812-XXXX-XXXX,kecamatan grogol petamburan,Customer_1498,cust@XXXX.com,2026-04-01,"Anonymized Street, Jabodetabek",0812-XXXX-XXXX,Sample_Order_6,NEW,1,MEDIUM BOX,9.05,Zone 4,11000,Cibitung - KAB BEKASI,169800,slot-13,Cash on Delivery,5,33
3PLB-DRIVER-1,0812-XXXX-XXXX,kecamatan pinang,Customer_1499,cust@XXXX.com,2026-04-01,"Anonymized Street, Jabodetabek",0812-XXXX-XXXX,Sample_Order_3,RETURNING,1,PLASTIC,6.8,Zone 3,7000,Kembangan - JAKBAR,151710,slot-0bb,ShopeePay,4,197
3PLB-DRIVER-1,0812-XXXX-XXXX,sepatan,Customer_1500,cust@XXXX.com,2026-04-01,"Anonymized Street, Jabodetabek",0812-XXXX-XXXX,Sample_Order_7,RETURNING,1,HALF MEDIUM BOX,7.41,Zone 3,7000,Satellite HUB Karawaci,126300,slot-1bb,Credit Card,2,34
3PLB-DRIVER-1,0812-XXXX-XXXX,kecamatan setiabudi,Customer_1501,cust@XXXX.com,2026-04-01,"Anonymized Street, Jabodetabek",0812-XXXX-XXXX,Sample_Order_1,RETURNING,1,HALF MEDIUM BOX,11.13,Zone 4,11000,Bintaro - TANGSEL,116100,slot-0,OVO Wallet,2,85
3PLB-DRIVER-1,0812-XXXX-XXXX,cikarang selatan,Customer_1502,cust@XXXX.com,2026-04-01,"Anonymized Street, Jabodetabek",0812-XXXX-XXXX,Sample_Order_6,NEW,1,MEDIUM BOX,9.05,Zone 4,11000,Cibitung - KAB BEKASI,169800,slot-1bb,Cash on Delivery,5,33
3PLB-DRIVER-2,0812-XXXX-XXXX,kecamatan penjaringan,Customer_1503,cust@XXXX.com,2026-04-01,"Anonymized Street, Jabodetabek",0812-XXXX-XXXX,Sample_Order_3,RETURNING,1,PLASTIC,6.8,Zone 3,7000,Kembangan - JAKBAR,151710,slot-2,ShopeePay,4,197
Sample_Driver_8,0812-XXXX-XXXX,kecamatan setiabudi,Customer_1504,cust@XXXX.com,2026-04-01,"Anonymized Street, Jabodetabek",0812-XXXX-XXXX,Sample_Order_9,RETURNING,1,HALF MEDIUM BOX,6.9,Zone 3,7000,Kramat - JAKPUS,126900,slot-sameday,Credit Card,4,90
Sample_Driver_8,0812-XXXX-XXXX,kecamatan pademangan,Customer_1505,cust@XXXX.com,2026-04-01,"Anonymized Street, Jabodetabek",0812-XXXX-XXXX,Sample_Order_9,RETURNING,1,HALF MEDIUM BOX,6.9,Zone 3,7000,Kramat - JAKPUS,126900,slot-13,Credit Card,4,90
Sample_Driver_8,0812-XXXX-XXXX,kecamatan penjaringan,Customer_1506,cust@XXXX.com,2026-04-01,"Anonymized Street, Jabodetabek",0812-XXXX-XXXX,Sample_Order_4,RETURNING,1,PLASTIC,4.79,Zone 2,6500,Kramat - JAKPUS,162800,slot-0bb,MANDIRI VA Transferpay!,4,99
3PLC-DRIVER-1,0812-XXXX-XXXX,kecamatan pinang,Customer_1507,cust@XXXX.com,2026-04-01,"Anonymized Street, Jabodetabek",0812-XXXX-XXXX,Sample_Order_3,RETURNING,1,PLASTIC,6.8,Zone 3,7000,Kembangan - JAKBAR,151710,slot-0bb,ShopeePay,4,197
3PLB-DRIVER-3,0812-XXXX-XXXX,kecamatan parung panjang,Customer_1508,cust@XXXX.com,2026-04-01,"Anonymized Street, Jabodetabek",0812-XXXX-XXXX,Sample_Order_2,RETURNING,1,PLASTIC,7.03,Zone 3,7000,Kembangan - JAKBAR,624450,slot-2,Credit Card,8,24
3PLB-DRIVER-1,0812-XXXX-XXXX,kecamatan penjaringan,Customer_1509,cust@XXXX.com,2026-04-01,"Anonymized Street, Jabodetabek",0812-XXXX-XXXX,Sample_Order_3,RETURNING,1,PLASTIC,6.8,Zone 3,7000,Kembangan - JAKBAR,151710,slot-13,ShopeePay,4,197
3PLB-DRIVER-2,0812-XXXX-XXXX,cikarang selatan,Customer_1510,cust@XXXX.com,2026-04-01,"Anonymized Street, Jabodetabek",0812-XXXX-XXXX,Sample_Order_6,NEW,1,MEDIUM BOX,9.05,Zone 4,11000,Cibitung - KAB BEKASI,169800,slot-1,Cash on Delivery,5,33
3PLA-DRIVER-2,0812-XXXX-XXXX,cikarang selatan,Customer_1511,cust@XXXX.com,2026-04-01,"Anonymized Street, Jabodetabek",0812-XXXX-XXXX,Sample_Order_0,RETURNING,1,PLASTIC,5.54,Zone 2,6500,Kramat - JAKPUS,227370,slot-sameday03,Cash on Delivery,5,242
3PLA-DRIVER-2,0812-XXXX-XXXX,kecamatan pademangan,Customer_1512,cust@XXXX.com,2026-04-01,"Anonymized Street, Jabodetabek",0812-XXXX-XXXX,Sample_Order_3,RETURNING,1,PLASTIC,6.8,Zone 3,7000,Kembangan - JAKBAR,151710,slot-13,ShopeePay,4,197
3PLB-DRIVER-1,0812-XXXX-XXXX,kecamatan grogol petamburan,Customer_1513,cust@XXXX.com,2026-04-01,"Anonymized Street, Jabodetabek",0812-XXXX-XXXX,Sample_Order_2,RETURNING,1,PLASTIC,7.03,Zone 3,7000,Kembangan - JAKBAR,624450,slot-13,Credit Card,8,24
3PLC-DRIVER-2,0812-XXXX-XXXX,kecamatan pademangan,Customer_1514,cust@XXXX.com,2026-04-01,"Anonymized Street, Jabodetabek",0812-XXXX-XXXX,Sample_Order_7,RETURNING,1,HALF MEDIUM BOX,7.41,Zone 3,7000,Satellite HUB Karawaci,126300,slot-sameday03,Credit Card,2,34
3PLB-DRIVER-2,0812-XXXX-XXXX,kecamatan setiabudi,Customer_1515,cust@XXXX.com,2026-04-01,"Anonymized Street, Jabodetabek",0812-XXXX-XXXX,Sample_Order_7,RETURNING,1,HALF MEDIUM BOX,7.41,Zone 3,7000,Satellite HUB Karawaci,126300,slot-0bb,Credit Card,2,34
3PLB-DRIVER-2,0812-XXXX-XXXX,kecamatan setiabudi,Customer_1516,cust@XXXX.com,2026-04-01,"Anonymized Street, Jabodetabek",0812-XXXX-XXXX,Sample_Order_0,RETURNING,1,PLASTIC,5.54,Zone 2,6500,Kramat - JAKPUS,227370,slot-0bb,Cash on Delivery,5,242
3PLC-DRIVER-2,0812-XXXX-XXXX,kecamatan pinang,Customer_1517,cust@XXXX.com,2026-04-01,"Anonymized Street, Jabodetabek",0812-XXXX-XXXX,Sample_Order_4,RETURNING,1,PLASTIC,4.79,Zone 2,6500,Kramat - JAKPUS,162800,slot-1bb,MANDIRI VA Transferpay!,4,99
Sample_Driver_9,0812-XXXX-XXXX,kecamatan penjaringan,Customer_1518,cust@XXXX.com,2026-04-01,"Anonymized Street, Jabodetabek",0812-XXXX-XXXX,Sample_Order_5,,1,,8.03,Zone 3,7000,Kramat - JAKPUS,273600,slot-1bb,Cash on Delivery,5,276
3PLB-DRIVER-1,0812-XXXX-XXXX,kecamatan pinang,Customer_1519,cust@XXXX.com,2026-04-01,"Anonymized Street, Jabodetabek",0812-XXXX-XXXX,Sample_Order_5,,1,,8.03,Zone 3,7000,Kramat - JAKPUS,273600,slot-sameday,Cash on Delivery,5,276
3PLB-DRIVER-2,0812-XXXX-XXXX,kecamatan grogol petamburan,Customer_1520,cust@XXXX.com,2026-04-01,"Anonymized Street, Jabodetabek",0812-XXXX-XXXX,Sample_Order_3,RETURNING,1,PLASTIC,6.8,Zone 3,7000,Kembangan - JAKBAR,151710,slot-sameday,ShopeePay,4,197
Sample_Driver_9,0812-XXXX-XXXX,kecamatan setiabudi,Customer_1521,cust@XXXX.com,2026-04-01,"Anonymized Street, Jabodetabek",0812-XXXX-XXXX,Sample_Order_9,RETURNING,1,HALF MEDIUM BOX,6.9,Zone 3,7000,Kramat - JAKPUS,126900,slot-2,Credit Card,4,90
3PLA-DRIVER-1,0812-XXXX-XXXX,kecamatan penjaringan,Customer_1522,cust@XXXX.com,2026-04-01,"Anonymized Street, Jabodetabek",0812-XXXX-XXXX,Sample_Order_8,RETURNING,1,HALF MEDIUM BOX,3.65,Zone 2,6500,Beji - Depok,78200,slot-2,GO-PAY Wallet,2,111
3PLB-DRIVER-1,0812-XXXX-XXXX,kecamatan grogol petamburan,Customer_1523,cust@XXXX.com,2026-04-01,"Anonymized Street, Jabodetabek",0812-XXXX-XXXX,Sample_Order_3,RETURNING,1,PLASTIC,6.8,Zone 3,7000,Kembangan - JAKBAR,151710,slot-0bb,ShopeePay,4,197
3PLB-DRIVER-2,0812-XXXX-XXXX,kecamatan pademangan,Customer_1524,cust@XXXX.com,2026-04-01,"Anonymized Street, Jabodetabek",0812-XXXX-XXXX,Sample_Order_4,RETURNING,1,PLASTIC,4.79,Zone 2,6500,Kramat - JAKPUS,162800,slot-sameday,MANDIRI VA Transferpay!,4,99
3PLA-DRIVER-2,0812-XXXX-XXXX,sepatan,Customer_1525,cust@XXXX.com,2026-04-01,"Anonymized Street, Jabodetabek",0812-XXXX-XXXX,Sample_Order_0,RETURNING,1,PLASTIC,5.54,Zone 2,6500,Kramat - JAKPUS,227370,slot-1bb,Cash on Delivery,5,242
3PLA-DRIVER-2,0812-XXXX-XXXX,kecamatan setiabudi,Customer_1526,cust@XXXX.com,2026-04-01,"Anonymized Street, Jabodetabek",0812-XXXX-XXXX,Sample_Order_0,RETURNING,1,PLASTIC,5.54,Zone 2,6500,Kramat - JAKPUS,227370,slot-0bb,Cash on Delivery,5,242
3PLC-DRIVER-2,0812-XXXX-XXXX,kecamatan penjaringan,Customer_1527,cust@XXXX.com,2026-04-01,"Anonymized Street, Jabodetabek",0812-XXXX-XXXX,Sample_Order_6,NEW,1,MEDIUM BOX,9.05,Zone 4,11000,Cibitung - KAB BEKASI,169800,slot-13,Cash on Delivery,5,33
3PLB-DRIVER-2,0812-XXXX-XXXX,kecamatan grogol petamburan,Customer_1528,cust@XXXX.com,2026-04-01,"Anonymized Street, Jabodetabek",0812-XXXX-XXXX,Sample_Order_3,RETURNING,1,PLASTIC,6.8,Zone 3,7000,Kembangan - JAKBAR,151710,slot-1,ShopeePay,4,197
3PLB-DRIVER-3,0812-XXXX-XXXX,kecamatan parung panjang,Customer_1529,cust@XXXX.com,2026-04-01,"Anonymized Street, Jabodetabek",0812-XXXX-XXXX,Sample_Order_7,RETURNING,1,HALF MEDIUM BOX,7.41,Zone 3,7000,Satellite HUB Karawaci,126300,slot-0bb,Credit Card,2,34
3PLA-DRIVER-1,0812-XXXX-XXXX,cikarang selatan,Customer_1530,cust@XXXX.com,2026-04-01,"Anonymized Street, Jabodetabek",0812-XXXX-XXXX,Sample_Order_5,,1,,8.03,Zone 3,7000,Kramat - JAKPUS,273600,slot-1bb,Cash on Delivery,5,276
Sample_Driver_8,0812-XXXX-XXXX,kecamatan jatinegara,Customer_1531,cust@XXXX.com,2026-04-01,"Anonymized Street, Jabodetabek",0812-XXXX-XXXX,Sample_Order_6,NEW,1,MEDIUM BOX,9.05,Zone 4,11000,Cibitung - KAB BEKASI,169800,slot-1bb,Cash on Delivery,5,33
Sample_Driver_8,0812-XXXX-XXXX,kecamatan setiabudi,Customer_1532,cust@XXXX.com,2026-04-01,"Anonymized Street, Jabodetabek",0812-XXXX-XXXX,Sample_Order_0,RETURNING,1,PLASTIC,5.54,Zone 2,6500,Kramat - JAKPUS,227370,slot-1,Cash on Delivery,5,242
3PLA-DRIVER-1,0812-XXXX-XXXX,kecamatan grogol petamburan,Customer_1533,cust@XXXX.com,2026-04-01,"Anonymized Street, Jabodetabek",0812-XXXX-XXXX,Sample_Order_1,RETURNING,1,HALF MEDIUM BOX,11.13,Zone 4,11000,Bintaro - TANGSEL,116100,slot-1bb,OVO Wallet,2,85
3PLB-DRIVER-1,0812-XXXX-XXXX,cikarang selatan,Customer_1534,cust@XXXX.com,2026-04-01,"Anonymized Street, Jabodetabek",0812-XXXX-XXXX,Sample_Order_3,RETURNING,1,PLASTIC,6.8,Zone 3,7000,Kembangan - JAKBAR,151710,slot-1,ShopeePay,4,197
3PLA-DRIVER-2,0812-XXXX-XXXX,kecamatan parung panjang,Customer_1535,cust@XXXX.com,2026-04-01,"Anonymized Street, Jabodetabek",0812-XXXX-XXXX,Sample_Order_9,RETURNING,1,HALF MEDIUM BOX,6.9,Zone 3,7000,Kramat - JAKPUS,126900,slot-2,Credit Card,4,90
3PLB-DRIVER-2,0812-XXXX-XXXX,kecamatan penjaringan,Customer_1536,cust@XXXX.com,2026-04-01,"Anonymized Street, Jabodetabek",0812-XXXX-XXXX,Sample_Order_1,RETURNING,1,HALF MEDIUM BOX,11.13,Zone 4,11000,Bintaro - TANGSEL,116100,slot-0bb,OVO Wallet,2,85
3PLB-DRIVER-2,0812-XXXX-XXXX,kecamatan jatinegara,Customer_1537,cust@XXXX.com,2026-04-01,"Anonymized Street, Jabodetabek",0812-XXXX-XXXX,Sample_Order_0,RETURNING,1,PLASTIC,5.54,Zone 2,6500,Kramat - JAKPUS,227370,slot-2,Cash on Delivery,5,242
3PLA-DRIVER-1,0812-XXXX-XXXX,kecamatan penjaringan,Customer_1538,cust@XXXX.com,2026-04-01,"Anonymized Street, Jabodetabek",0812-XXXX-XXXX,Sample_Order_9,RETURNING,1,HALF MEDIUM BOX,6.9,Zone 3,7000,Kramat - JAKPUS,126900,slot-13,Credit Card,4,90
3PLA-DRIVER-2,0812-XXXX-XXXX,kecamatan grogol petamburan,Customer_1539,cust@XXXX.com,2026-04-01,"Anonymized Street, Jabodetabek",0812-XXXX-XXXX,Sample_Order_4,RETURNING,1,PLASTIC,4.79,Zone 2,6500,Kramat - JAKPUS,162800,slot-1,MANDIRI VA Transferpay!,4,99
Sample_Driver_8,0812-XXXX-XXXX,kecamatan pademangan,Customer_1540,cust@XXXX.com,2026-04-01,"Anonymized Street, Jabodetabek",0812-XXXX-XXXX,Sample_Order_5,,1,,8.03,Zone 3,7000,Kramat - JAKPUS,273600,slot-0bb,Cash on Delivery,5,276
3PLB-DRIVER-2,0812-XXXX-XXXX,kecamatan pademangan,Customer_1541,cust@XXXX.com,2026-04-01,"Anonymized Street, Jabodetabek",0812-XXXX-XXXX,Sample_Order_2,RETURNING,1,PLASTIC,7.03,Zone 3,7000,Kembangan - JAKBAR,624450,slot-1bb,Credit Card,8,24
Sample_Driver_9,0812-XXXX-XXXX,cikarang selatan,Customer_1542,cust@XXXX.com,2026-04-01,"Anonymized Street, Jabodetabek",0812-XXXX-XXXX,Sample_Order_8,RETURNING,1,HALF MEDIUM BOX,3.65,Zone 2,6500,Beji - Depok,78200,slot-0bb,GO-PAY Wallet,2,111
3PLC-DRIVER-1,0812-XXXX-XXXX,kecamatan pinang,Customer_1543,cust@XXXX.com,2026-04-01,"Anonymized Street, Jabodetabek",0812-XXXX-XXXX,Sample_Order_7,RETURNING,1,HALF MEDIUM BOX,7.41,Zone 3,7000,Satellite HUB Karawaci,126300,slot-sameday,Credit Card,2,34
Sample_Driver_9,0812-XXXX-XXXX,kecamatan jagakarsa,Customer_1544,cust@XXXX.com,2026-04-01,"Anonymized Street, Jabodetabek",0812-XXXX-XXXX,Sample_Order_3,RETURNING,1,PLASTIC,6.8,Zone 3,7000,Kembangan - JAKBAR,151710,slot-1,ShopeePay,4,197
3PLB-DRIVER-1,0812-XXXX-XXXX,kecamatan setiabudi,Customer_1545,cust@XXXX.com,2026-04-01,"Anonymized Street, Jabodetabek",0812-XXXX-XXXX,Sample_Order_7,RETURNING,1,HALF MEDIUM BOX,7.41,Zone 3,7000,Satellite HUB Karawaci,126300,slot-1bb,Credit Card,2,34
3PLA-DRIVER-1,0812-XXXX-XXXX,kecamatan jatinegara,Customer_1546,cust@XXXX.com,2026-04-01,"Anonymized Street, Jabodetabek",0812-XXXX-XXXX,Sample_Order_0,RETURNING,1,PLASTIC,5.54,Zone 2,6500,Kramat - JAKPUS,227370,slot-0,Cash on Delivery,5,242
3PLA-DRIVER-1,0812-XXXX-XXXX,kecamatan pademangan,Customer_1547,cust@XXXX.com,2026-04-01,"Anonymized Street, Jabodetabek",0812-XXXX-XXXX,Sample_Order_7,RETURNING,1,HALF MEDIUM BOX,7.41,Zone 3,7000,Satellite HUB Karawaci,126300,slot-1,Credit Card,2,34
3PLB-DRIVER-3,0812-XXXX-XXXX,kecamatan pademangan,Customer_1548,cust@XXXX.com,2026-04-01,"Anonymized Street, Jabodetabek",0812-XXXX-XXXX,Sample_Order_8,RETURNING,1,HALF MEDIUM BOX,3.65,Zone 2,6500,Beji - Depok,78200,slot-13,GO-PAY Wallet,2,111
3PLA-DRIVER-2,0812-XXXX-XXXX,kecamatan penjaringan,Customer_1549,cust@XXXX.com,2026-04-01,"Anonymized Street, Jabodetabek",0812-XXXX-XXXX,Sample_Order_4,RETURNING,1,PLASTIC,4.79,Zone 2,6500,Kramat - JAKPUS,162800,slot-sameday,MANDIRI VA Transferpay!,4,99
3PLC-DRIVER-1,0812-XXXX-XXXX,cikarang selatan,Customer_1550,cust@XXXX.com,2026-04-01,"Anonymized Street, Jabodetabek",0812-XXXX-XXXX,Sample_Order_2,RETURNING,1,PLASTIC,7.03,Zone 3,7000,Kembangan - JAKBAR,624450,slot-1,Credit Card,8,24
Sample_Driver_8,0812-XXXX-XXXX,kecamatan setiabudi,Customer_1551,cust@XXXX.com,2026-04-01,"Anonymized Street, Jabodetabek",0812-XXXX-XXXX,Sample_Order_9,RETURNING,1,HALF MEDIUM BOX,6.9,Zone 3,7000,Kramat - JAKPUS,126900,slot-sameday,Credit Card,4,90
3PLC-DRIVER-1,0812-XXXX-XXXX,kecamatan pinang,Customer_1552,cust@XXXX.com,2026-04-01,"Anonymized Street, Jabodetabek",0812-XXXX-XXXX,Sample_Order_5,,1,,8.03,Zone 3,7000,Kramat - JAKPUS,273600,slot-0,Cash on Delivery,5,276
3PLA-DRIVER-1,0812-XXXX-XXXX,kecamatan pademangan,Customer_1553,cust@XXXX.com,2026-04-01,"Anonymized Street, Jabodetabek",0812-XXXX-XXXX,Sample_Order_6,NEW,1,MEDIUM BOX,9.05,Zone 4,11000,Cibitung - KAB BEKASI,169800,slot-1,Cash on Delivery,5,33
Sample_Driver_8,0812-XXXX-XXXX,kecamatan grogol petamburan,Customer_1554,cust@XXXX.com,2026-04-01,"Anonymized Street, Jabodetabek",0812-XXXX-XXXX,Sample_Order_7,RETURNING,1,HALF MEDIUM BOX,7.41,Zone 3,7000,Satellite HUB Karawaci,126300,slot-sameday,Credit Card,2,34
3PLA-DRIVER-1,0812-XXXX-XXXX,kecamatan parung panjang,Customer_1555,cust@XXXX.com,2026-04-01,"Anonymized Street, Jabodetabek",0812-XXXX-XXXX,Sample_Order_4,RETURNING,1,PLASTIC,4.79,Zone 2,6500,Kramat - JAKPUS,162800,slot-sameday03,MANDIRI VA Transferpay!,4,99
Sample_Driver_9,0812-XXXX-XXXX,kecamatan jagakarsa,Customer_1556,cust@XXXX.com,2026-04-01,"Anonymized Street, Jabodetabek",0812-XXXX-XXXX,Sample_Order_8,RETURNING,1,HALF MEDIUM BOX,3.65,Zone 2,6500,Beji - Depok,78200,slot-0,GO-PAY Wallet,2,111
Sample_Driver_8,0812-XXXX-XXXX,kecamatan setiabudi,Customer_1557,cust@XXXX.com,2026-04-01,"Anonymized Street, Jabodetabek",0812-XXXX-XXXX,Sample_Order_9,RETURNING,1,HALF MEDIUM BOX,6.9,Zone 3,7000,Kramat - JAKPUS,126900,slot-1bb,Credit Card,4,90
3PLC-DRIVER-2,0812-XXXX-XXXX,kecamatan parung panjang,Customer_1558,cust@XXXX.com,2026-04-01,"Anonymized Street, Jabodetabek",0812-XXXX-XXXX,Sample_Order_4,RETURNING,1,PLASTIC,4.79,Zone 2,6500,Kramat - JAKPUS,162800,slot-0,MANDIRI VA Transferpay!,4,99
Sample_Driver_9,0812-XXXX-XXXX,cikarang selatan,Customer_1559,cust@XXXX.com,2026-04-01,"Anonymized Street, Jabodetabek",0812-XXXX-XXXX,Sample_Order_1,RETURNING,1,HALF MEDIUM BOX,11.13,Zone 4,11000,Bintaro - TANGSEL,116100,slot-1,OVO Wallet,2,85
3PLB-DRIVER-1,0812-XXXX-XXXX,kecamatan setiabudi,Customer_1560,cust@XXXX.com,2026-04-01,"Anonymized Street, Jabodetabek",0812-XXXX-XXXX,Sample_Order_3,RETURNING,1,PLASTIC,6.8,Zone 3,7000,Kembangan - JAKBAR,151710,slot-13,ShopeePay,4,197
3PLC-DRIVER-1,0812-XXXX-XXXX,kecamatan parung panjang,Customer_1561,cust@XXXX.com,2026-04-01,"Anonymized Street, Jabodetabek",0812-XXXX-XXXX,Sample_Order_1,RETURNING,1,HALF MEDIUM BOX,11.13,Zone 4,11000,Bintaro - TANGSEL,116100,slot-1,OVO Wallet,2,85
3PLB-DRIVER-3,0812-XXXX-XXXX,kecamatan jagakarsa,Customer_1562,cust@XXXX.com,2026-04-01,"Anonymized Street, Jabodetabek",0812-XXXX-XXXX,Sample_Order_5,,1,,8.03,Zone 3,7000,Kramat - JAKPUS,273600,slot-sameday,Cash on Delivery,5,276
3PLC-DRIVER-2,0812-XXXX-XXXX,cikarang selatan,Customer_1563,cust@XXXX.com,2026-04-01,"Anonymized Street, Jabodetabek",0812-XXXX-XXXX,Sample_Order_5,,1,,8.03,Zone 3,7000,Kramat - JAKPUS,273600,slot-sameday,Cash on Delivery,5,276
3PLB-DRIVER-3,0812-XXXX-XXXX,kecamatan jagakarsa,Customer_1564,cust@XXXX.com,2026-04-01,"Anonymized Street, Jabodetabek",0812-XXXX-XXXX,Sample_Order_9,RETURNING,1,HALF MEDIUM BOX,6.9,Zone 3,7000,Kramat - JAKPUS,126900,slot-0,Credit Card,4,90
3PLA-DRIVER-2,0812-XXXX-XXXX,kecamatan penjaringan,Customer_1565,cust@XXXX.com,2026-04-01,"Anonymized Street, Jabodetabek",0812-XXXX-XXXX,Sample_Order_9,RETURNING,1,HALF MEDIUM BOX,6.9,Zone 3,7000,Kramat - JAKPUS,126900,slot-2,Credit Card,4,90
3PLA-DRIVER-1,0812-XXXX-XXXX,kecamatan jagakarsa,Customer_1566,cust@XXXX.com,2026-04-01,"Anonymized Street, Jabodetabek",0812-XXXX-XXXX,Sample_Order_8,RETURNING,1,HALF MEDIUM BOX,3.65,Zone 2,6500,Beji - Depok,78200,slot-0,GO-PAY Wallet,2,111
Sample_Driver_8,0812-XXXX-XXXX,kecamatan jagakarsa,Customer_1567,cust@XXXX.com,2026-04-01,"Anonymized Street, Jabodetabek",0812-XXXX-XXXX,Sample_Order_7,RETURNING,1,HALF MEDIUM BOX,7.41,Zone 3,7000,Satellite HUB Karawaci,126300,slot-2,Credit Card,2,34
Sample_Driver_9,0812-XXXX-XXXX,kecamatan jagakarsa,Customer_1568,cust@XXXX.com,2026-04-01,"Anonymized Street, Jabodetabek",0812-XXXX-XXXX,Sample_Order_7,RETURNING,1,HALF MEDIUM BOX,7.41,Zone 3,7000,Satellite HUB Karawaci,126300,slot-1,Credit Card,2,34
3PLA-DRIVER-1,0812-XXXX-XXXX,cikarang selatan,Customer_1569,cust@XXXX.com,2026-04-01,"Anonymized Street, Jabodetabek",0812-XXXX-XXXX,Sample_Order_6,NEW,1,MEDIUM BOX,9.05,Zone 4,11000,Cibitung - KAB BEKASI,169800,slot-13,Cash on Delivery,5,33
3PLB-DRIVER-3,0812-XXXX-XXXX,kecamatan parung panjang,Customer_1570,cust@XXXX.com,2026-04-01,"Anonymized Street, Jabodetabek",0812-XXXX-XXXX,Sample_Order_9,RETURNING,1,HALF MEDIUM BOX,6.9,Zone 3,7000,Kramat - JAKPUS,126900,slot-2,Credit Card,4,90
3PLB-DRIVER-3,0812-XXXX-XXXX,kecamatan setiabudi,Customer_1571,cust@XXXX.com,2026-04-01,"Anonymized Street, Jabodetabek",0812-XXXX-XXXX,Sample_Order_8,RETURNING,1,HALF MEDIUM BOX,3.65,Zone 2,6500,Beji - Depok,78200,slot-2,GO-PAY Wallet,2,111
3PLB-DRIVER-1,0812-XXXX-XXXX,kecamatan parung panjang,Customer_1572,cust@XXXX.com,2026-04-01,"Anonymized Street, Jabodetabek",0812-XXXX-XXXX,Sample_Order_7,RETURNING,1,HALF MEDIUM BOX,7.41,Zone 3,7000,Satellite HUB Karawaci,126300,slot-0bb,Credit Card,2,34
3PLA-DRIVER-2,0812-XXXX-XXXX,sepatan,Customer_1573,cust@XXXX.com,2026-04-01,"Anonymized Street, Jabodetabek",0812-XXXX-XXXX,Sample_Order_0,RETURNING,1,PLASTIC,5.54,Zone 2,6500,Kramat - JAKPUS,227370,slot-1bb,Cash on Delivery,5,242
3PLB-DRIVER-2,0812-XXXX-XXXX,kecamatan jatinegara,Customer_1574,cust@XXXX.com,2026-04-01,"Anonymized Street, Jabodetabek",0812-XXXX-XXXX,Sample_Order_4,RETURNING,1,PLASTIC,4.79,Zone 2,6500,Kramat - JAKPUS,162800,slot-0bb,MANDIRI VA Transferpay!,4,99
Sample_Driver_9,0812-XXXX-XXXX,kecamatan jatinegara,Customer_1575,cust@XXXX.com,2026-04-01,"Anonymized Street, Jabodetabek",0812-XXXX-XXXX,Sample_Order_0,RETURNING,1,PLASTIC,5.54,Zone 2,6500,Kramat - JAKPUS,227370,slot-0,Cash on Delivery,5,242
Sample_Driver_8,0812-XXXX-XXXX,kecamatan parung panjang,Customer_1576,cust@XXXX.com,2026-04-01,"Anonymized Street, Jabodetabek",0812-XXXX-XXXX,Sample_Order_9,RETURNING,1,HALF MEDIUM BOX,6.9,Zone 3,7000,Kramat - JAKPUS,126900,slot-0bb,Credit Card,4,90
3PLB-DRIVER-3,0812-XXXX-XXXX,sepatan,Customer_1577,cust@XXXX.com,2026-04-01,"Anonymized Street, Jabodetabek",0812-XXXX-XXXX,Sample_Order_2,RETURNING,1,PLASTIC,7.03,Zone 3,7000,Kembangan - JAKBAR,624450,slot-sameday03,Credit Card,8,24
3PLB-DRIVER-2,0812-XXXX-XXXX,kecamatan penjaringan,Customer_1578,cust@XXXX.com,2026-04-01,"Anonymized Street, Jabodetabek",0812-XXXX-XXXX,Sample_Order_5,,1,,8.03,Zone 3,7000,Kramat - JAKPUS,273600,slot-1,Cash on Delivery,5,276
3PLA-DRIVER-2,0812-XXXX-XXXX,kecamatan jatinegara,Customer_1579,cust@XXXX.com,2026-04-01,"Anonymized Street, Jabodetabek",0812-XXXX-XXXX,Sample_Order_5,,1,,8.03,Zone 3,7000,Kramat - JAKPUS,273600,slot-sameday03,Cash on Delivery,5,276
3PLC-DRIVER-1,0812-XXXX-XXXX,cikarang selatan,Customer_1580,cust@XXXX.com,2026-04-01,"Anonymized Street, Jabodetabek",0812-XXXX-XXXX,Sample_Order_6,NEW,1,MEDIUM BOX,9.05,Zone 4,11000,Cibitung - KAB BEKASI,169800,slot-0,Cash on Delivery,5,33
3PLC-DRIVER-1,0812-XXXX-XXXX,kecamatan pinang,Customer_1581,cust@XXXX.com,2026-04-01,"Anonymized Street, Jabodetabek",0812-XXXX-XXXX,Sample_Order_0,RETURNING,1,PLASTIC,5.54,Zone 2,6500,Kramat - JAKPUS,227370,slot-sameday,Cash on Delivery,5,242
3PLB-DRIVER-3,0812-XXXX-XXXX,kecamatan setiabudi,Customer_1582,cust@XXXX.com,2026-04-01,"Anonymized Street, Jabodetabek",0812-XXXX-XXXX,Sample_Order_1,RETURNING,1,HALF MEDIUM BOX,11.13,Zone 4,11000,Bintaro - TANGSEL,116100,slot-0bb,OVO Wallet,2,85
3PLC-DRIVER-2,0812-XXXX-XXXX,kecamatan parung panjang,Customer_1583,cust@XXXX.com,2026-04-01,"Anonymized Street, Jabodetabek",0812-XXXX-XXXX,Sample_Order_6,NEW,1,MEDIUM BOX,9.05,Zone 4,11000,Cibitung - KAB BEKASI,169800,slot-0,Cash on Delivery,5,33
3PLC-DRIVER-1,0812-XXXX-XXXX,kecamatan grogol petamburan,Customer_1584,cust@XXXX.com,2026-04-01,"Anonymized Street, Jabodetabek",0812-XXXX-XXXX,Sample_Order_4,RETURNING,1,PLASTIC,4.79,Zone 2,6500,Kramat - JAKPUS,162800,slot-1bb,MANDIRI VA Transferpay!,4,99
3PLB-DRIVER-2,0812-XXXX-XXXX,kecamatan pademangan,Customer_1585,cust@XXXX.com,2026-04-01,"Anonymized Street, Jabodetabek",0812-XXXX-XXXX,Sample_Order_8,RETURNING,1,HALF MEDIUM BOX,3.65,Zone 2,6500,Beji - Depok,78200,slot-sameday,GO-PAY Wallet,2,111
3PLB-DRIVER-3,0812-XXXX-XXXX,kecamatan jatinegara,Customer_1586,cust@XXXX.com,2026-04-01,"Anonymized Street, Jabodetabek",0812-XXXX-XXXX,Sample_Order_0,RETURNING,1,PLASTIC,5.54,Zone 2,6500,Kramat - JAKPUS,227370,slot-0,Cash on Delivery,5,242
3PLA-DRIVER-1,0812-XXXX-XXXX,kecamatan jagakarsa,Customer_1587,cust@XXXX.com,2026-04-01,"Anonymized Street, Jabodetabek",0812-XXXX-XXXX,Sample_Order_6,NEW,1,MEDIUM BOX,9.05,Zone 4,11000,Cibitung - KAB BEKASI,169800,slot-1bb,Cash on Delivery,5,33
3PLC-DRIVER-2,0812-XXXX-XXXX,kecamatan jatinegara,Customer_1588,cust@XXXX.com,2026-04-01,"Anonymized Street, Jabodetabek",0812-XXXX-XXXX,Sample_Order_7,RETURNING,1,HALF MEDIUM BOX,7.41,Zone 3,7000,Satellite HUB Karawaci,126300,slot-1bb,Credit Card,2,34
3PLB-DRIVER-3,0812-XXXX-XXXX,kecamatan jatinegara,Customer_1589,cust@XXXX.com,2026-04-01,"Anonymized Street, Jabodetabek",0812-XXXX-XXXX,Sample_Order_4,RETURNING,1,PLASTIC,4.79,Zone 2,6500,Kramat - JAKPUS,162800,slot-0bb,MANDIRI VA Transferpay!,4,99
3PLC-DRIVER-1,0812-XXXX-XXXX,kecamatan jatinegara,Customer_1590,cust@XXXX.com,2026-04-01,"Anonymized Street, Jabodetabek",0812-XXXX-XXXX,Sample_Order_9,RETURNING,1,HALF MEDIUM BOX,6.9,Zone 3,7000,Kramat - JAKPUS,126900,slot-2,Credit Card,4,90
3PLC-DRIVER-1,0812-XXXX-XXXX,kecamatan pademangan,Customer_1591,cust@XXXX.com,2026-04-01,"Anonymized Street, Jabodetabek",0812-XXXX-XXXX,Sample_Order_6,NEW,1,MEDIUM BOX,9.05,Zone 4,11000,Cibitung - KAB BEKASI,169800,slot-sameday,Cash on Delivery,5,33
3PLB-DRIVER-1,0812-XXXX-XXXX,kecamatan pinang,Customer_1592,cust@XXXX.com,2026-04-01,"Anonymized Street, Jabodetabek",0812-XXXX-XXXX,Sample_Order_7,RETURNING,1,HALF MEDIUM BOX,7.41,Zone 3,7000,Satellite HUB Karawaci,126300,slot-1,Credit Card,2,34
Sample_Driver_8,0812-XXXX-XXXX,kecamatan grogol petamburan,Customer_1593,cust@XXXX.com,2026-04-01,"Anonymized Street, Jabodetabek",0812-XXXX-XXXX,Sample_Order_3,RETURNING,1,PLASTIC,6.8,Zone 3,7000,Kembangan - JAKBAR,151710,slot-2,ShopeePay,4,197
3PLC-DRIVER-2,0812-XXXX-XXXX,kecamatan penjaringan,Customer_1594,cust@XXXX.com,2026-04-01,"Anonymized Street, Jabodetabek",0812-XXXX-XXXX,Sample_Order_5,,1,,8.03,Zone 3,7000,Kramat - JAKPUS,273600,slot-1bb,Cash on Delivery,5,276
Sample_Driver_9,0812-XXXX-XXXX,kecamatan parung panjang,Customer_1595,cust@XXXX.com,2026-04-01,"Anonymized Street, Jabodetabek",0812-XXXX-XXXX,Sample_Order_6,NEW,1,MEDIUM BOX,9.05,Zone 4,11000,Cibitung - KAB BEKASI,169800,slot-1,Cash on Delivery,5,33
3PLA-DRIVER-1,0812-XXXX-XXXX,kecamatan setiabudi,Customer_1596,cust@XXXX.com,2026-04-01,"Anonymized Street, Jabodetabek",0812-XXXX-XXXX,Sample_Order_5,,1,,8.03,Zone 3,7000,Kramat - JAKPUS,273600,slot-2,Cash on Delivery,5,276
Sample_Driver_9,0812-XXXX-XXXX,kecamatan pademangan,Customer_1597,cust@XXXX.com,2026-04-01,"Anonymized Street, Jabodetabek",0812-XXXX-XXXX,Sample_Order_2,RETURNING,1,PLASTIC,7.03,Zone 3,7000,Kembangan - JAKBAR,624450,slot-2,Credit Card,8,24
3PLB-DRIVER-2,0812-XXXX-XXXX,kecamatan jatinegara,Customer_1598,cust@XXXX.com,2026-04-01,"Anonymized Street, Jabodetabek",0812-XXXX-XXXX,Sample_Order_1,RETURNING,1,HALF MEDIUM BOX,11.13,Zone 4,11000,Bintaro - TANGSEL,116100,slot-sameday,OVO Wallet,2,85
3PLA-DRIVER-2,0812-XXXX-XXXX,kecamatan pinang,Customer_1599,cust@XXXX.com,2026-04-01,"Anonymized Street, Jabodetabek",0812-XXXX-XXXX,Sample_Order_6,NEW,1,MEDIUM BOX,9.05,Zone 4,11000,Cibitung - KAB BEKASI,169800,slot-sameday03,Cash on Delivery,5,33
3PLB-DRIVER-3,0812-XXXX-XXXX,kecamatan jagakarsa,Customer_1600,cust@XXXX.com,2026-04-01,"Anonymized Street, Jabodetabek",0812-XXXX-XXXX,Sample_Order_9,RETURNING,1,HALF MEDIUM BOX,6.9,Zone 3,7000,Kramat - JAKPUS,126900,slot-sameday03,Credit Card,4,90
Sample_Driver_8,0812-XXXX-XXXX,kecamatan setiabudi,Customer_1601,cust@XXXX.com,2026-04-01,"Anonymized Street, Jabodetabek",0812-XXXX-XXXX,Sample_Order_8,RETURNING,1,HALF MEDIUM BOX,3.65,Zone 2,6500,Beji - Depok,78200,slot-13,GO-PAY Wallet,2,111
3PLC-DRIVER-2,0812-XXXX-XXXX,kecamatan jagakarsa,Customer_1602,cust@XXXX.com,2026-04-01,"Anonymized Street, Jabodetabek",0812-XXXX-XXXX,Sample_Order_6,NEW,1,MEDIUM BOX,9.05,Zone 4,11000,Cibitung - KAB BEKASI,169800,slot-sameday03,Cash on Delivery,5,33
3PLA-DRIVER-1,0812-XXXX-XXXX,kecamatan pinang,Customer_1603,cust@XXXX.com,2026-04-01,"Anonymized Street, Jabodetabek",0812-XXXX-XXXX,Sample_Order_9,RETURNING,1,HALF MEDIUM BOX,6.9,Zone 3,7000,Kramat - JAKPUS,126900,slot-sameday,Credit Card,4,90
3PLA-DRIVER-1,0812-XXXX-XXXX,kecamatan penjaringan,Customer_1604,cust@XXXX.com,2026-04-01,"Anonymized Street, Jabodetabek",0812-XXXX-XXXX,Sample_Order_1,RETURNING,1,HALF MEDIUM BOX,11.13,Zone 4,11000,Bintaro - TANGSEL,116100,slot-0bb,OVO Wallet,2,85
3PLC-DRIVER-2,0812-XXXX-XXXX,kecamatan grogol petamburan,Customer_1605,cust@XXXX.com,2026-04-01,"Anonymized Street, Jabodetabek",0812-XXXX-XXXX,Sample_Order_4,RETURNING,1,PLASTIC,4.79,Zone 2,6500,Kramat - JAKPUS,162800,slot-0bb,MANDIRI VA Transferpay!,4,99
3PLB-DRIVER-2,0812-XXXX-XXXX,kecamatan pademangan,Customer_1606,cust@XXXX.com,2026-04-01,"Anonymized Street, Jabodetabek",0812-XXXX-XXXX,Sample_Order_9,RETURNING,1,HALF MEDIUM BOX,6.9,Zone 3,7000,Kramat - JAKPUS,126900,slot-13,Credit Card,4,90
3PLC-DRIVER-1,0812-XXXX-XXXX,sepatan,Customer_1607,cust@XXXX.com,2026-04-01,"Anonymized Street, Jabodetabek",0812-XXXX-XXXX,Sample_Order_1,RETURNING,1,HALF MEDIUM BOX,11.13,Zone 4,11000,Bintaro - TANGSEL,116100,slot-13,OVO Wallet,2,85
3PLB-DRIVER-1,0812-XXXX-XXXX,kecamatan setiabudi,Customer_1608,cust@XXXX.com,2026-04-01,"Anonymized Street, Jabodetabek",0812-XXXX-XXXX,Sample_Order_3,RETURNING,1,PLASTIC,6.8,Zone 3,7000,Kembangan - JAKBAR,151710,slot-sameday,ShopeePay,4,197
3PLA-DRIVER-2,0812-XXXX-XXXX,kecamatan pademangan,Customer_1609,cust@XXXX.com,2026-04-01,"Anonymized Street, Jabodetabek",0812-XXXX-XXXX,Sample_Order_7,RETURNING,1,HALF MEDIUM BOX,7.41,Zone 3,7000,Satellite HUB Karawaci,126300,slot-0,Credit Card,2,34
3PLC-DRIVER-1,0812-XXXX-XXXX,kecamatan grogol petamburan,Customer_1610,cust@XXXX.com,2026-04-01,"Anonymized Street, Jabodetabek",0812-XXXX-XXXX,Sample_Order_3,RETURNING,1,PLASTIC,6.8,Zone 3,7000,Kembangan - JAKBAR,151710,slot-13,ShopeePay,4,197
3PLB-DRIVER-3,0812-XXXX-XXXX,kecamatan parung panjang,Customer_1611,cust@XXXX.com,2026-04-01,"Anonymized Street, Jabodetabek",0812-XXXX-XXXX,Sample_Order_5,,1,,8.03,Zone 3,7000,Kramat - JAKPUS,273600,slot-sameday03,Cash on Delivery,5,276
3PLC-DRIVER-2,0812-XXXX-XXXX,kecamatan pademangan,Customer_1612,cust@XXXX.com,2026-04-01,"Anonymized Street, Jabodetabek",0812-XXXX-XXXX,Sample_Order_6,NEW,1,MEDIUM BOX,9.05,Zone 4,11000,Cibitung - KAB BEKASI,169800,slot-2,Cash on Delivery,5,33
3PLB-DRIVER-3,0812-XXXX-XXXX,kecamatan jatinegara,Customer_1613,cust@XXXX.com,2026-04-01,"Anonymized Street, Jabodetabek",0812-XXXX-XXXX,Sample_Order_0,RETURNING,1,PLASTIC,5.54,Zone 2,6500,Kramat - JAKPUS,227370,slot-13,Cash on Delivery,5,242
3PLA-DRIVER-1,0812-XXXX-XXXX,kecamatan setiabudi,Customer_1614,cust@XXXX.com,2026-04-01,"Anonymized Street, Jabodetabek",0812-XXXX-XXXX,Sample_Order_7,RETURNING,1,HALF MEDIUM BOX,7.41,Zone 3,7000,Satellite HUB Karawaci,126300,slot-13,Credit Card,2,34
3PLB-DRIVER-1,0812-XXXX-XXXX,kecamatan parung panjang,Customer_1615,cust@XXXX.com,2026-04-01,"Anonymized Street, Jabodetabek",0812-XXXX-XXXX,Sample_Order_8,RETURNING,1,HALF MEDIUM BOX,3.65,Zone 2,6500,Beji - Depok,78200,slot-0bb,GO-PAY Wallet,2,111
3PLB-DRIVER-3,0812-XXXX-XXXX,kecamatan jagakarsa,Customer_1616,cust@XXXX.com,2026-04-01,"Anonymized Street, Jabodetabek",0812-XXXX-XXXX,Sample_Order_8,RETURNING,1,HALF MEDIUM BOX,3.65,Zone 2,6500,Beji - Depok,78200,slot-sameday,GO-PAY Wallet,2,111
3PLB-DRIVER-3,0812-XXXX-XXXX,kecamatan grogol petamburan,Customer_1617,cust@XXXX.com,2026-04-01,"Anonymized Street, Jabodetabek",0812-XXXX-XXXX,Sample_Order_9,RETURNING,1,HALF MEDIUM BOX,6.9,Zone 3,7000,Kramat - JAKPUS,126900,slot-sameday,Credit Card,4,90
Sample_Driver_9,0812-XXXX-XXXX,kecamatan grogol petamburan,Customer_1618,cust@XXXX.com,2026-04-01,"Anonymized Street, Jabodetabek",0812-XXXX-XXXX,Sample_Order_7,RETURNING,1,HALF MEDIUM BOX,7.41,Zone 3,7000,Satellite HUB Karawaci,126300,slot-sameday03,Credit Card,2,34
3PLB-DRIVER-3,0812-XXXX-XXXX,kecamatan pademangan,Customer_1619,cust@XXXX.com,2026-04-01,"Anonymized Street, Jabodetabek",0812-XXXX-XXXX,Sample_Order_9,RETURNING,1,HALF MEDIUM BOX,6.9,Zone 3,7000,Kramat - JAKPUS,126900,slot-1bb,Credit Card,4,90
3PLC-DRIVER-2,0812-XXXX-XXXX,kecamatan pinang,Customer_1620,cust@XXXX.com,2026-04-01,"Anonymized Street, Jabodetabek",0812-XXXX-XXXX,Sample_Order_5,,1,,8.03,Zone 3,7000,Kramat - JAKPUS,273600,slot-13,Cash on Delivery,5,276
3PLB-DRIVER-2,0812-XXXX-XXXX,kecamatan penjaringan,Customer_1621,cust@XXXX.com,2026-04-01,"Anonymized Street, Jabodetabek",0812-XXXX-XXXX,Sample_Order_8,RETURNING,1,HALF MEDIUM BOX,3.65,Zone 2,6500,Beji - Depok,78200,slot-13,GO-PAY Wallet,2,111
3PLC-DRIVER-1,0812-XXXX-XXXX,kecamatan parung panjang,Customer_1622,cust@XXXX.com,2026-04-01,"Anonymized Street, Jabodetabek",0812-XXXX-XXXX,Sample_Order_9,RETURNING,1,HALF MEDIUM BOX,6.9,Zone 3,7000,Kramat - JAKPUS,126900,slot-1bb,Credit Card,4,90
Sample_Driver_8,0812-XXXX-XXXX,kecamatan jatinegara,Customer_1623,cust@XXXX.com,2026-04-01,"Anonymized Street, Jabodetabek",0812-XXXX-XXXX,Sample_Order_1,RETURNING,1,HALF MEDIUM BOX,11.13,Zone 4,11000,Bintaro - TANGSEL,116100,slot-sameday,OVO Wallet,2,85
3PLB-DRIVER-1,0812-XXXX-XXXX,cikarang selatan,Customer_1624,cust@XXXX.com,2026-04-01,"Anonymized Street, Jabodetabek",0812-XXXX-XXXX,Sample_Order_7,RETURNING,1,HALF MEDIUM BOX,7.41,Zone 3,7000,Satellite HUB Karawaci,126300,slot-0,Credit Card,2,34
Sample_Driver_8,0812-XXXX-XXXX,kecamatan penjaringan,Customer_1625,cust@XXXX.com,2026-04-01,"Anonymized Street, Jabodetabek",0812-XXXX-XXXX,Sample_Order_7,RETURNING,1,HALF MEDIUM BOX,7.41,Zone 3,7000,Satellite HUB Karawaci,126300,slot-0bb,Credit Card,2,34
3PLB-DRIVER-1,0812-XXXX-XXXX,kecamatan pademangan,Customer_1626,cust@XXXX.com,2026-04-01,"Anonymized Street, Jabodetabek",0812-XXXX-XXXX,Sample_Order_3,RETURNING,1,PLASTIC,6.8,Zone 3,7000,Kembangan - JAKBAR,151710,slot-1bb,ShopeePay,4,197
3PLA-DRIVER-2,0812-XXXX-XXXX,kecamatan pademangan,Customer_1627,cust@XXXX.com,2026-04-01,"Anonymized Street, Jabodetabek",0812-XXXX-XXXX,Sample_Order_9,RETURNING,1,HALF MEDIUM BOX,6.9,Zone 3,7000,Kramat - JAKPUS,126900,slot-1bb,Credit Card,4,90
3PLC-DRIVER-1,0812-XXXX-XXXX,kecamatan jatinegara,Customer_1628,cust@XXXX.com,2026-04-01,"Anonymized Street, Jabodetabek",0812-XXXX-XXXX,Sample_Order_1,RETURNING,1,HALF MEDIUM BOX,11.13,Zone 4,11000,Bintaro - TANGSEL,116100,slot-sameday,OVO Wallet,2,85
3PLA-DRIVER-1,0812-XXXX-XXXX,kecamatan pinang,Customer_1629,cust@XXXX.com,2026-04-01,"Anonymized Street, Jabodetabek",0812-XXXX-XXXX,Sample_Order_8,RETURNING,1,HALF MEDIUM BOX,3.65,Zone 2,6500,Beji - Depok,78200,slot-0,GO-PAY Wallet,2,111
3PLC-DRIVER-2,0812-XXXX-XXXX,kecamatan jatinegara,Customer_1630,cust@XXXX.com,2026-04-01,"Anonymized Street, Jabodetabek",0812-XXXX-XXXX,Sample_Order_8,RETURNING,1,HALF MEDIUM BOX,3.65,Zone 2,6500,Beji - Depok,78200,slot-1,GO-PAY Wallet,2,111
3PLB-DRIVER-3,0812-XXXX-XXXX,kecamatan grogol petamburan,Customer_1631,cust@XXXX.com,2026-04-01,"Anonymized Street, Jabodetabek",0812-XXXX-XXXX,Sample_Order_5,,1,,8.03,Zone 3,7000,Kramat - JAKPUS,273600,slot-sameday03,Cash on Delivery,5,276
3PLB-DRIVER-3,0812-XXXX-XXXX,kecamatan jatinegara,Customer_1632,cust@XXXX.com,2026-04-01,"Anonymized Street, Jabodetabek",0812-XXXX-XXXX,Sample_Order_7,RETURNING,1,HALF MEDIUM BOX,7.41,Zone 3,7000,Satellite HUB Karawaci,126300,slot-1bb,Credit Card,2,34
3PLB-DRIVER-1,0812-XXXX-XXXX,kecamatan jatinegara,Customer_1633,cust@XXXX.com,2026-04-01,"Anonymized Street, Jabodetabek",0812-XXXX-XXXX,Sample_Order_4,RETURNING,1,PLASTIC,4.79,Zone 2,6500,Kramat - JAKPUS,162800,slot-2,MANDIRI VA Transferpay!,4,99
3PLC-DRIVER-2,0812-XXXX-XXXX,kecamatan setiabudi,Customer_1634,cust@XXXX.com,2026-04-01,"Anonymized Street, Jabodetabek",0812-XXXX-XXXX,Sample_Order_0,RETURNING,1,PLASTIC,5.54,Zone 2,6500,Kramat - JAKPUS,227370,slot-1,Cash on Delivery,5,242
3PLB-DRIVER-3,0812-XXXX-XXXX,cikarang selatan,Customer_1635,cust@XXXX.com,2026-04-01,"Anonymized Street, Jabodetabek",0812-XXXX-XXXX,Sample_Order_2,RETURNING,1,PLASTIC,7.03,Zone 3,7000,Kembangan - JAKBAR,624450,slot-sameday,Credit Card,8,24
Sample_Driver_8,0812-XXXX-XXXX,kecamatan parung panjang,Customer_1636,cust@XXXX.com,2026-04-01,"Anonymized Street, Jabodetabek",0812-XXXX-XXXX,Sample_Order_0,RETURNING,1,PLASTIC,5.54,Zone 2,6500,Kramat - JAKPUS,227370,slot-1,Cash on Delivery,5,242
3PLA-DRIVER-1,0812-XXXX-XXXX,kecamatan parung panjang,Customer_1637,cust@XXXX.com,2026-04-01,"Anonymized Street, Jabodetabek",0812-XXXX-XXXX,Sample_Order_3,RETURNING,1,PLASTIC,6.8,Zone 3,7000,Kembangan - JAKBAR,151710,slot-0bb,ShopeePay,4,197
3PLB-DRIVER-2,0812-XXXX-XXXX,kecamatan pademangan,Customer_1638,cust@XXXX.com,2026-04-01,"Anonymized Street, Jabodetabek",0812-XXXX-XXXX,Sample_Order_0,RETURNING,1,PLASTIC,5.54,Zone 2,6500,Kramat - JAKPUS,227370,slot-sameday03,Cash on Delivery,5,242
3PLA-DRIVER-1,0812-XXXX-XXXX,kecamatan pademangan,Customer_1639,cust@XXXX.com,2026-04-01,"Anonymized Street, Jabodetabek",0812-XXXX-XXXX,Sample_Order_6,NEW,1,MEDIUM BOX,9.05,Zone 4,11000,Cibitung - KAB BEKASI,169800,slot-0,Cash on Delivery,5,33
3PLC-DRIVER-2,0812-XXXX-XXXX,kecamatan pinang,Customer_1640,cust@XXXX.com,2026-04-01,"Anonymized Street, Jabodetabek",0812-XXXX-XXXX,Sample_Order_6,NEW,1,MEDIUM BOX,9.05,Zone 4,11000,Cibitung - KAB BEKASI,169800,slot-2,Cash on Delivery,5,33
3PLB-DRIVER-3,0812-XXXX-XXXX,kecamatan pademangan,Customer_1641,cust@XXXX.com,2026-04-01,"Anonymized Street, Jabodetabek",0812-XXXX-XXXX,Sample_Order_1,RETURNING,1,HALF MEDIUM BOX,11.13,Zone 4,11000,Bintaro - TANGSEL,116100,slot-0bb,OVO Wallet,2,85
3PLC-DRIVER-2,0812-XXXX-XXXX,kecamatan parung panjang,Customer_1642,cust@XXXX.com,2026-04-01,"Anonymized Street, Jabodetabek",0812-XXXX-XXXX,Sample_Order_0,RETURNING,1,PLASTIC,5.54,Zone 2,6500,Kramat - JAKPUS,227370,slot-sameday03,Cash on Delivery,5,242
3PLC-DRIVER-1,0812-XXXX-XXXX,kecamatan pinang,Customer_1643,cust@XXXX.com,2026-04-01,"Anonymized Street, Jabodetabek",0812-XXXX-XXXX,Sample_Order_7,RETURNING,1,HALF MEDIUM BOX,7.41,Zone 3,7000,Satellite HUB Karawaci,126300,slot-0bb,Credit Card,2,34
3PLA-DRIVER-2,0812-XXXX-XXXX,sepatan,Customer_1644,cust@XXXX.com,2026-04-01,"Anonymized Street, Jabodetabek",0812-XXXX-XXXX,Sample_Order_3,RETURNING,1,PLASTIC,6.8,Zone 3,7000,Kembangan - JAKBAR,151710,slot-0,ShopeePay,4,197
3PLA-DRIVER-1,0812-XXXX-XXXX,kecamatan pinang,Customer_1645,cust@XXXX.com,2026-04-01,"Anonymized Street, Jabodetabek",0812-XXXX-XXXX,Sample_Order_2,RETURNING,1,PLASTIC,7.03,Zone 3,7000,Kembangan - JAKBAR,624450,slot-sameday,Credit Card,8,24
3PLC-DRIVER-1,0812-XXXX-XXXX,kecamatan penjaringan,Customer_1646,cust@XXXX.com,2026-04-01,"Anonymized Street, Jabodetabek",0812-XXXX-XXXX,Sample_Order_6,NEW,1,MEDIUM BOX,9.05,Zone 4,11000,Cibitung - KAB BEKASI,169800,slot-0,Cash on Delivery,5,33
3PLA-DRIVER-1,0812-XXXX-XXXX,kecamatan pademangan,Customer_1647,cust@XXXX.com,2026-04-01,"Anonymized Street, Jabodetabek",0812-XXXX-XXXX,Sample_Order_6,NEW,1,MEDIUM BOX,9.05,Zone 4,11000,Cibitung - KAB BEKASI,169800,slot-1bb,Cash on Delivery,5,33
Sample_Driver_9,0812-XXXX-XXXX,kecamatan setiabudi,Customer_1648,cust@XXXX.com,2026-04-01,"Anonymized Street, Jabodetabek",0812-XXXX-XXXX,Sample_Order_9,RETURNING,1,HALF MEDIUM BOX,6.9,Zone 3,7000,Kramat - JAKPUS,126900,slot-sameday03,Credit Card,4,90
3PLA-DRIVER-1,0812-XXXX-XXXX,kecamatan jatinegara,Customer_1649,cust@XXXX.com,2026-04-01,"Anonymized Street, Jabodetabek",0812-XXXX-XXXX,Sample_Order_5,,1,,8.03,Zone 3,7000,Kramat - JAKPUS,273600,slot-0bb,Cash on Delivery,5,276
3PLB-DRIVER-3,0812-XXXX-XXXX,kecamatan pinang,Customer_1650,cust@XXXX.com,2026-04-01,"Anonymized Street, Jabodetabek",0812-XXXX-XXXX,Sample_Order_0,RETURNING,1,PLASTIC,5.54,Zone 2,6500,Kramat - JAKPUS,227370,slot-1bb,Cash on Delivery,5,242
3PLB-DRIVER-2,0812-XXXX-XXXX,kecamatan setiabudi,Customer_1651,cust@XXXX.com,2026-04-01,"Anonymized Street, Jabodetabek",0812-XXXX-XXXX,Sample_Order_2,RETURNING,1,PLASTIC,7.03,Zone 3,7000,Kembangan - JAKBAR,624450,slot-0bb,Credit Card,8,24
3PLB-DRIVER-2,0812-XXXX-XXXX,kecamatan penjaringan,Customer_1652,cust@XXXX.com,2026-04-01,"Anonymized Street, Jabodetabek",0812-XXXX-XXXX,Sample_Order_3,RETURNING,1,PLASTIC,6.8,Zone 3,7000,Kembangan - JAKBAR,151710,slot-1bb,ShopeePay,4,197
3PLB-DRIVER-3,0812-XXXX-XXXX,kecamatan pademangan,Customer_1653,cust@XXXX.com,2026-04-01,"Anonymized Street, Jabodetabek",0812-XXXX-XXXX,Sample_Order_5,,1,,8.03,Zone 3,7000,Kramat - JAKPUS,273600,slot-13,Cash on Delivery,5,276
Sample_Driver_8,0812-XXXX-XXXX,kecamatan parung panjang,Customer_1654,cust@XXXX.com,2026-04-01,"Anonymized Street, Jabodetabek",0812-XXXX-XXXX,Sample_Order_3,RETURNING,1,PLASTIC,6.8,Zone 3,7000,Kembangan - JAKBAR,151710,slot-1bb,ShopeePay,4,197
3PLB-DRIVER-1,0812-XXXX-XXXX,kecamatan pademangan,Customer_1655,cust@XXXX.com,2026-04-01,"Anonymized Street, Jabodetabek",0812-XXXX-XXXX,Sample_Order_7,RETURNING,1,HALF MEDIUM BOX,7.41,Zone 3,7000,Satellite HUB Karawaci,126300,slot-1bb,Credit Card,2,34
Sample_Driver_9,0812-XXXX-XXXX,cikarang selatan,Customer_1656,cust@XXXX.com,2026-04-01,"Anonymized Street, Jabodetabek",0812-XXXX-XXXX,Sample_Order_6,NEW,1,MEDIUM BOX,9.05,Zone 4,11000,Cibitung - KAB BEKASI,169800,slot-1,Cash on Delivery,5,33
3PLC-DRIVER-2,0812-XXXX-XXXX,cikarang selatan,Customer_1657,cust@XXXX.com,2026-04-01,"Anonymized Street, Jabodetabek",0812-XXXX-XXXX,Sample_Order_8,RETURNING,1,HALF MEDIUM BOX,3.65,Zone 2,6500,Beji - Depok,78200,slot-sameday,GO-PAY Wallet,2,111
Sample_Driver_9,0812-XXXX-XXXX,kecamatan jagakarsa,Customer_1658,cust@XXXX.com,2026-04-01,"Anonymized Street, Jabodetabek",0812-XXXX-XXXX,Sample_Order_3,RETURNING,1,PLASTIC,6.8,Zone 3,7000,Kembangan - JAKBAR,151710,slot-0bb,ShopeePay,4,197
3PLA-DRIVER-1,0812-XXXX-XXXX,sepatan,Customer_1659,cust@XXXX.com,2026-04-01,"Anonymized Street, Jabodetabek",0812-XXXX-XXXX,Sample_Order_3,RETURNING,1,PLASTIC,6.8,Zone 3,7000,Kembangan - JAKBAR,151710,slot-1bb,ShopeePay,4,197
3PLA-DRIVER-2,0812-XXXX-XXXX,kecamatan jatinegara,Customer_1660,cust@XXXX.com,2026-04-01,"Anonymized Street, Jabodetabek",0812-XXXX-XXXX,Sample_Order_1,RETURNING,1,HALF MEDIUM BOX,11.13,Zone 4,11000,Bintaro - TANGSEL,116100,slot-13,OVO Wallet,2,85
3PLC-DRIVER-2,0812-XXXX-XXXX,kecamatan pinang,Customer_1661,cust@XXXX.com,2026-04-01,"Anonymized Street, Jabodetabek",0812-XXXX-XXXX,Sample_Order_3,RETURNING,1,PLASTIC,6.8,Zone 3,7000,Kembangan - JAKBAR,151710,slot-0bb,ShopeePay,4,197
Sample_Driver_8,0812-XXXX-XXXX,cikarang selatan,Customer_1662,cust@XXXX.com,2026-04-01,"Anonymized Street, Jabodetabek",0812-XXXX-XXXX,Sample_Order_2,RETURNING,1,PLASTIC,7.03,Zone 3,7000,Kembangan - JAKBAR,624450,slot-sameday,Credit Card,8,24
3PLB-DRIVER-3,0812-XXXX-XXXX,kecamatan grogol petamburan,Customer_1663,cust@XXXX.com,2026-04-01,"Anonymized Street, Jabodetabek",0812-XXXX-XXXX,Sample_Order_7,RETURNING,1,HALF MEDIUM BOX,7.41,Zone 3,7000,Satellite HUB Karawaci,126300,slot-1,Credit Card,2,34
3PLB-DRIVER-2,0812-XXXX-XXXX,kecamatan setiabudi,Customer_1664,cust@XXXX.com,2026-04-01,"Anonymized Street, Jabodetabek",0812-XXXX-XXXX,Sample_Order_4,RETURNING,1,PLASTIC,4.79,Zone 2,6500,Kramat - JAKPUS,162800,slot-sameday,MANDIRI VA Transferpay!,4,99
3PLA-DRIVER-2,0812-XXXX-XXXX,kecamatan pinang,Customer_1665,cust@XXXX.com,2026-04-01,"Anonymized Street, Jabodetabek",0812-XXXX-XXXX,Sample_Order_2,RETURNING,1,PLASTIC,7.03,Zone 3,7000,Kembangan - JAKBAR,624450,slot-0bb,Credit Card,8,24
Sample_Driver_8,0812-XXXX-XXXX,kecamatan parung panjang,Customer_1666,cust@XXXX.com,2026-04-01,"Anonymized Street, Jabodetabek",0812-XXXX-XXXX,Sample_Order_9,RETURNING,1,HALF MEDIUM BOX,6.9,Zone 3,7000,Kramat - JAKPUS,126900,slot-1bb,Credit Card,4,90
3PLA-DRIVER-1,0812-XXXX-XXXX,kecamatan penjaringan,Customer_1667,cust@XXXX.com,2026-04-01,"Anonymized Street, Jabodetabek",0812-XXXX-XXXX,Sample_Order_8,RETURNING,1,HALF MEDIUM BOX,3.65,Zone 2,6500,Beji - Depok,78200,slot-1bb,GO-PAY Wallet,2,111
3PLC-DRIVER-2,0812-XXXX-XXXX,cikarang selatan,Customer_1668,cust@XXXX.com,2026-04-01,"Anonymized Street, Jabodetabek",0812-XXXX-XXXX,Sample_Order_4,RETURNING,1,PLASTIC,4.79,Zone 2,6500,Kramat - JAKPUS,162800,slot-0bb,MANDIRI VA Transferpay!,4,99
Sample_Driver_8,0812-XXXX-XXXX,kecamatan setiabudi,Customer_1669,cust@XXXX.com,2026-04-01,"Anonymized Street, Jabodetabek",0812-XXXX-XXXX,Sample_Order_5,,1,,8.03,Zone 3,7000,Kramat - JAKPUS,273600,slot-2,Cash on Delivery,5,276
Sample_Driver_8,0812-XXXX-XXXX,kecamatan pinang,Customer_1670,cust@XXXX.com,2026-04-01,"Anonymized Street, Jabodetabek",0812-XXXX-XXXX,Sample_Order_0,RETURNING,1,PLASTIC,5.54,Zone 2,6500,Kramat - JAKPUS,227370,slot-1,Cash on Delivery,5,242
3PLB-DRIVER-3,0812-XXXX-XXXX,cikarang selatan,Customer_1671,cust@XXXX.com,2026-04-01,"Anonymized Street, Jabodetabek",0812-XXXX-XXXX,Sample_Order_2,RETURNING,1,PLASTIC,7.03,Zone 3,7000,Kembangan - JAKBAR,624450,slot-13,Credit Card,8,24
3PLC-DRIVER-1,0812-XXXX-XXXX,kecamatan pinang,Customer_1672,cust@XXXX.com,2026-04-01,"Anonymized Street, Jabodetabek",0812-XXXX-XXXX,Sample_Order_3,RETURNING,1,PLASTIC,6.8,Zone 3,7000,Kembangan - JAKBAR,151710,slot-1bb,ShopeePay,4,197
Sample_Driver_9,0812-XXXX-XXXX,kecamatan pinang,Customer_1673,cust@XXXX.com,2026-04-01,"Anonymized Street, Jabodetabek",0812-XXXX-XXXX,Sample_Order_7,RETURNING,1,HALF MEDIUM BOX,7.41,Zone 3,7000,Satellite HUB Karawaci,126300,slot-13,Credit Card,2,34
Sample_Driver_9,0812-XXXX-XXXX,kecamatan setiabudi,Customer_1674,cust@XXXX.com,2026-04-01,"Anonymized Street, Jabodetabek",0812-XXXX-XXXX,Sample_Order_6,NEW,1,MEDIUM BOX,9.05,Zone 4,11000,Cibitung - KAB BEKASI,169800,slot-sameday03,Cash on Delivery,5,33
3PLA-DRIVER-1,0812-XXXX-XXXX,sepatan,Customer_1675,cust@XXXX.com,2026-04-01,"Anonymized Street, Jabodetabek",0812-XXXX-XXXX,Sample_Order_2,RETURNING,1,PLASTIC,7.03,Zone 3,7000,Kembangan - JAKBAR,624450,slot-sameday,Credit Card,8,24
3PLB-DRIVER-3,0812-XXXX-XXXX,kecamatan jatinegara,Customer_1676,cust@XXXX.com,2026-04-01,"Anonymized Street, Jabodetabek",0812-XXXX-XXXX,Sample_Order_0,RETURNING,1,PLASTIC,5.54,Zone 2,6500,Kramat - JAKPUS,227370,slot-sameday03,Cash on Delivery,5,242
3PLC-DRIVER-1,0812-XXXX-XXXX,kecamatan jagakarsa,Customer_1677,cust@XXXX.com,2026-04-01,"Anonymized Street, Jabodetabek",0812-XXXX-XXXX,Sample_Order_5,,1,,8.03,Zone 3,7000,Kramat - JAKPUS,273600,slot-0bb,Cash on Delivery,5,276
Sample_Driver_9,0812-XXXX-XXXX,kecamatan penjaringan,Customer_1678,cust@XXXX.com,2026-04-01,"Anonymized Street, Jabodetabek",0812-XXXX-XXXX,Sample_Order_8,RETURNING,1,HALF MEDIUM BOX,3.65,Zone 2,6500,Beji - Depok,78200,slot-1,GO-PAY Wallet,2,111
3PLA-DRIVER-2,0812-XXXX-XXXX,kecamatan jatinegara,Customer_1679,cust@XXXX.com,2026-04-01,"Anonymized Street, Jabodetabek",0812-XXXX-XXXX,Sample_Order_3,RETURNING,1,PLASTIC,6.8,Zone 3,7000,Kembangan - JAKBAR,151710,slot-1bb,ShopeePay,4,197
3PLC-DRIVER-1,0812-XXXX-XXXX,kecamatan setiabudi,Customer_1680,cust@XXXX.com,2026-04-01,"Anonymized Street, Jabodetabek",0812-XXXX-XXXX,Sample_Order_5,,1,,8.03,Zone 3,7000,Kramat - JAKPUS,273600,slot-sameday,Cash on Delivery,5,276
3PLB-DRIVER-1,0812-XXXX-XXXX,kecamatan jatinegara,Customer_1681,cust@XXXX.com,2026-04-01,"Anonymized Street, Jabodetabek",0812-XXXX-XXXX,Sample_Order_1,RETURNING,1,HALF MEDIUM BOX,11.13,Zone 4,11000,Bintaro - TANGSEL,116100,slot-sameday,OVO Wallet,2,85
3PLA-DRIVER-2,0812-XXXX-XXXX,kecamatan penjaringan,Customer_1682,cust@XXXX.com,2026-04-01,"Anonymized Street, Jabodetabek",0812-XXXX-XXXX,Sample_Order_2,RETURNING,1,PLASTIC,7.03,Zone 3,7000,Kembangan - JAKBAR,624450,slot-0bb,Credit Card,8,24
3PLB-DRIVER-1,0812-XXXX-XXXX,sepatan,Customer_1683,cust@XXXX.com,2026-04-01,"Anonymized Street, Jabodetabek",0812-XXXX-XXXX,Sample_Order_4,RETURNING,1,PLASTIC,4.79,Zone 2,6500,Kramat - JAKPUS,162800,slot-sameday03,MANDIRI VA Transferpay!,4,99
Sample_Driver_8,0812-XXXX-XXXX,kecamatan jagakarsa,Customer_1684,cust@XXXX.com,2026-04-01,"Anonymized Street, Jabodetabek",0812-XXXX-XXXX,Sample_Order_1,RETURNING,1,HALF MEDIUM BOX,11.13,Zone 4,11000,Bintaro - TANGSEL,116100,slot-0bb,OVO Wallet,2,85
3PLC-DRIVER-2,0812-XXXX-XXXX,kecamatan grogol petamburan,Customer_1685,cust@XXXX.com,2026-04-01,"Anonymized Street, Jabodetabek",0812-XXXX-XXXX,Sample_Order_8,RETURNING,1,HALF MEDIUM BOX,3.65,Zone 2,6500,Beji - Depok,78200,slot-13,GO-PAY Wallet,2,111
3PLC-DRIVER-2,0812-XXXX-XXXX,kecamatan pinang,Customer_1686,cust@XXXX.com,2026-04-01,"Anonymized Street, Jabodetabek",0812-XXXX-XXXX,Sample_Order_0,RETURNING,1,PLASTIC,5.54,Zone 2,6500,Kramat - JAKPUS,227370,slot-sameday,Cash on Delivery,5,242
3PLB-DRIVER-1,0812-XXXX-XXXX,kecamatan pademangan,Customer_1687,cust@XXXX.com,2026-04-01,"Anonymized Street, Jabodetabek",0812-XXXX-XXXX,Sample_Order_2,RETURNING,1,PLASTIC,7.03,Zone 3,7000,Kembangan - JAKBAR,624450,slot-2,Credit Card,8,24
3PLA-DRIVER-1,0812-XXXX-XXXX,cikarang selatan,Customer_1688,cust@XXXX.com,2026-04-01,"Anonymized Street, Jabodetabek",0812-XXXX-XXXX,Sample_Order_0,RETURNING,1,PLASTIC,5.54,Zone 2,6500,Kramat - JAKPUS,227370,slot-1,Cash on Delivery,5,242
Sample_Driver_9,0812-XXXX-XXXX,kecamatan grogol petamburan,Customer_1689,cust@XXXX.com,2026-04-01,"Anonymized Street, Jabodetabek",0812-XXXX-XXXX,Sample_Order_2,RETURNING,1,PLASTIC,7.03,Zone 3,7000,Kembangan - JAKBAR,624450,slot-1,Credit Card,8,24
3PLC-DRIVER-1,0812-XXXX-XXXX,kecamatan setiabudi,Customer_1690,cust@XXXX.com,2026-04-01,"Anonymized Street, Jabodetabek",0812-XXXX-XXXX,Sample_Order_2,RETURNING,1,PLASTIC,7.03,Zone 3,7000,Kembangan - JAKBAR,624450,slot-13,Credit Card,8,24
3PLC-DRIVER-2,0812-XXXX-XXXX,kecamatan setiabudi,Customer_1691,cust@XXXX.com,2026-04-01,"Anonymized Street, Jabodetabek",0812-XXXX-XXXX,Sample_Order_0,RETURNING,1,PLASTIC,5.54,Zone 2,6500,Kramat - JAKPUS,227370,slot-sameday,Cash on Delivery,5,242
Sample_Driver_9,0812-XXXX-XXXX,kecamatan pademangan,Customer_1692,cust@XXXX.com,2026-04-01,"Anonymized Street, Jabodetabek",0812-XXXX-XXXX,Sample_Order_9,RETURNING,1,HALF MEDIUM BOX,6.9,Zone 3,7000,Kramat - JAKPUS,126900,slot-2,Credit Card,4,90
Sample_Driver_8,0812-XXXX-XXXX,kecamatan parung panjang,Customer_1693,cust@XXXX.com,2026-04-01,"Anonymized Street, Jabodetabek",0812-XXXX-XXXX,Sample_Order_8,RETURNING,1,HALF MEDIUM BOX,3.65,Zone 2,6500,Beji - Depok,78200,slot-0,GO-PAY Wallet,2,111
3PLB-DRIVER-2,0812-XXXX-XXXX,kecamatan pinang,Customer_1694,cust@XXXX.com,2026-04-01,"Anonymized Street, Jabodetabek",0812-XXXX-XXXX,Sample_Order_8,RETURNING,1,HALF MEDIUM BOX,3.65,Zone 2,6500,Beji - Depok,78200,slot-0,GO-PAY Wallet,2,111
3PLA-DRIVER-2,0812-XXXX-XXXX,kecamatan setiabudi,Customer_1695,cust@XXXX.com,2026-04-01,"Anonymized Street, Jabodetabek",0812-XXXX-XXXX,Sample_Order_1,RETURNING,1,HALF MEDIUM BOX,11.13,Zone 4,11000,Bintaro - TANGSEL,116100,slot-0bb,OVO Wallet,2,85
3PLA-DRIVER-2,0812-XXXX-XXXX,kecamatan parung panjang,Customer_1696,cust@XXXX.com,2026-04-01,"Anonymized Street, Jabodetabek",0812-XXXX-XXXX,Sample_Order_1,RETURNING,1,HALF MEDIUM BOX,11.13,Zone 4,11000,Bintaro - TANGSEL,116100,slot-2,OVO Wallet,2,85
Sample_Driver_9,0812-XXXX-XXXX,cikarang selatan,Customer_1697,cust@XXXX.com,2026-04-01,"Anonymized Street, Jabodetabek",0812-XXXX-XXXX,Sample_Order_6,NEW,1,MEDIUM BOX,9.05,Zone 4,11000,Cibitung - KAB BEKASI,169800,slot-13,Cash on Delivery,5,33
3PLC-DRIVER-2,0812-XXXX-XXXX,kecamatan setiabudi,Customer_1698,cust@XXXX.com,2026-04-01,"Anonymized Street, Jabodetabek",0812-XXXX-XXXX,Sample_Order_3,RETURNING,1,PLASTIC,6.8,Zone 3,7000,Kembangan - JAKBAR,151710,slot-0bb,ShopeePay,4,197
Sample_Driver_9,0812-XXXX-XXXX,kecamatan setiabudi,Customer_1699,cust@XXXX.com,2026-04-01,"Anonymized Street, Jabodetabek",0812-XXXX-XXXX,Sample_Order_8,RETURNING,1,HALF MEDIUM BOX,3.65,Zone 2,6500,Beji - Depok,78200,slot-1,GO-PAY Wallet,2,111
3PLB-DRIVER-1,0812-XXXX-XXXX,kecamatan pademangan,Customer_1700,cust@XXXX.com,2026-04-01,"Anonymized Street, Jabodetabek",0812-XXXX-XXXX,Sample_Order_2,RETURNING,1,PLASTIC,7.03,Zone 3,7000,Kembangan - JAKBAR,624450,slot-sameday,Credit Card,8,24
3PLB-DRIVER-1,0812-XXXX-XXXX,kecamatan penjaringan,Customer_1701,cust@XXXX.com,2026-04-01,"Anonymized Street, Jabodetabek",0812-XXXX-XXXX,Sample_Order_4,RETURNING,1,PLASTIC,4.79,Zone 2,6500,Kramat - JAKPUS,162800,slot-sameday03,MANDIRI VA Transferpay!,4,99
3PLB-DRIVER-1,0812-XXXX-XXXX,kecamatan parung panjang,Customer_1702,cust@XXXX.com,2026-04-01,"Anonymized Street, Jabodetabek",0812-XXXX-XXXX,Sample_Order_7,RETURNING,1,HALF MEDIUM BOX,7.41,Zone 3,7000,Satellite HUB Karawaci,126300,slot-1,Credit Card,2,34
Sample_Driver_8,0812-XXXX-XXXX,kecamatan jagakarsa,Customer_1703,cust@XXXX.com,2026-04-01,"Anonymized Street, Jabodetabek",0812-XXXX-XXXX,Sample_Order_9,RETURNING,1,HALF MEDIUM BOX,6.9,Zone 3,7000,Kramat - JAKPUS,126900,slot-0bb,Credit Card,4,90
3PLA-DRIVER-2,0812-XXXX-XXXX,kecamatan parung panjang,Customer_1704,cust@XXXX.com,2026-04-01,"Anonymized Street, Jabodetabek",0812-XXXX-XXXX,Sample_Order_2,RETURNING,1,PLASTIC,7.03,Zone 3,7000,Kembangan - JAKBAR,624450,slot-2,Credit Card,8,24
3PLA-DRIVER-1,0812-XXXX-XXXX,sepatan,Customer_1705,cust@XXXX.com,2026-04-01,"Anonymized Street, Jabodetabek",0812-XXXX-XXXX,Sample_Order_3,RETURNING,1,PLASTIC,6.8,Zone 3,7000,Kembangan - JAKBAR,151710,slot-1,ShopeePay,4,197
3PLB-DRIVER-1,0812-XXXX-XXXX,cikarang selatan,Customer_1706,cust@XXXX.com,2026-04-01,"Anonymized Street, Jabodetabek",0812-XXXX-XXXX,Sample_Order_9,RETURNING,1,HALF MEDIUM BOX,6.9,Zone 3,7000,Kramat - JAKPUS,126900,slot-2,Credit Card,4,90
3PLB-DRIVER-2,0812-XXXX-XXXX,kecamatan jatinegara,Customer_1707,cust@XXXX.com,2026-04-01,"Anonymized Street, Jabodetabek",0812-XXXX-XXXX,Sample_Order_6,NEW,1,MEDIUM BOX,9.05,Zone 4,11000,Cibitung - KAB BEKASI,169800,slot-2,Cash on Delivery,5,33
3PLB-DRIVER-2,0812-XXXX-XXXX,kecamatan grogol petamburan,Customer_1708,cust@XXXX.com,2026-04-01,"Anonymized Street, Jabodetabek",0812-XXXX-XXXX,Sample_Order_7,RETURNING,1,HALF MEDIUM BOX,7.41,Zone 3,7000,Satellite HUB Karawaci,126300,slot-2,Credit Card,2,34
Sample_Driver_9,0812-XXXX-XXXX,kecamatan parung panjang,Customer_1709,cust@XXXX.com,2026-04-01,"Anonymized Street, Jabodetabek",0812-XXXX-XXXX,Sample_Order_4,RETURNING,1,PLASTIC,4.79,Zone 2,6500,Kramat - JAKPUS,162800,slot-sameday03,MANDIRI VA Transferpay!,4,99
3PLB-DRIVER-3,0812-XXXX-XXXX,kecamatan pinang,Customer_1710,cust@XXXX.com,2026-04-01,"Anonymized Street, Jabodetabek",0812-XXXX-XXXX,Sample_Order_8,RETURNING,1,HALF MEDIUM BOX,3.65,Zone 2,6500,Beji - Depok,78200,slot-13,GO-PAY Wallet,2,111
3PLC-DRIVER-2,0812-XXXX-XXXX,kecamatan parung panjang,Customer_1711,cust@XXXX.com,2026-04-01,"Anonymized Street, Jabodetabek",0812-XXXX-XXXX,Sample_Order_3,RETURNING,1,PLASTIC,6.8,Zone 3,7000,Kembangan - JAKBAR,151710,slot-13,ShopeePay,4,197
Sample_Driver_9,0812-XXXX-XXXX,cikarang selatan,Customer_1712,cust@XXXX.com,2026-04-01,"Anonymized Street, Jabodetabek",0812-XXXX-XXXX,Sample_Order_1,RETURNING,1,HALF MEDIUM BOX,11.13,Zone 4,11000,Bintaro - TANGSEL,116100,slot-1bb,OVO Wallet,2,85
Sample_Driver_9,0812-XXXX-XXXX,sepatan,Customer_1713,cust@XXXX.com,2026-04-01,"Anonymized Street, Jabodetabek",0812-XXXX-XXXX,Sample_Order_4,RETURNING,1,PLASTIC,4.79,Zone 2,6500,Kramat - JAKPUS,162800,slot-0bb,MANDIRI VA Transferpay!,4,99
3PLA-DRIVER-1,0812-XXXX-XXXX,kecamatan parung panjang,Customer_1714,cust@XXXX.com,2026-04-01,"Anonymized Street, Jabodetabek",0812-XXXX-XXXX,Sample_Order_1,RETURNING,1,HALF MEDIUM BOX,11.13,Zone 4,11000,Bintaro - TANGSEL,116100,slot-1bb,OVO Wallet,2,85
Sample_Driver_8,0812-XXXX-XXXX,kecamatan pademangan,Customer_1715,cust@XXXX.com,2026-04-01,"Anonymized Street, Jabodetabek",0812-XXXX-XXXX,Sample_Order_7,RETURNING,1,HALF MEDIUM BOX,7.41,Zone 3,7000,Satellite HUB Karawaci,126300,slot-1bb,Credit Card,2,34
3PLC-DRIVER-2,0812-XXXX-XXXX,kecamatan pinang,Customer_1716,cust@XXXX.com,2026-04-01,"Anonymized Street, Jabodetabek",0812-XXXX-XXXX,Sample_Order_3,RETURNING,1,PLASTIC,6.8,Zone 3,7000,Kembangan - JAKBAR,151710,slot-1,ShopeePay,4,197
3PLB-DRIVER-3,0812-XXXX-XXXX,kecamatan pademangan,Customer_1717,cust@XXXX.com,2026-04-01,"Anonymized Street, Jabodetabek",0812-XXXX-XXXX,Sample_Order_3,RETURNING,1,PLASTIC,6.8,Zone 3,7000,Kembangan - JAKBAR,151710,slot-sameday,ShopeePay,4,197
3PLB-DRIVER-1,0812-XXXX-XXXX,sepatan,Customer_1718,cust@XXXX.com,2026-04-01,"Anonymized Street, Jabodetabek",0812-XXXX-XXXX,Sample_Order_9,RETURNING,1,HALF MEDIUM BOX,6.9,Zone 3,7000,Kramat - JAKPUS,126900,slot-sameday,Credit Card,4,90
3PLB-DRIVER-1,0812-XXXX-XXXX,kecamatan jagakarsa,Customer_1719,cust@XXXX.com,2026-04-01,"Anonymized Street, Jabodetabek",0812-XXXX-XXXX,Sample_Order_3,RETURNING,1,PLASTIC,6.8,Zone 3,7000,Kembangan - JAKBAR,151710,slot-1bb,ShopeePay,4,197
Sample_Driver_9,0812-XXXX-XXXX,kecamatan jagakarsa,Customer_1720,cust@XXXX.com,2026-04-01,"Anonymized Street, Jabodetabek",0812-XXXX-XXXX,Sample_Order_3,RETURNING,1,PLASTIC,6.8,Zone 3,7000,Kembangan - JAKBAR,151710,slot-sameday,ShopeePay,4,197
3PLA-DRIVER-2,0812-XXXX-XXXX,cikarang selatan,Customer_1721,cust@XXXX.com,2026-04-01,"Anonymized Street, Jabodetabek",0812-XXXX-XXXX,Sample_Order_0,RETURNING,1,PLASTIC,5.54,Zone 2,6500,Kramat - JAKPUS,227370,slot-sameday03,Cash on Delivery,5,242
3PLB-DRIVER-1,0812-XXXX-XXXX,kecamatan setiabudi,Customer_1722,cust@XXXX.com,2026-04-01,"Anonymized Street, Jabodetabek",0812-XXXX-XXXX,Sample_Order_2,RETURNING,1,PLASTIC,7.03,Zone 3,7000,Kembangan - JAKBAR,624450,slot-1bb,Credit Card,8,24
3PLC-DRIVER-2,0812-XXXX-XXXX,kecamatan pademangan,Customer_1723,cust@XXXX.com,2026-04-01,"Anonymized Street, Jabodetabek",0812-XXXX-XXXX,Sample_Order_7,RETURNING,1,HALF MEDIUM BOX,7.41,Zone 3,7000,Satellite HUB Karawaci,126300,slot-0bb,Credit Card,2,34
Sample_Driver_9,0812-XXXX-XXXX,kecamatan jatinegara,Customer_1724,cust@XXXX.com,2026-04-01,"Anonymized Street, Jabodetabek",0812-XXXX-XXXX,Sample_Order_2,RETURNING,1,PLASTIC,7.03,Zone 3,7000,Kembangan - JAKBAR,624450,slot-2,Credit Card,8,24
Sample_Driver_9,0812-XXXX-XXXX,kecamatan grogol petamburan,Customer_1725,cust@XXXX.com,2026-04-01,"Anonymized Street, Jabodetabek",0812-XXXX-XXXX,Sample_Order_2,RETURNING,1,PLASTIC,7.03,Zone 3,7000,Kembangan - JAKBAR,624450,slot-13,Credit Card,8,24
3PLA-DRIVER-2,0812-XXXX-XXXX,kecamatan grogol petamburan,Customer_1726,cust@XXXX.com,2026-04-01,"Anonymized Street, Jabodetabek",0812-XXXX-XXXX,Sample_Order_5,,1,,8.03,Zone 3,7000,Kramat - JAKPUS,273600,slot-sameday,Cash on Delivery,5,276
3PLC-DRIVER-1,0812-XXXX-XXXX,kecamatan jagakarsa,Customer_1727,cust@XXXX.com,2026-04-01,"Anonymized Street, Jabodetabek",0812-XXXX-XXXX,Sample_Order_6,NEW,1,MEDIUM BOX,9.05,Zone 4,11000,Cibitung - KAB BEKASI,169800,slot-1bb,Cash on Delivery,5,33
3PLB-DRIVER-2,0812-XXXX-XXXX,sepatan,Customer_1728,cust@XXXX.com,2026-04-01,"Anonymized Street, Jabodetabek",0812-XXXX-XXXX,Sample_Order_9,RETURNING,1,HALF MEDIUM BOX,6.9,Zone 3,7000,Kramat - JAKPUS,126900,slot-13,Credit Card,4,90
Sample_Driver_9,0812-XXXX-XXXX,kecamatan setiabudi,Customer_1729,cust@XXXX.com,2026-04-01,"Anonymized Street, Jabodetabek",0812-XXXX-XXXX,Sample_Order_1,RETURNING,1,HALF MEDIUM BOX,11.13,Zone 4,11000,Bintaro - TANGSEL,116100,slot-sameday03,OVO Wallet,2,85
3PLC-DRIVER-2,0812-XXXX-XXXX,kecamatan setiabudi,Customer_1730,cust@XXXX.com,2026-04-01,"Anonymized Street, Jabodetabek",0812-XXXX-XXXX,Sample_Order_1,RETURNING,1,HALF MEDIUM BOX,11.13,Zone 4,11000,Bintaro - TANGSEL,116100,slot-0bb,OVO Wallet,2,85
3PLA-DRIVER-2,0812-XXXX-XXXX,kecamatan jagakarsa,Customer_1731,cust@XXXX.com,2026-04-01,"Anonymized Street, Jabodetabek",0812-XXXX-XXXX,Sample_Order_7,RETURNING,1,HALF MEDIUM BOX,7.41,Zone 3,7000,Satellite HUB Karawaci,126300,slot-0,Credit Card,2,34
3PLC-DRIVER-1,0812-XXXX-XXXX,kecamatan grogol petamburan,Customer_1732,cust@XXXX.com,2026-04-01,"Anonymized Street, Jabodetabek",0812-XXXX-XXXX,Sample_Order_0,RETURNING,1,PLASTIC,5.54,Zone 2,6500,Kramat - JAKPUS,227370,slot-sameday,Cash on Delivery,5,242
3PLA-DRIVER-1,0812-XXXX-XXXX,sepatan,Customer_1733,cust@XXXX.com,2026-04-01,"Anonymized Street, Jabodetabek",0812-XXXX-XXXX,Sample_Order_3,RETURNING,1,PLASTIC,6.8,Zone 3,7000,Kembangan - JAKBAR,151710,slot-13,ShopeePay,4,197
Sample_Driver_9,0812-XXXX-XXXX,kecamatan pademangan,Customer_1734,cust@XXXX.com,2026-04-01,"Anonymized Street, Jabodetabek",0812-XXXX-XXXX,Sample_Order_1,RETURNING,1,HALF MEDIUM BOX,11.13,Zone 4,11000,Bintaro - TANGSEL,116100,slot-1,OVO Wallet,2,85
3PLB-DRIVER-1,0812-XXXX-XXXX,kecamatan setiabudi,Customer_1735,cust@XXXX.com,2026-04-01,"Anonymized Street, Jabodetabek",0812-XXXX-XXXX,Sample_Order_6,NEW,1,MEDIUM BOX,9.05,Zone 4,11000,Cibitung - KAB BEKASI,169800,slot-0,Cash on Delivery,5,33
Sample_Driver_9,0812-XXXX-XXXX,kecamatan pinang,Customer_1736,cust@XXXX.com,2026-04-01,"Anonymized Street, Jabodetabek",0812-XXXX-XXXX,Sample_Order_4,RETURNING,1,PLASTIC,4.79,Zone 2,6500,Kramat - JAKPUS,162800,slot-1bb,MANDIRI VA Transferpay!,4,99
3PLC-DRIVER-1,0812-XXXX-XXXX,kecamatan penjaringan,Customer_1737,cust@XXXX.com,2026-04-01,"Anonymized Street, Jabodetabek",0812-XXXX-XXXX,Sample_Order_7,RETURNING,1,HALF MEDIUM BOX,7.41,Zone 3,7000,Satellite HUB Karawaci,126300,slot-1,Credit Card,2,34
3PLB-DRIVER-3,0812-XXXX-XXXX,kecamatan pademangan,Customer_1738,cust@XXXX.com,2026-04-01,"Anonymized Street, Jabodetabek",0812-XXXX-XXXX,Sample_Order_4,RETURNING,1,PLASTIC,4.79,Zone 2,6500,Kramat - JAKPUS,162800,slot-1,MANDIRI VA Transferpay!,4,99
Sample_Driver_9,0812-XXXX-XXXX,kecamatan pademangan,Customer_1739,cust@XXXX.com,2026-04-01,"Anonymized Street, Jabodetabek",0812-XXXX-XXXX,Sample_Order_9,RETURNING,1,HALF MEDIUM BOX,6.9,Zone 3,7000,Kramat - JAKPUS,126900,slot-0bb,Credit Card,4,90
3PLC-DRIVER-2,0812-XXXX-XXXX,cikarang selatan,Customer_1740,cust@XXXX.com,2026-04-01,"Anonymized Street, Jabodetabek",0812-XXXX-XXXX,Sample_Order_9,RETURNING,1,HALF MEDIUM BOX,6.9,Zone 3,7000,Kramat - JAKPUS,126900,slot-0,Credit Card,4,90
3PLA-DRIVER-2,0812-XXXX-XXXX,kecamatan pinang,Customer_1741,cust@XXXX.com,2026-04-01,"Anonymized Street, Jabodetabek",0812-XXXX-XXXX,Sample_Order_1,RETURNING,1,HALF MEDIUM BOX,11.13,Zone 4,11000,Bintaro - TANGSEL,116100,slot-0bb,OVO Wallet,2,85
Sample_Driver_9,0812-XXXX-XXXX,kecamatan jatinegara,Customer_1742,cust@XXXX.com,2026-04-01,"Anonymized Street, Jabodetabek",0812-XXXX-XXXX,Sample_Order_1,RETURNING,1,HALF MEDIUM BOX,11.13,Zone 4,11000,Bintaro - TANGSEL,116100,slot-0,OVO Wallet,2,85
3PLC-DRIVER-2,0812-XXXX-XXXX,kecamatan pinang,Customer_1743,cust@XXXX.com,2026-04-01,"Anonymized Street, Jabodetabek",0812-XXXX-XXXX,Sample_Order_2,RETURNING,1,PLASTIC,7.03,Zone 3,7000,Kembangan - JAKBAR,624450,slot-0,Credit Card,8,24
3PLC-DRIVER-2,0812-XXXX-XXXX,kecamatan jatinegara,Customer_1744,cust@XXXX.com,2026-04-01,"Anonymized Street, Jabodetabek",0812-XXXX-XXXX,Sample_Order_8,RETURNING,1,HALF MEDIUM BOX,3.65,Zone 2,6500,Beji - Depok,78200,slot-sameday,GO-PAY Wallet,2,111
3PLC-DRIVER-1,0812-XXXX-XXXX,kecamatan setiabudi,Customer_1745,cust@XXXX.com,2026-04-01,"Anonymized Street, Jabodetabek",0812-XXXX-XXXX,Sample_Order_5,,1,,8.03,Zone 3,7000,Kramat - JAKPUS,273600,slot-sameday03,Cash on Delivery,5,276
3PLB-DRIVER-2,0812-XXXX-XXXX,kecamatan jatinegara,Customer_1746,cust@XXXX.com,2026-04-01,"Anonymized Street, Jabodetabek",0812-XXXX-XXXX,Sample_Order_1,RETURNING,1,HALF MEDIUM BOX,11.13,Zone 4,11000,Bintaro - TANGSEL,116100,slot-sameday,OVO Wallet,2,85
Sample_Driver_9,0812-XXXX-XXXX,kecamatan parung panjang,Customer_1747,cust@XXXX.com,2026-04-01,"Anonymized Street, Jabodetabek",0812-XXXX-XXXX,Sample_Order_8,RETURNING,1,HALF MEDIUM BOX,3.65,Zone 2,6500,Beji - Depok,78200,slot-sameday,GO-PAY Wallet,2,111
Sample_Driver_8,0812-XXXX-XXXX,kecamatan pademangan,Customer_1748,cust@XXXX.com,2026-04-01,"Anonymized Street, Jabodetabek",0812-XXXX-XXXX,Sample_Order_6,NEW,1,MEDIUM BOX,9.05,Zone 4,11000,Cibitung - KAB BEKASI,169800,slot-sameday,Cash on Delivery,5,33
3PLB-DRIVER-2,0812-XXXX-XXXX,cikarang selatan,Customer_1749,cust@XXXX.com,2026-04-01,"Anonymized Street, Jabodetabek",0812-XXXX-XXXX,Sample_Order_5,,1,,8.03,Zone 3,7000,Kramat - JAKPUS,273600,slot-sameday,Cash on Delivery,5,276
3PLC-DRIVER-1,0812-XXXX-XXXX,kecamatan grogol petamburan,Customer_1750,cust@XXXX.com,2026-04-01,"Anonymized Street, Jabodetabek",0812-XXXX-XXXX,Sample_Order_0,RETURNING,1,PLASTIC,5.54,Zone 2,6500,Kramat - JAKPUS,227370,slot-sameday,Cash on Delivery,5,242
3PLC-DRIVER-1,0812-XXXX-XXXX,sepatan,Customer_1751,cust@XXXX.com,2026-04-01,"Anonymized Street, Jabodetabek",0812-XXXX-XXXX,Sample_Order_9,RETURNING,1,HALF MEDIUM BOX,6.9,Zone 3,7000,Kramat - JAKPUS,126900,slot-sameday,Credit Card,4,90
Sample_Driver_9,0812-XXXX-XXXX,kecamatan jagakarsa,Customer_1752,cust@XXXX.com,2026-04-01,"Anonymized Street, Jabodetabek",0812-XXXX-XXXX,Sample_Order_3,RETURNING,1,PLASTIC,6.8,Zone 3,7000,Kembangan - JAKBAR,151710,slot-0bb,ShopeePay,4,197
3PLA-DRIVER-2,0812-XXXX-XXXX,kecamatan pademangan,Customer_1753,cust@XXXX.com,2026-04-01,"Anonymized Street, Jabodetabek",0812-XXXX-XXXX,Sample_Order_1,RETURNING,1,HALF MEDIUM BOX,11.13,Zone 4,11000,Bintaro - TANGSEL,116100,slot-2,OVO Wallet,2,85
3PLC-DRIVER-1,0812-XXXX-XXXX,cikarang selatan,Customer_1754,cust@XXXX.com,2026-04-01,"Anonymized Street, Jabodetabek",0812-XXXX-XXXX,Sample_Order_8,RETURNING,1,HALF MEDIUM BOX,3.65,Zone 2,6500,Beji - Depok,78200,slot-0bb,GO-PAY Wallet,2,111
3PLC-DRIVER-2,0812-XXXX-XXXX,kecamatan jagakarsa,Customer_1755,cust@XXXX.com,2026-04-01,"Anonymized Street, Jabodetabek",0812-XXXX-XXXX,Sample_Order_1,RETURNING,1,HALF MEDIUM BOX,11.13,Zone 4,11000,Bintaro - TANGSEL,116100,slot-sameday,OVO Wallet,2,85
3PLB-DRIVER-1,0812-XXXX-XXXX,kecamatan pademangan,Customer_1756,cust@XXXX.com,2026-04-01,"Anonymized Street, Jabodetabek",0812-XXXX-XXXX,Sample_Order_0,RETURNING,1,PLASTIC,5.54,Zone 2,6500,Kramat - JAKPUS,227370,slot-13,Cash on Delivery,5,242
3PLA-DRIVER-1,0812-XXXX-XXXX,sepatan,Customer_1757,cust@XXXX.com,2026-04-01,"Anonymized Street, Jabodetabek",0812-XXXX-XXXX,Sample_Order_6,NEW,1,MEDIUM BOX,9.05,Zone 4,11000,Cibitung - KAB BEKASI,169800,slot-13,Cash on Delivery,5,33
3PLC-DRIVER-1,0812-XXXX-XXXX,kecamatan pademangan,Customer_1758,cust@XXXX.com,2026-04-01,"Anonymized Street, Jabodetabek",0812-XXXX-XXXX,Sample_Order_5,,1,,8.03,Zone 3,7000,Kramat - JAKPUS,273600,slot-1bb,Cash on Delivery,5,276
Sample_Driver_9,0812-XXXX-XXXX,cikarang selatan,Customer_1759,cust@XXXX.com,2026-04-01,"Anonymized Street, Jabodetabek",0812-XXXX-XXXX,Sample_Order_6,NEW,1,MEDIUM BOX,9.05,Zone 4,11000,Cibitung - KAB BEKASI,169800,slot-1,Cash on Delivery,5,33
3PLC-DRIVER-2,0812-XXXX-XXXX,kecamatan penjaringan,Customer_1760,cust@XXXX.com,2026-04-01,"Anonymized Street, Jabodetabek",0812-XXXX-XXXX,Sample_Order_3,RETURNING,1,PLASTIC,6.8,Zone 3,7000,Kembangan - JAKBAR,151710,slot-13,ShopeePay,4,197
3PLB-DRIVER-2,0812-XXXX-XXXX,kecamatan jatinegara,Customer_1761,cust@XXXX.com,2026-04-01,"Anonymized Street, Jabodetabek",0812-XXXX-XXXX,Sample_Order_1,RETURNING,1,HALF MEDIUM BOX,11.13,Zone 4,11000,Bintaro - TANGSEL,116100,slot-1bb,OVO Wallet,2,85
3PLC-DRIVER-1,0812-XXXX-XXXX,kecamatan jagakarsa,Customer_1762,cust@XXXX.com,2026-04-01,"Anonymized Street, Jabodetabek",0812-XXXX-XXXX,Sample_Order_5,,1,,8.03,Zone 3,7000,Kramat - JAKPUS,273600,slot-1bb,Cash on Delivery,5,276
3PLA-DRIVER-2,0812-XXXX-XXXX,kecamatan pinang,Customer_1763,cust@XXXX.com,2026-04-01,"Anonymized Street, Jabodetabek",0812-XXXX-XXXX,Sample_Order_7,RETURNING,1,HALF MEDIUM BOX,7.41,Zone 3,7000,Satellite HUB Karawaci,126300,slot-sameday,Credit Card,2,34
3PLB-DRIVER-1,0812-XXXX-XXXX,kecamatan pinang,Customer_1764,cust@XXXX.com,2026-04-01,"Anonymized Street, Jabodetabek",0812-XXXX-XXXX,Sample_Order_3,RETURNING,1,PLASTIC,6.8,Zone 3,7000,Kembangan - JAKBAR,151710,slot-1bb,ShopeePay,4,197
3PLC-DRIVER-1,0812-XXXX-XXXX,kecamatan penjaringan,Customer_1765,cust@XXXX.com,2026-04-01,"Anonymized Street, Jabodetabek",0812-XXXX-XXXX,Sample_Order_5,,1,,8.03,Zone 3,7000,Kramat - JAKPUS,273600,slot-1,Cash on Delivery,5,276
Sample_Driver_9,0812-XXXX-XXXX,cikarang selatan,Customer_1766,cust@XXXX.com,2026-04-01,"Anonymized Street, Jabodetabek",0812-XXXX-XXXX,Sample_Order_7,RETURNING,1,HALF MEDIUM BOX,7.41,Zone 3,7000,Satellite HUB Karawaci,126300,slot-sameday03,Credit Card,2,34
3PLA-DRIVER-1,0812-XXXX-XXXX,kecamatan jagakarsa,Customer_1767,cust@XXXX.com,2026-04-01,"Anonymized Street, Jabodetabek",0812-XXXX-XXXX,Sample_Order_3,RETURNING,1,PLASTIC,6.8,Zone 3,7000,Kembangan - JAKBAR,151710,slot-0,ShopeePay,4,197
3PLB-DRIVER-1,0812-XXXX-XXXX,kecamatan pinang,Customer_1768,cust@XXXX.com,2026-04-01,"Anonymized Street, Jabodetabek",0812-XXXX-XXXX,Sample_Order_0,RETURNING,1,PLASTIC,5.54,Zone 2,6500,Kramat - JAKPUS,227370,slot-0,Cash on Delivery,5,242
3PLB-DRIVER-2,0812-XXXX-XXXX,kecamatan parung panjang,Customer_1769,cust@XXXX.com,2026-04-01,"Anonymized Street, Jabodetabek",0812-XXXX-XXXX,Sample_Order_7,RETURNING,1,HALF MEDIUM BOX,7.41,Zone 3,7000,Satellite HUB Karawaci,126300,slot-sameday03,Credit Card,2,34
3PLB-DRIVER-3,0812-XXXX-XXXX,kecamatan penjaringan,Customer_1770,cust@XXXX.com,2026-04-01,"Anonymized Street, Jabodetabek",0812-XXXX-XXXX,Sample_Order_8,RETURNING,1,HALF MEDIUM BOX,3.65,Zone 2,6500,Beji - Depok,78200,slot-1,GO-PAY Wallet,2,111
3PLC-DRIVER-2,0812-XXXX-XXXX,kecamatan pademangan,Customer_1771,cust@XXXX.com,2026-04-01,"Anonymized Street, Jabodetabek",0812-XXXX-XXXX,Sample_Order_4,RETURNING,1,PLASTIC,4.79,Zone 2,6500,Kramat - JAKPUS,162800,slot-2,MANDIRI VA Transferpay!,4,99
3PLA-DRIVER-1,0812-XXXX-XXXX,kecamatan jagakarsa,Customer_1772,cust@XXXX.com,2026-04-01,"Anonymized Street, Jabodetabek",0812-XXXX-XXXX,Sample_Order_9,RETURNING,1,HALF MEDIUM BOX,6.9,Zone 3,7000,Kramat - JAKPUS,126900,slot-sameday,Credit Card,4,90
3PLB-DRIVER-2,0812-XXXX-XXXX,kecamatan grogol petamburan,Customer_1773,cust@XXXX.com,2026-04-01,"Anonymized Street, Jabodetabek",0812-XXXX-XXXX,Sample_Order_9,RETURNING,1,HALF MEDIUM BOX,6.9,Zone 3,7000,Kramat - JAKPUS,126900,slot-1,Credit Card,4,90
3PLA-DRIVER-1,0812-XXXX-XXXX,sepatan,Customer_1774,cust@XXXX.com,2026-04-01,"Anonymized Street, Jabodetabek",0812-XXXX-XXXX,Sample_Order_2,RETURNING,1,PLASTIC,7.03,Zone 3,7000,Kembangan - JAKBAR,624450,slot-0,Credit Card,8,24
3PLC-DRIVER-1,0812-XXXX-XXXX,kecamatan penjaringan,Customer_1775,cust@XXXX.com,2026-04-01,"Anonymized Street, Jabodetabek",0812-XXXX-XXXX,Sample_Order_2,RETURNING,1,PLASTIC,7.03,Zone 3,7000,Kembangan - JAKBAR,624450,slot-2,Credit Card,8,24
3PLB-DRIVER-3,0812-XXXX-XXXX,kecamatan penjaringan,Customer_1776,cust@XXXX.com,2026-04-01,"Anonymized Street, Jabodetabek",0812-XXXX-XXXX,Sample_Order_8,RETURNING,1,HALF MEDIUM BOX,3.65,Zone 2,6500,Beji - Depok,78200,slot-0bb,GO-PAY Wallet,2,111
3PLB-DRIVER-2,0812-XXXX-XXXX,sepatan,Customer_1777,cust@XXXX.com,2026-04-01,"Anonymized Street, Jabodetabek",0812-XXXX-XXXX,Sample_Order_2,RETURNING,1,PLASTIC,7.03,Zone 3,7000,Kembangan - JAKBAR,624450,slot-0,Credit Card,8,24
Sample_Driver_9,0812-XXXX-XXXX,kecamatan penjaringan,Customer_1778,cust@XXXX.com,2026-04-01,"Anonymized Street, Jabodetabek",0812-XXXX-XXXX,Sample_Order_7,RETURNING,1,HALF MEDIUM BOX,7.41,Zone 3,7000,Satellite HUB Karawaci,126300,slot-0,Credit Card,2,34
3PLB-DRIVER-2,0812-XXXX-XXXX,kecamatan jatinegara,Customer_1779,cust@XXXX.com,2026-04-01,"Anonymized Street, Jabodetabek",0812-XXXX-XXXX,Sample_Order_2,RETURNING,1,PLASTIC,7.03,Zone 3,7000,Kembangan - JAKBAR,624450,slot-1bb,Credit Card,8,24
3PLC-DRIVER-2,0812-XXXX-XXXX,kecamatan penjaringan,Customer_1780,cust@XXXX.com,2026-04-01,"Anonymized Street, Jabodetabek",0812-XXXX-XXXX,Sample_Order_6,NEW,1,MEDIUM BOX,9.05,Zone 4,11000,Cibitung - KAB BEKASI,169800,slot-1bb,Cash on Delivery,5,33
3PLB-DRIVER-3,0812-XXXX-XXXX,kecamatan jatinegara,Customer_1781,cust@XXXX.com,2026-04-01,"Anonymized Street, Jabodetabek",0812-XXXX-XXXX,Sample_Order_0,RETURNING,1,PLASTIC,5.54,Zone 2,6500,Kramat - JAKPUS,227370,slot-0,Cash on Delivery,5,242
Sample_Driver_8,0812-XXXX-XXXX,sepatan,Customer_1782,cust@XXXX.com,2026-04-01,"Anonymized Street, Jabodetabek",0812-XXXX-XXXX,Sample_Order_8,RETURNING,1,HALF MEDIUM BOX,3.65,Zone 2,6500,Beji - Depok,78200,slot-sameday03,GO-PAY Wallet,2,111
3PLC-DRIVER-2,0812-XXXX-XXXX,kecamatan pinang,Customer_1783,cust@XXXX.com,2026-04-01,"Anonymized Street, Jabodetabek",0812-XXXX-XXXX,Sample_Order_8,RETURNING,1,HALF MEDIUM BOX,3.65,Zone 2,6500,Beji - Depok,78200,slot-1,GO-PAY Wallet,2,111
3PLB-DRIVER-3,0812-XXXX-XXXX,kecamatan jagakarsa,Customer_1784,cust@XXXX.com,2026-04-01,"Anonymized Street, Jabodetabek",0812-XXXX-XXXX,Sample_Order_2,RETURNING,1,PLASTIC,7.03,Zone 3,7000,Kembangan - JAKBAR,624450,slot-sameday,Credit Card,8,24
3PLC-DRIVER-1,0812-XXXX-XXXX,kecamatan jagakarsa,Customer_1785,cust@XXXX.com,2026-04-01,"Anonymized Street, Jabodetabek",0812-XXXX-XXXX,Sample_Order_4,RETURNING,1,PLASTIC,4.79,Zone 2,6500,Kramat - JAKPUS,162800,slot-1,MANDIRI VA Transferpay!,4,99
3PLC-DRIVER-2,0812-XXXX-XXXX,sepatan,Customer_1786,cust@XXXX.com,2026-04-01,"Anonymized Street, Jabodetabek",0812-XXXX-XXXX,Sample_Order_6,NEW,1,MEDIUM BOX,9.05,Zone 4,11000,Cibitung - KAB BEKASI,169800,slot-13,Cash on Delivery,5,33
3PLC-DRIVER-1,0812-XXXX-XXXX,kecamatan jagakarsa,Customer_1787,cust@XXXX.com,2026-04-01,"Anonymized Street, Jabodetabek",0812-XXXX-XXXX,Sample_Order_1,RETURNING,1,HALF MEDIUM BOX,11.13,Zone 4,11000,Bintaro - TANGSEL,116100,slot-sameday,OVO Wallet,2,85
3PLC-DRIVER-1,0812-XXXX-XXXX,kecamatan pinang,Customer_1788,cust@XXXX.com,2026-04-01,"Anonymized Street, Jabodetabek",0812-XXXX-XXXX,Sample_Order_9,RETURNING,1,HALF MEDIUM BOX,6.9,Zone 3,7000,Kramat - JAKPUS,126900,slot-0bb,Credit Card,4,90
3PLA-DRIVER-1,0812-XXXX-XXXX,kecamatan grogol petamburan,Customer_1789,cust@XXXX.com,2026-04-01,"Anonymized Street, Jabodetabek",0812-XXXX-XXXX,Sample_Order_3,RETURNING,1,PLASTIC,6.8,Zone 3,7000,Kembangan - JAKBAR,151710,slot-sameday03,ShopeePay,4,197
3PLC-DRIVER-1,0812-XXXX-XXXX,kecamatan setiabudi,Customer_1790,cust@XXXX.com,2026-04-01,"Anonymized Street, Jabodetabek",0812-XXXX-XXXX,Sample_Order_4,RETURNING,1,PLASTIC,4.79,Zone 2,6500,Kramat - JAKPUS,162800,slot-2,MANDIRI VA Transferpay!,4,99
Sample_Driver_9,0812-XXXX-XXXX,kecamatan penjaringan,Customer_1791,cust@XXXX.com,2026-04-01,"Anonymized Street, Jabodetabek",0812-XXXX-XXXX,Sample_Order_5,,1,,8.03,Zone 3,7000,Kramat - JAKPUS,273600,slot-1,Cash on Delivery,5,276
3PLA-DRIVER-1,0812-XXXX-XXXX,kecamatan jatinegara,Customer_1792,cust@XXXX.com,2026-04-01,"Anonymized Street, Jabodetabek",0812-XXXX-XXXX,Sample_Order_0,RETURNING,1,PLASTIC,5.54,Zone 2,6500,Kramat - JAKPUS,227370,slot-1,Cash on Delivery,5,242
3PLC-DRIVER-2,0812-XXXX-XXXX,kecamatan jagakarsa,Customer_1793,cust@XXXX.com,2026-04-01,"Anonymized Street, Jabodetabek",0812-XXXX-XXXX,Sample_Order_3,RETURNING,1,PLASTIC,6.8,Zone 3,7000,Kembangan - JAKBAR,151710,slot-sameday03,ShopeePay,4,197
3PLB-DRIVER-1,0812-XXXX-XXXX,sepatan,Customer_1794,cust@XXXX.com,2026-04-01,"Anonymized Street, Jabodetabek",0812-XXXX-XXXX,Sample_Order_8,RETURNING,1,HALF MEDIUM BOX,3.65,Zone 2,6500,Beji - Depok,78200,slot-0,GO-PAY Wallet,2,111
3PLA-DRIVER-1,0812-XXXX-XXXX,kecamatan jatinegara,Customer_1795,cust@XXXX.com,2026-04-01,"Anonymized Street, Jabodetabek",0812-XXXX-XXXX,Sample_Order_5,,1,,8.03,Zone 3,7000,Kramat - JAKPUS,273600,slot-1bb,Cash on Delivery,5,276
Sample_Driver_9,0812-XXXX-XXXX,kecamatan pinang,Customer_1796,cust@XXXX.com,2026-04-01,"Anonymized Street, Jabodetabek",0812-XXXX-XXXX,Sample_Order_5,,1,,8.03,Zone 3,7000,Kramat - JAKPUS,273600,slot-2,Cash on Delivery,5,276
3PLB-DRIVER-2,0812-XXXX-XXXX,kecamatan penjaringan,Customer_1797,cust@XXXX.com,2026-04-01,"Anonymized Street, Jabodetabek",0812-XXXX-XXXX,Sample_Order_2,RETURNING,1,PLASTIC,7.03,Zone 3,7000,Kembangan - JAKBAR,624450,slot-13,Credit Card,8,24
Sample_Driver_9,0812-XXXX-XXXX,kecamatan penjaringan,Customer_1798,cust@XXXX.com,2026-04-01,"Anonymized Street, Jabodetabek",0812-XXXX-XXXX,Sample_Order_9,RETURNING,1,HALF MEDIUM BOX,6.9,Zone 3,7000,Kramat - JAKPUS,126900,slot-2,Credit Card,4,90
3PLA-DRIVER-2,0812-XXXX-XXXX,kecamatan grogol petamburan,Customer_1799,cust@XXXX.com,2026-04-01,"Anonymized Street, Jabodetabek",0812-XXXX-XXXX,Sample_Order_6,NEW,1,MEDIUM BOX,9.05,Zone 4,11000,Cibitung - KAB BEKASI,169800,slot-0,Cash on Delivery,5,33
3PLA-DRIVER-1,0812-XXXX-XXXX,sepatan,Customer_1800,cust@XXXX.com,2026-04-01,"Anonymized Street, Jabodetabek",0812-XXXX-XXXX,Sample_Order_1,RETURNING,1,HALF MEDIUM BOX,11.13,Zone 4,11000,Bintaro - TANGSEL,116100,slot-sameday03,OVO Wallet,2,85
3PLC-DRIVER-1,0812-XXXX-XXXX,kecamatan grogol petamburan,Customer_1801,cust@XXXX.com,2026-04-01,"Anonymized Street, Jabodetabek",0812-XXXX-XXXX,Sample_Order_7,RETURNING,1,HALF MEDIUM BOX,7.41,Zone 3,7000,Satellite HUB Karawaci,126300,slot-0,Credit Card,2,34
3PLB-DRIVER-1,0812-XXXX-XXXX,cikarang selatan,Customer_1802,cust@XXXX.com,2026-04-01,"Anonymized Street, Jabodetabek",0812-XXXX-XXXX,Sample_Order_9,RETURNING,1,HALF MEDIUM BOX,6.9,Zone 3,7000,Kramat - JAKPUS,126900,slot-sameday,Credit Card,4,90
Sample_Driver_9,0812-XXXX-XXXX,kecamatan jagakarsa,Customer_1803,cust@XXXX.com,2026-04-01,"Anonymized Street, Jabodetabek",0812-XXXX-XXXX,Sample_Order_6,NEW,1,MEDIUM BOX,9.05,Zone 4,11000,Cibitung - KAB BEKASI,169800,slot-sameday03,Cash on Delivery,5,33
3PLB-DRIVER-1,0812-XXXX-XXXX,sepatan,Customer_1804,cust@XXXX.com,2026-04-01,"Anonymized Street, Jabodetabek",0812-XXXX-XXXX,Sample_Order_2,RETURNING,1,PLASTIC,7.03,Zone 3,7000,Kembangan - JAKBAR,624450,slot-0,Credit Card,8,24
3PLC-DRIVER-2,0812-XXXX-XXXX,kecamatan jagakarsa,Customer_1805,cust@XXXX.com,2026-04-01,"Anonymized Street, Jabodetabek",0812-XXXX-XXXX,Sample_Order_3,RETURNING,1,PLASTIC,6.8,Zone 3,7000,Kembangan - JAKBAR,151710,slot-sameday03,ShopeePay,4,197
3PLB-DRIVER-1,0812-XXXX-XXXX,kecamatan parung panjang,Customer_1806,cust@XXXX.com,2026-04-01,"Anonymized Street, Jabodetabek",0812-XXXX-XXXX,Sample_Order_4,RETURNING,1,PLASTIC,4.79,Zone 2,6500,Kramat - JAKPUS,162800,slot-sameday,MANDIRI VA Transferpay!,4,99
3PLC-DRIVER-2,0812-XXXX-XXXX,kecamatan parung panjang,Customer_1807,cust@XXXX.com,2026-04-01,"Anonymized Street, Jabodetabek",0812-XXXX-XXXX,Sample_Order_9,RETURNING,1,HALF MEDIUM BOX,6.9,Zone 3,7000,Kramat - JAKPUS,126900,slot-sameday03,Credit Card,4,90
3PLC-DRIVER-2,0812-XXXX-XXXX,kecamatan parung panjang,Customer_1808,cust@XXXX.com,2026-04-01,"Anonymized Street, Jabodetabek",0812-XXXX-XXXX,Sample_Order_0,RETURNING,1,PLASTIC,5.54,Zone 2,6500,Kramat - JAKPUS,227370,slot-sameday03,Cash on Delivery,5,242
3PLA-DRIVER-2,0812-XXXX-XXXX,kecamatan grogol petamburan,Customer_1809,cust@XXXX.com,2026-04-01,"Anonymized Street, Jabodetabek",0812-XXXX-XXXX,Sample_Order_4,RETURNING,1,PLASTIC,4.79,Zone 2,6500,Kramat - JAKPUS,162800,slot-sameday03,MANDIRI VA Transferpay!,4,99
3PLB-DRIVER-2,0812-XXXX-XXXX,kecamatan pademangan,Customer_1810,cust@XXXX.com,2026-04-01,"Anonymized Street, Jabodetabek",0812-XXXX-XXXX,Sample_Order_8,RETURNING,1,HALF MEDIUM BOX,3.65,Zone 2,6500,Beji - Depok,78200,slot-sameday03,GO-PAY Wallet,2,111
3PLB-DRIVER-1,0812-XXXX-XXXX,kecamatan parung panjang,Customer_1811,cust@XXXX.com,2026-04-01,"Anonymized Street, Jabodetabek",0812-XXXX-XXXX,Sample_Order_8,RETURNING,1,HALF MEDIUM BOX,3.65,Zone 2,6500,Beji - Depok,78200,slot-1,GO-PAY Wallet,2,111
3PLC-DRIVER-1,0812-XXXX-XXXX,sepatan,Customer_1812,cust@XXXX.com,2026-04-01,"Anonymized Street, Jabodetabek",0812-XXXX-XXXX,Sample_Order_1,RETURNING,1,HALF MEDIUM BOX,11.13,Zone 4,11000,Bintaro - TANGSEL,116100,slot-0bb,OVO Wallet,2,85
3PLC-DRIVER-2,0812-XXXX-XXXX,kecamatan pinang,Customer_1813,cust@XXXX.com,2026-04-01,"Anonymized Street, Jabodetabek",0812-XXXX-XXXX,Sample_Order_0,RETURNING,1,PLASTIC,5.54,Zone 2,6500,Kramat - JAKPUS,227370,slot-2,Cash on Delivery,5,242
3PLC-DRIVER-1,0812-XXXX-XXXX,kecamatan grogol petamburan,Customer_1814,cust@XXXX.com,2026-04-01,"Anonymized Street, Jabodetabek",0812-XXXX-XXXX,Sample_Order_4,RETURNING,1,PLASTIC,4.79,Zone 2,6500,Kramat - JAKPUS,162800,slot-2,MANDIRI VA Transferpay!,4,99
3PLA-DRIVER-1,0812-XXXX-XXXX,kecamatan jatinegara,Customer_1815,cust@XXXX.com,2026-04-01,"Anonymized Street, Jabodetabek",0812-XXXX-XXXX,Sample_Order_7,RETURNING,1,HALF MEDIUM BOX,7.41,Zone 3,7000,Satellite HUB Karawaci,126300,slot-1,Credit Card,2,34
3PLB-DRIVER-3,0812-XXXX-XXXX,kecamatan jatinegara,Customer_1816,cust@XXXX.com,2026-04-01,"Anonymized Street, Jabodetabek",0812-XXXX-XXXX,Sample_Order_5,,1,,8.03,Zone 3,7000,Kramat - JAKPUS,273600,slot-sameday03,Cash on Delivery,5,276
3PLC-DRIVER-2,0812-XXXX-XXXX,kecamatan pinang,Customer_1817,cust@XXXX.com,2026-04-01,"Anonymized Street, Jabodetabek",0812-XXXX-XXXX,Sample_Order_0,RETURNING,1,PLASTIC,5.54,Zone 2,6500,Kramat - JAKPUS,227370,slot-1bb,Cash on Delivery,5,242
Sample_Driver_8,0812-XXXX-XXXX,kecamatan jatinegara,Customer_1818,cust@XXXX.com,2026-04-01,"Anonymized Street, Jabodetabek",0812-XXXX-XXXX,Sample_Order_3,RETURNING,1,PLASTIC,6.8,Zone 3,7000,Kembangan - JAKBAR,151710,slot-1bb,ShopeePay,4,197
3PLB-DRIVER-2,0812-XXXX-XXXX,kecamatan jatinegara,Customer_1819,cust@XXXX.com,2026-04-01,"Anonymized Street, Jabodetabek",0812-XXXX-XXXX,Sample_Order_4,RETURNING,1,PLASTIC,4.79,Zone 2,6500,Kramat - JAKPUS,162800,slot-1bb,MANDIRI VA Transferpay!,4,99
Sample_Driver_8,0812-XXXX-XXXX,kecamatan parung panjang,Customer_1820,cust@XXXX.com,2026-04-01,"Anonymized Street, Jabodetabek",0812-XXXX-XXXX,Sample_Order_2,RETURNING,1,PLASTIC,7.03,Zone 3,7000,Kembangan - JAKBAR,624450,slot-0,Credit Card,8,24
3PLC-DRIVER-2,0812-XXXX-XXXX,kecamatan grogol petamburan,Customer_1821,cust@XXXX.com,2026-04-01,"Anonymized Street, Jabodetabek",0812-XXXX-XXXX,Sample_Order_3,RETURNING,1,PLASTIC,6.8,Zone 3,7000,Kembangan - JAKBAR,151710,slot-sameday03,ShopeePay,4,197
3PLC-DRIVER-1,0812-XXXX-XXXX,kecamatan jagakarsa,Customer_1822,cust@XXXX.com,2026-04-01,"Anonymized Street, Jabodetabek",0812-XXXX-XXXX,Sample_Order_8,RETURNING,1,HALF MEDIUM BOX,3.65,Zone 2,6500,Beji - Depok,78200,slot-sameday,GO-PAY Wallet,2,111
3PLB-DRIVER-1,0812-XXXX-XXXX,kecamatan jagakarsa,Customer_1823,cust@XXXX.com,2026-04-01,"Anonymized Street, Jabodetabek",0812-XXXX-XXXX,Sample_Order_4,RETURNING,1,PLASTIC,4.79,Zone 2,6500,Kramat - JAKPUS,162800,slot-0,MANDIRI VA Transferpay!,4,99
Sample_Driver_8,0812-XXXX-XXXX,kecamatan pademangan,Customer_1824,cust@XXXX.com,2026-04-01,"Anonymized Street, Jabodetabek",0812-XXXX-XXXX,Sample_Order_4,RETURNING,1,PLASTIC,4.79,Zone 2,6500,Kramat - JAKPUS,162800,slot-2,MANDIRI VA Transferpay!,4,99
3PLB-DRIVER-2,0812-XXXX-XXXX,kecamatan jatinegara,Customer_1825,cust@XXXX.com,2026-04-01,"Anonymized Street, Jabodetabek",0812-XXXX-XXXX,Sample_Order_1,RETURNING,1,HALF MEDIUM BOX,11.13,Zone 4,11000,Bintaro - TANGSEL,116100,slot-1bb,OVO Wallet,2,85
3PLC-DRIVER-1,0812-XXXX-XXXX,cikarang selatan,Customer_1826,cust@XXXX.com,2026-04-01,"Anonymized Street, Jabodetabek",0812-XXXX-XXXX,Sample_Order_7,RETURNING,1,HALF MEDIUM BOX,7.41,Zone 3,7000,Satellite HUB Karawaci,126300,slot-0,Credit Card,2,34
3PLB-DRIVER-3,0812-XXXX-XXXX,kecamatan jatinegara,Customer_1827,cust@XXXX.com,2026-04-01,"Anonymized Street, Jabodetabek",0812-XXXX-XXXX,Sample_Order_8,RETURNING,1,HALF MEDIUM BOX,3.65,Zone 2,6500,Beji - Depok,78200,slot-1,GO-PAY Wallet,2,111
3PLB-DRIVER-2,0812-XXXX-XXXX,kecamatan parung panjang,Customer_1828,cust@XXXX.com,2026-04-01,"Anonymized Street, Jabodetabek",0812-XXXX-XXXX,Sample_Order_6,NEW,1,MEDIUM BOX,9.05,Zone 4,11000,Cibitung - KAB BEKASI,169800,slot-1,Cash on Delivery,5,33
3PLB-DRIVER-1,0812-XXXX-XXXX,kecamatan jatinegara,Customer_1829,cust@XXXX.com,2026-04-01,"Anonymized Street, Jabodetabek",0812-XXXX-XXXX,Sample_Order_2,RETURNING,1,PLASTIC,7.03,Zone 3,7000,Kembangan - JAKBAR,624450,slot-0,Credit Card,8,24
3PLA-DRIVER-1,0812-XXXX-XXXX,kecamatan jatinegara,Customer_1830,cust@XXXX.com,2026-04-01,"Anonymized Street, Jabodetabek",0812-XXXX-XXXX,Sample_Order_4,RETURNING,1,PLASTIC,4.79,Zone 2,6500,Kramat - JAKPUS,162800,slot-sameday03,MANDIRI VA Transferpay!,4,99
Sample_Driver_8,0812-XXXX-XXXX,kecamatan parung panjang,Customer_1831,cust@XXXX.com,2026-04-01,"Anonymized Street, Jabodetabek",0812-XXXX-XXXX,Sample_Order_0,RETURNING,1,PLASTIC,5.54,Zone 2,6500,Kramat - JAKPUS,227370,slot-13,Cash on Delivery,5,242
3PLB-DRIVER-1,0812-XXXX-XXXX,kecamatan jagakarsa,Customer_1832,cust@XXXX.com,2026-04-01,"Anonymized Street, Jabodetabek",0812-XXXX-XXXX,Sample_Order_7,RETURNING,1,HALF MEDIUM BOX,7.41,Zone 3,7000,Satellite HUB Karawaci,126300,slot-sameday03,Credit Card,2,34
3PLA-DRIVER-1,0812-XXXX-XXXX,kecamatan penjaringan,Customer_1833,cust@XXXX.com,2026-04-01,"Anonymized Street, Jabodetabek",0812-XXXX-XXXX,Sample_Order_6,NEW,1,MEDIUM BOX,9.05,Zone 4,11000,Cibitung - KAB BEKASI,169800,slot-1,Cash on Delivery,5,33
Sample_Driver_8,0812-XXXX-XXXX,kecamatan jagakarsa,Customer_1834,cust@XXXX.com,2026-04-01,"Anonymized Street, Jabodetabek",0812-XXXX-XXXX,Sample_Order_1,RETURNING,1,HALF MEDIUM BOX,11.13,Zone 4,11000,Bintaro - TANGSEL,116100,slot-2,OVO Wallet,2,85
3PLB-DRIVER-3,0812-XXXX-XXXX,cikarang selatan,Customer_1835,cust@XXXX.com,2026-04-01,"Anonymized Street, Jabodetabek",0812-XXXX-XXXX,Sample_Order_1,RETURNING,1,HALF MEDIUM BOX,11.13,Zone 4,11000,Bintaro - TANGSEL,116100,slot-2,OVO Wallet,2,85
Sample_Driver_9,0812-XXXX-XXXX,kecamatan jagakarsa,Customer_1836,cust@XXXX.com,2026-04-01,"Anonymized Street, Jabodetabek",0812-XXXX-XXXX,Sample_Order_8,RETURNING,1,HALF MEDIUM BOX,3.65,Zone 2,6500,Beji - Depok,78200,slot-2,GO-PAY Wallet,2,111
3PLC-DRIVER-1,0812-XXXX-XXXX,kecamatan grogol petamburan,Customer_1837,cust@XXXX.com,2026-04-01,"Anonymized Street, Jabodetabek",0812-XXXX-XXXX,Sample_Order_2,RETURNING,1,PLASTIC,7.03,Zone 3,7000,Kembangan - JAKBAR,624450,slot-1,Credit Card,8,24
3PLB-DRIVER-1,0812-XXXX-XXXX,kecamatan grogol petamburan,Customer_1838,cust@XXXX.com,2026-04-01,"Anonymized Street, Jabodetabek",0812-XXXX-XXXX,Sample_Order_2,RETURNING,1,PLASTIC,7.03,Zone 3,7000,Kembangan - JAKBAR,624450,slot-2,Credit Card,8,24
3PLA-DRIVER-1,0812-XXXX-XXXX,kecamatan jagakarsa,Customer_1839,cust@XXXX.com,2026-04-01,"Anonymized Street, Jabodetabek",0812-XXXX-XXXX,Sample_Order_1,RETURNING,1,HALF MEDIUM BOX,11.13,Zone 4,11000,Bintaro - TANGSEL,116100,slot-1bb,OVO Wallet,2,85
3PLA-DRIVER-1,0812-XXXX-XXXX,kecamatan jagakarsa,Customer_1840,cust@XXXX.com,2026-04-01,"Anonymized Street, Jabodetabek",0812-XXXX-XXXX,Sample_Order_2,RETURNING,1,PLASTIC,7.03,Zone 3,7000,Kembangan - JAKBAR,624450,slot-0bb,Credit Card,8,24
3PLA-DRIVER-2,0812-XXXX-XXXX,cikarang selatan,Customer_1841,cust@XXXX.com,2026-04-01,"Anonymized Street, Jabodetabek",0812-XXXX-XXXX,Sample_Order_2,RETURNING,1,PLASTIC,7.03,Zone 3,7000,Kembangan - JAKBAR,624450,slot-13,Credit Card,8,24
Sample_Driver_9,0812-XXXX-XXXX,sepatan,Customer_1842,cust@XXXX.com,2026-04-01,"Anonymized Street, Jabodetabek",0812-XXXX-XXXX,Sample_Order_0,RETURNING,1,PLASTIC,5.54,Zone 2,6500,Kramat - JAKPUS,227370,slot-1,Cash on Delivery,5,242
3PLB-DRIVER-1,0812-XXXX-XXXX,sepatan,Customer_1843,cust@XXXX.com,2026-04-01,"Anonymized Street, Jabodetabek",0812-XXXX-XXXX,Sample_Order_0,RETURNING,1,PLASTIC,5.54,Zone 2,6500,Kramat - JAKPUS,227370,slot-1,Cash on Delivery,5,242
3PLB-DRIVER-3,0812-XXXX-XXXX,cikarang selatan,Customer_1844,cust@XXXX.com,2026-04-01,"Anonymized Street, Jabodetabek",0812-XXXX-XXXX,Sample_Order_5,,1,,8.03,Zone 3,7000,Kramat - JAKPUS,273600,slot-0,Cash on Delivery,5,276
3PLC-DRIVER-1,0812-XXXX-XXXX,kecamatan pinang,Customer_1845,cust@XXXX.com,2026-04-01,"Anonymized Street, Jabodetabek",0812-XXXX-XXXX,Sample_Order_3,RETURNING,1,PLASTIC,6.8,Zone 3,7000,Kembangan - JAKBAR,151710,slot-sameday03,ShopeePay,4,197
3PLB-DRIVER-2,0812-XXXX-XXXX,sepatan,Customer_1846,cust@XXXX.com,2026-04-01,"Anonymized Street, Jabodetabek",0812-XXXX-XXXX,Sample_Order_8,RETURNING,1,HALF MEDIUM BOX,3.65,Zone 2,6500,Beji - Depok,78200,slot-0,GO-PAY Wallet,2,111
3PLB-DRIVER-2,0812-XXXX-XXXX,cikarang selatan,Customer_1847,cust@XXXX.com,2026-04-01,"Anonymized Street, Jabodetabek",0812-XXXX-XXXX,Sample_Order_4,RETURNING,1,PLASTIC,4.79,Zone 2,6500,Kramat - JAKPUS,162800,slot-0bb,MANDIRI VA Transferpay!,4,99
Sample_Driver_9,0812-XXXX-XXXX,kecamatan pinang,Customer_1848,cust@XXXX.com,2026-04-01,"Anonymized Street, Jabodetabek",0812-XXXX-XXXX,Sample_Order_1,RETURNING,1,HALF MEDIUM BOX,11.13,Zone 4,11000,Bintaro - TANGSEL,116100,slot-13,OVO Wallet,2,85
3PLB-DRIVER-1,0812-XXXX-XXXX,kecamatan jagakarsa,Customer_1849,cust@XXXX.com,2026-04-01,"Anonymized Street, Jabodetabek",0812-XXXX-XXXX,Sample_Order_7,RETURNING,1,HALF MEDIUM BOX,7.41,Zone 3,7000,Satellite HUB Karawaci,126300,slot-2,Credit Card,2,34
Sample_Driver_9,0812-XXXX-XXXX,kecamatan jagakarsa,Customer_1850,cust@XXXX.com,2026-04-01,"Anonymized Street, Jabodetabek",0812-XXXX-XXXX,Sample_Order_6,NEW,1,MEDIUM BOX,9.05,Zone 4,11000,Cibitung - KAB BEKASI,169800,slot-1bb,Cash on Delivery,5,33
Sample_Driver_8,0812-XXXX-XXXX,sepatan,Customer_1851,cust@XXXX.com,2026-04-01,"Anonymized Street, Jabodetabek",0812-XXXX-XXXX,Sample_Order_2,RETURNING,1,PLASTIC,7.03,Zone 3,7000,Kembangan - JAKBAR,624450,slot-0bb,Credit Card,8,24
3PLC-DRIVER-1,0812-XXXX-XXXX,kecamatan jagakarsa,Customer_1852,cust@XXXX.com,2026-04-01,"Anonymized Street, Jabodetabek",0812-XXXX-XXXX,Sample_Order_1,RETURNING,1,HALF MEDIUM BOX,11.13,Zone 4,11000,Bintaro - TANGSEL,116100,slot-13,OVO Wallet,2,85
3PLC-DRIVER-2,0812-XXXX-XXXX,sepatan,Customer_1853,cust@XXXX.com,2026-04-01,"Anonymized Street, Jabodetabek",0812-XXXX-XXXX,Sample_Order_6,NEW,1,MEDIUM BOX,9.05,Zone 4,11000,Cibitung - KAB BEKASI,169800,slot-2,Cash on Delivery,5,33
3PLC-DRIVER-2,0812-XXXX-XXXX,kecamatan grogol petamburan,Customer_1854,cust@XXXX.com,2026-04-01,"Anonymized Street, Jabodetabek",0812-XXXX-XXXX,Sample_Order_9,RETURNING,1,HALF MEDIUM BOX,6.9,Zone 3,7000,Kramat - JAKPUS,126900,slot-sameday03,Credit Card,4,90
3PLB-DRIVER-3,0812-XXXX-XXXX,kecamatan jagakarsa,Customer_1855,cust@XXXX.com,2026-04-01,"Anonymized Street, Jabodetabek",0812-XXXX-XXXX,Sample_Order_9,RETURNING,1,HALF MEDIUM BOX,6.9,Zone 3,7000,Kramat - JAKPUS,126900,slot-1,Credit Card,4,90
3PLA-DRIVER-2,0812-XXXX-XXXX,kecamatan penjaringan,Customer_1856,cust@XXXX.com,2026-04-01,"Anonymized Street, Jabodetabek",0812-XXXX-XXXX,Sample_Order_0,RETURNING,1,PLASTIC,5.54,Zone 2,6500,Kramat - JAKPUS,227370,slot-sameday03,Cash on Delivery,5,242
3PLB-DRIVER-1,0812-XXXX-XXXX,kecamatan jatinegara,Customer_1857,cust@XXXX.com,2026-04-01,"Anonymized Street, Jabodetabek",0812-XXXX-XXXX,Sample_Order_4,RETURNING,1,PLASTIC,4.79,Zone 2,6500,Kramat - JAKPUS,162800,slot-2,MANDIRI VA Transferpay!,4,99
3PLB-DRIVER-1,0812-XXXX-XXXX,kecamatan grogol petamburan,Customer_1858,cust@XXXX.com,2026-04-01,"Anonymized Street, Jabodetabek",0812-XXXX-XXXX,Sample_Order_1,RETURNING,1,HALF MEDIUM BOX,11.13,Zone 4,11000,Bintaro - TANGSEL,116100,slot-sameday,OVO Wallet,2,85
3PLB-DRIVER-2,0812-XXXX-XXXX,kecamatan jagakarsa,Customer_1859,cust@XXXX.com,2026-04-01,"Anonymized Street, Jabodetabek",0812-XXXX-XXXX,Sample_Order_0,RETURNING,1,PLASTIC,5.54,Zone 2,6500,Kramat - JAKPUS,227370,slot-13,Cash on Delivery,5,242
3PLB-DRIVER-2,0812-XXXX-XXXX,kecamatan pademangan,Customer_1860,cust@XXXX.com,2026-04-01,"Anonymized Street, Jabodetabek",0812-XXXX-XXXX,Sample_Order_7,RETURNING,1,HALF MEDIUM BOX,7.41,Zone 3,7000,Satellite HUB Karawaci,126300,slot-sameday,Credit Card,2,34
3PLB-DRIVER-1,0812-XXXX-XXXX,cikarang selatan,Customer_1861,cust@XXXX.com,2026-04-01,"Anonymized Street, Jabodetabek",0812-XXXX-XXXX,Sample_Order_0,RETURNING,1,PLASTIC,5.54,Zone 2,6500,Kramat - JAKPUS,227370,slot-sameday,Cash on Delivery,5,242
3PLC-DRIVER-1,0812-XXXX-XXXX,sepatan,Customer_1862,cust@XXXX.com,2026-04-01,"Anonymized Street, Jabodetabek",0812-XXXX-XXXX,Sample_Order_3,RETURNING,1,PLASTIC,6.8,Zone 3,7000,Kembangan - JAKBAR,151710,slot-sameday,ShopeePay,4,197
3PLA-DRIVER-1,0812-XXXX-XXXX,kecamatan jatinegara,Customer_1863,cust@XXXX.com,2026-04-01,"Anonymized Street, Jabodetabek",0812-XXXX-XXXX,Sample_Order_6,NEW,1,MEDIUM BOX,9.05,Zone 4,11000,Cibitung - KAB BEKASI,169800,slot-1,Cash on Delivery,5,33
3PLA-DRIVER-1,0812-XXXX-XXXX,kecamatan pademangan,Customer_1864,cust@XXXX.com,2026-04-01,"Anonymized Street, Jabodetabek",0812-XXXX-XXXX,Sample_Order_8,RETURNING,1,HALF MEDIUM BOX,3.65,Zone 2,6500,Beji - Depok,78200,slot-sameday03,GO-PAY Wallet,2,111
3PLA-DRIVER-1,0812-XXXX-XXXX,kecamatan pinang,Customer_1865,cust@XXXX.com,2026-04-01,"Anonymized Street, Jabodetabek",0812-XXXX-XXXX,Sample_Order_8,RETURNING,1,HALF MEDIUM BOX,3.65,Zone 2,6500,Beji - Depok,78200,slot-sameday03,GO-PAY Wallet,2,111
3PLB-DRIVER-3,0812-XXXX-XXXX,sepatan,Customer_1866,cust@XXXX.com,2026-04-01,"Anonymized Street, Jabodetabek",0812-XXXX-XXXX,Sample_Order_8,RETURNING,1,HALF MEDIUM BOX,3.65,Zone 2,6500,Beji - Depok,78200,slot-sameday03,GO-PAY Wallet,2,111
3PLA-DRIVER-1,0812-XXXX-XXXX,kecamatan grogol petamburan,Customer_1867,cust@XXXX.com,2026-04-01,"Anonymized Street, Jabodetabek",0812-XXXX-XXXX,Sample_Order_8,RETURNING,1,HALF MEDIUM BOX,3.65,Zone 2,6500,Beji - Depok,78200,slot-13,GO-PAY Wallet,2,111
3PLC-DRIVER-1,0812-XXXX-XXXX,kecamatan pademangan,Customer_1868,cust@XXXX.com,2026-04-01,"Anonymized Street, Jabodetabek",0812-XXXX-XXXX,Sample_Order_1,RETURNING,1,HALF MEDIUM BOX,11.13,Zone 4,11000,Bintaro - TANGSEL,116100,slot-0bb,OVO Wallet,2,85
Sample_Driver_8,0812-XXXX-XXXX,kecamatan setiabudi,Customer_1869,cust@XXXX.com,2026-04-01,"Anonymized Street, Jabodetabek",0812-XXXX-XXXX,Sample_Order_2,RETURNING,1,PLASTIC,7.03,Zone 3,7000,Kembangan - JAKBAR,624450,slot-2,Credit Card,8,24
3PLC-DRIVER-1,0812-XXXX-XXXX,cikarang selatan,Customer_1870,cust@XXXX.com,2026-04-01,"Anonymized Street, Jabodetabek",0812-XXXX-XXXX,Sample_Order_2,RETURNING,1,PLASTIC,7.03,Zone 3,7000,Kembangan - JAKBAR,624450,slot-sameday03,Credit Card,8,24
3PLB-DRIVER-3,0812-XXXX-XXXX,kecamatan pinang,Customer_1871,cust@XXXX.com,2026-04-01,"Anonymized Street, Jabodetabek",0812-XXXX-XXXX,Sample_Order_2,RETURNING,1,PLASTIC,7.03,Zone 3,7000,Kembangan - JAKBAR,624450,slot-0,Credit Card,8,24
3PLC-DRIVER-2,0812-XXXX-XXXX,kecamatan pinang,Customer_1872,cust@XXXX.com,2026-04-01,"Anonymized Street, Jabodetabek",0812-XXXX-XXXX,Sample_Order_6,NEW,1,MEDIUM BOX,9.05,Zone 4,11000,Cibitung - KAB BEKASI,169800,slot-0,Cash on Delivery,5,33
3PLA-DRIVER-1,0812-XXXX-XXXX,kecamatan jatinegara,Customer_1873,cust@XXXX.com,2026-04-01,"Anonymized Street, Jabodetabek",0812-XXXX-XXXX,Sample_Order_5,,1,,8.03,Zone 3,7000,Kramat - JAKPUS,273600,slot-sameday,Cash on Delivery,5,276
3PLC-DRIVER-1,0812-XXXX-XXXX,kecamatan pinang,Customer_1874,cust@XXXX.com,2026-04-01,"Anonymized Street, Jabodetabek",0812-XXXX-XXXX,Sample_Order_7,RETURNING,1,HALF MEDIUM BOX,7.41,Zone 3,7000,Satellite HUB Karawaci,126300,slot-sameday03,Credit Card,2,34
Sample_Driver_8,0812-XXXX-XXXX,kecamatan grogol petamburan,Customer_1875,cust@XXXX.com,2026-04-01,"Anonymized Street, Jabodetabek",0812-XXXX-XXXX,Sample_Order_2,RETURNING,1,PLASTIC,7.03,Zone 3,7000,Kembangan - JAKBAR,624450,slot-1bb,Credit Card,8,24
3PLA-DRIVER-2,0812-XXXX-XXXX,cikarang selatan,Customer_1876,cust@XXXX.com,2026-04-01,"Anonymized Street, Jabodetabek",0812-XXXX-XXXX,Sample_Order_7,RETURNING,1,HALF MEDIUM BOX,7.41,Zone 3,7000,Satellite HUB Karawaci,126300,slot-0bb,Credit Card,2,34
3PLC-DRIVER-2,0812-XXXX-XXXX,kecamatan pademangan,Customer_1877,cust@XXXX.com,2026-04-01,"Anonymized Street, Jabodetabek",0812-XXXX-XXXX,Sample_Order_0,RETURNING,1,PLASTIC,5.54,Zone 2,6500,Kramat - JAKPUS,227370,slot-2,Cash on Delivery,5,242
3PLB-DRIVER-1,0812-XXXX-XXXX,kecamatan penjaringan,Customer_1878,cust@XXXX.com,2026-04-01,"Anonymized Street, Jabodetabek",0812-XXXX-XXXX,Sample_Order_2,RETURNING,1,PLASTIC,7.03,Zone 3,7000,Kembangan - JAKBAR,624450,slot-sameday03,Credit Card,8,24
3PLA-DRIVER-1,0812-XXXX-XXXX,kecamatan pademangan,Customer_1879,cust@XXXX.com,2026-04-01,"Anonymized Street, Jabodetabek",0812-XXXX-XXXX,Sample_Order_4,RETURNING,1,PLASTIC,4.79,Zone 2,6500,Kramat - JAKPUS,162800,slot-0,MANDIRI VA Transferpay!,4,99
3PLB-DRIVER-2,0812-XXXX-XXXX,kecamatan parung panjang,Customer_1880,cust@XXXX.com,2026-04-01,"Anonymized Street, Jabodetabek",0812-XXXX-XXXX,Sample_Order_6,NEW,1,MEDIUM BOX,9.05,Zone 4,11000,Cibitung - KAB BEKASI,169800,slot-sameday,Cash on Delivery,5,33
3PLC-DRIVER-2,0812-XXXX-XXXX,kecamatan parung panjang,Customer_1881,cust@XXXX.com,2026-04-01,"Anonymized Street, Jabodetabek",0812-XXXX-XXXX,Sample_Order_4,RETURNING,1,PLASTIC,4.79,Zone 2,6500,Kramat - JAKPUS,162800,slot-0bb,MANDIRI VA Transferpay!,4,99
Sample_Driver_8,0812-XXXX-XXXX,kecamatan parung panjang,Customer_1882,cust@XXXX.com,2026-04-01,"Anonymized Street, Jabodetabek",0812-XXXX-XXXX,Sample_Order_0,RETURNING,1,PLASTIC,5.54,Zone 2,6500,Kramat - JAKPUS,227370,slot-2,Cash on Delivery,5,242
3PLC-DRIVER-1,0812-XXXX-XXXX,kecamatan jagakarsa,Customer_1883,cust@XXXX.com,2026-04-01,"Anonymized Street, Jabodetabek",0812-XXXX-XXXX,Sample_Order_4,RETURNING,1,PLASTIC,4.79,Zone 2,6500,Kramat - JAKPUS,162800,slot-sameday,MANDIRI VA Transferpay!,4,99
Sample_Driver_9,0812-XXXX-XXXX,sepatan,Customer_1884,cust@XXXX.com,2026-04-01,"Anonymized Street, Jabodetabek",0812-XXXX-XXXX,Sample_Order_2,RETURNING,1,PLASTIC,7.03,Zone 3,7000,Kembangan - JAKBAR,624450,slot-sameday03,Credit Card,8,24
3PLB-DRIVER-1,0812-XXXX-XXXX,kecamatan pinang,Customer_1885,cust@XXXX.com,2026-04-01,"Anonymized Street, Jabodetabek",0812-XXXX-XXXX,Sample_Order_9,RETURNING,1,HALF MEDIUM BOX,6.9,Zone 3,7000,Kramat - JAKPUS,126900,slot-2,Credit Card,4,90
3PLC-DRIVER-2,0812-XXXX-XXXX,kecamatan pinang,Customer_1886,cust@XXXX.com,2026-04-01,"Anonymized Street, Jabodetabek",0812-XXXX-XXXX,Sample_Order_7,RETURNING,1,HALF MEDIUM BOX,7.41,Zone 3,7000,Satellite HUB Karawaci,126300,slot-13,Credit Card,2,34
3PLC-DRIVER-2,0812-XXXX-XXXX,kecamatan jatinegara,Customer_1887,cust@XXXX.com,2026-04-01,"Anonymized Street, Jabodetabek",0812-XXXX-XXXX,Sample_Order_3,RETURNING,1,PLASTIC,6.8,Zone 3,7000,Kembangan - JAKBAR,151710,slot-1bb,ShopeePay,4,197
3PLC-DRIVER-2,0812-XXXX-XXXX,kecamatan grogol petamburan,Customer_1888,cust@XXXX.com,2026-04-01,"Anonymized Street, Jabodetabek",0812-XXXX-XXXX,Sample_Order_6,NEW,1,MEDIUM BOX,9.05,Zone 4,11000,Cibitung - KAB BEKASI,169800,slot-13,Cash on Delivery,5,33
Sample_Driver_8,0812-XXXX-XXXX,kecamatan jatinegara,Customer_1889,cust@XXXX.com,2026-04-01,"Anonymized Street, Jabodetabek",0812-XXXX-XXXX,Sample_Order_1,RETURNING,1,HALF MEDIUM BOX,11.13,Zone 4,11000,Bintaro - TANGSEL,116100,slot-0bb,OVO Wallet,2,85
Sample_Driver_9,0812-XXXX-XXXX,kecamatan pinang,Customer_1890,cust@XXXX.com,2026-04-01,"Anonymized Street, Jabodetabek",0812-XXXX-XXXX,Sample_Order_6,NEW,1,MEDIUM BOX,9.05,Zone 4,11000,Cibitung - KAB BEKASI,169800,slot-2,Cash on Delivery,5,33
Sample_Driver_8,0812-XXXX-XXXX,kecamatan setiabudi,Customer_1891,cust@XXXX.com,2026-04-01,"Anonymized Street, Jabodetabek",0812-XXXX-XXXX,Sample_Order_8,RETURNING,1,HALF MEDIUM BOX,3.65,Zone 2,6500,Beji - Depok,78200,slot-13,GO-PAY Wallet,2,111
3PLC-DRIVER-2,0812-XXXX-XXXX,cikarang selatan,Customer_1892,cust@XXXX.com,2026-04-01,"Anonymized Street, Jabodetabek",0812-XXXX-XXXX,Sample_Order_7,RETURNING,1,HALF MEDIUM BOX,7.41,Zone 3,7000,Satellite HUB Karawaci,126300,slot-sameday03,Credit Card,2,34
3PLA-DRIVER-2,0812-XXXX-XXXX,kecamatan penjaringan,Customer_1893,cust@XXXX.com,2026-04-01,"Anonymized Street, Jabodetabek",0812-XXXX-XXXX,Sample_Order_2,RETURNING,1,PLASTIC,7.03,Zone 3,7000,Kembangan - JAKBAR,624450,slot-0bb,Credit Card,8,24
Sample_Driver_9,0812-XXXX-XXXX,kecamatan pinang,Customer_1894,cust@XXXX.com,2026-04-01,"Anonymized Street, Jabodetabek",0812-XXXX-XXXX,Sample_Order_9,RETURNING,1,HALF MEDIUM BOX,6.9,Zone 3,7000,Kramat - JAKPUS,126900,slot-1,Credit Card,4,90
3PLA-DRIVER-1,0812-XXXX-XXXX,kecamatan setiabudi,Customer_1895,cust@XXXX.com,2026-04-01,"Anonymized Street, Jabodetabek",0812-XXXX-XXXX,Sample_Order_8,RETURNING,1,HALF MEDIUM BOX,3.65,Zone 2,6500,Beji - Depok,78200,slot-sameday03,GO-PAY Wallet,2,111
3PLB-DRIVER-2,0812-XXXX-XXXX,kecamatan pademangan,Customer_1896,cust@XXXX.com,2026-04-01,"Anonymized Street, Jabodetabek",0812-XXXX-XXXX,Sample_Order_5,,1,,8.03,Zone 3,7000,Kramat - JAKPUS,273600,slot-sameday,Cash on Delivery,5,276
3PLB-DRIVER-3,0812-XXXX-XXXX,kecamatan penjaringan,Customer_1897,cust@XXXX.com,2026-04-01,"Anonymized Street, Jabodetabek",0812-XXXX-XXXX,Sample_Order_5,,1,,8.03,Zone 3,7000,Kramat - JAKPUS,273600,slot-0bb,Cash on Delivery,5,276
3PLB-DRIVER-1,0812-XXXX-XXXX,cikarang selatan,Customer_1898,cust@XXXX.com,2026-04-01,"Anonymized Street, Jabodetabek",0812-XXXX-XXXX,Sample_Order_6,NEW,1,MEDIUM BOX,9.05,Zone 4,11000,Cibitung - KAB BEKASI,169800,slot-sameday,Cash on Delivery,5,33
3PLA-DRIVER-1,0812-XXXX-XXXX,kecamatan setiabudi,Customer_1899,cust@XXXX.com,2026-04-01,"Anonymized Street, Jabodetabek",0812-XXXX-XXXX,Sample_Order_5,,1,,8.03,Zone 3,7000,Kramat - JAKPUS,273600,slot-2,Cash on Delivery,5,276
3PLC-DRIVER-2,0812-XXXX-XXXX,kecamatan grogol petamburan,Customer_1900,cust@XXXX.com,2026-04-01,"Anonymized Street, Jabodetabek",0812-XXXX-XXXX,Sample_Order_0,RETURNING,1,PLASTIC,5.54,Zone 2,6500,Kramat - JAKPUS,227370,slot-0,Cash on Delivery,5,242
3PLB-DRIVER-3,0812-XXXX-XXXX,kecamatan jatinegara,Customer_1901,cust@XXXX.com,2026-04-01,"Anonymized Street, Jabodetabek",0812-XXXX-XXXX,Sample_Order_5,,1,,8.03,Zone 3,7000,Kramat - JAKPUS,273600,slot-1bb,Cash on Delivery,5,276
3PLC-DRIVER-2,0812-XXXX-XXXX,sepatan,Customer_1902,cust@XXXX.com,2026-04-01,"Anonymized Street, Jabodetabek",0812-XXXX-XXXX,Sample_Order_5,,1,,8.03,Zone 3,7000,Kramat - JAKPUS,273600,slot-0bb,Cash on Delivery,5,276
3PLB-DRIVER-3,0812-XXXX-XXXX,cikarang selatan,Customer_1903,cust@XXXX.com,2026-04-01,"Anonymized Street, Jabodetabek",0812-XXXX-XXXX,Sample_Order_6,NEW,1,MEDIUM BOX,9.05,Zone 4,11000,Cibitung - KAB BEKASI,169800,slot-13,Cash on Delivery,5,33
Sample_Driver_8,0812-XXXX-XXXX,kecamatan jatinegara,Customer_1904,cust@XXXX.com,2026-04-01,"Anonymized Street, Jabodetabek",0812-XXXX-XXXX,Sample_Order_5,,1,,8.03,Zone 3,7000,Kramat - JAKPUS,273600,slot-0,Cash on Delivery,5,276
3PLB-DRIVER-3,0812-XXXX-XXXX,kecamatan pinang,Customer_1905,cust@XXXX.com,2026-04-01,"Anonymized Street, Jabodetabek",0812-XXXX-XXXX,Sample_Order_6,NEW,1,MEDIUM BOX,9.05,Zone 4,11000,Cibitung - KAB BEKASI,169800,slot-sameday03,Cash on Delivery,5,33
3PLB-DRIVER-3,0812-XXXX-XXXX,kecamatan grogol petamburan,Customer_1906,cust@XXXX.com,2026-04-01,"Anonymized Street, Jabodetabek",0812-XXXX-XXXX,Sample_Order_9,RETURNING,1,HALF MEDIUM BOX,6.9,Zone 3,7000,Kramat - JAKPUS,126900,slot-1,Credit Card,4,90
Sample_Driver_8,0812-XXXX-XXXX,sepatan,Customer_1907,cust@XXXX.com,2026-04-01,"Anonymized Street, Jabodetabek",0812-XXXX-XXXX,Sample_Order_5,,1,,8.03,Zone 3,7000,Kramat - JAKPUS,273600,slot-1bb,Cash on Delivery,5,276
Sample_Driver_9,0812-XXXX-XXXX,kecamatan jatinegara,Customer_1908,cust@XXXX.com,2026-04-01,"Anonymized Street, Jabodetabek",0812-XXXX-XXXX,Sample_Order_1,RETURNING,1,HALF MEDIUM BOX,11.13,Zone 4,11000,Bintaro - TANGSEL,116100,slot-sameday03,OVO Wallet,2,85
3PLC-DRIVER-2,0812-XXXX-XXXX,kecamatan pinang,Customer_1909,cust@XXXX.com,2026-04-01,"Anonymized Street, Jabodetabek",0812-XXXX-XXXX,Sample_Order_1,RETURNING,1,HALF MEDIUM BOX,11.13,Zone 4,11000,Bintaro - TANGSEL,116100,slot-sameday03,OVO Wallet,2,85
Sample_Driver_8,0812-XXXX-XXXX,kecamatan penjaringan,Customer_1910,cust@XXXX.com,2026-04-01,"Anonymized Street, Jabodetabek",0812-XXXX-XXXX,Sample_Order_9,RETURNING,1,HALF MEDIUM BOX,6.9,Zone 3,7000,Kramat - JAKPUS,126900,slot-2,Credit Card,4,90
3PLB-DRIVER-3,0812-XXXX-XXXX,sepatan,Customer_1911,cust@XXXX.com,2026-04-01,"Anonymized Street, Jabodetabek",0812-XXXX-XXXX,Sample_Order_9,RETURNING,1,HALF MEDIUM BOX,6.9,Zone 3,7000,Kramat - JAKPUS,126900,slot-1,Credit Card,4,90
Sample_Driver_8,0812-XXXX-XXXX,kecamatan jagakarsa,Customer_1912,cust@XXXX.com,2026-04-01,"Anonymized Street, Jabodetabek",0812-XXXX-XXXX,Sample_Order_1,RETURNING,1,HALF MEDIUM BOX,11.13,Zone 4,11000,Bintaro - TANGSEL,116100,slot-1,OVO Wallet,2,85
3PLC-DRIVER-1,0812-XXXX-XXXX,kecamatan penjaringan,Customer_1913,cust@XXXX.com,2026-04-01,"Anonymized Street, Jabodetabek",0812-XXXX-XXXX,Sample_Order_2,RETURNING,1,PLASTIC,7.03,Zone 3,7000,Kembangan - JAKBAR,624450,slot-0,Credit Card,8,24
3PLB-DRIVER-1,0812-XXXX-XXXX,kecamatan penjaringan,Customer_1914,cust@XXXX.com,2026-04-01,"Anonymized Street, Jabodetabek",0812-XXXX-XXXX,Sample_Order_0,RETURNING,1,PLASTIC,5.54,Zone 2,6500,Kramat - JAKPUS,227370,slot-0,Cash on Delivery,5,242
3PLB-DRIVER-3,0812-XXXX-XXXX,cikarang selatan,Customer_1915,cust@XXXX.com,2026-04-01,"Anonymized Street, Jabodetabek",0812-XXXX-XXXX,Sample_Order_5,,1,,8.03,Zone 3,7000,Kramat - JAKPUS,273600,slot-0,Cash on Delivery,5,276
3PLB-DRIVER-1,0812-XXXX-XXXX,kecamatan pademangan,Customer_1916,cust@XXXX.com,2026-04-01,"Anonymized Street, Jabodetabek",0812-XXXX-XXXX,Sample_Order_5,,1,,8.03,Zone 3,7000,Kramat - JAKPUS,273600,slot-13,Cash on Delivery,5,276
3PLA-DRIVER-1,0812-XXXX-XXXX,kecamatan jagakarsa,Customer_1917,cust@XXXX.com,2026-04-01,"Anonymized Street, Jabodetabek",0812-XXXX-XXXX,Sample_Order_9,RETURNING,1,HALF MEDIUM BOX,6.9,Zone 3,7000,Kramat - JAKPUS,126900,slot-0,Credit Card,4,90
3PLB-DRIVER-2,0812-XXXX-XXXX,kecamatan penjaringan,Customer_1918,cust@XXXX.com,2026-04-01,"Anonymized Street, Jabodetabek",0812-XXXX-XXXX,Sample_Order_5,,1,,8.03,Zone 3,7000,Kramat - JAKPUS,273600,slot-2,Cash on Delivery,5,276
Sample_Driver_9,0812-XXXX-XXXX,kecamatan jatinegara,Customer_1919,cust@XXXX.com,2026-04-01,"Anonymized Street, Jabodetabek",0812-XXXX-XXXX,Sample_Order_3,RETURNING,1,PLASTIC,6.8,Zone 3,7000,Kembangan - JAKBAR,151710,slot-sameday03,ShopeePay,4,197
3PLB-DRIVER-3,0812-XXXX-XXXX,sepatan,Customer_1920,cust@XXXX.com,2026-04-01,"Anonymized Street, Jabodetabek",0812-XXXX-XXXX,Sample_Order_1,RETURNING,1,HALF MEDIUM BOX,11.13,Zone 4,11000,Bintaro - TANGSEL,116100,slot-0,OVO Wallet,2,85
3PLC-DRIVER-1,0812-XXXX-XXXX,kecamatan penjaringan,Customer_1921,cust@XXXX.com,2026-04-01,"Anonymized Street, Jabodetabek",0812-XXXX-XXXX,Sample_Order_5,,1,,8.03,Zone 3,7000,Kramat - JAKPUS,273600,slot-0bb,Cash on Delivery,5,276
3PLC-DRIVER-2,0812-XXXX-XXXX,kecamatan pademangan,Customer_1922,cust@XXXX.com,2026-04-01,"Anonymized Street, Jabodetabek",0812-XXXX-XXXX,Sample_Order_1,RETURNING,1,HALF MEDIUM BOX,11.13,Zone 4,11000,Bintaro - TANGSEL,116100,slot-1bb,OVO Wallet,2,85
3PLC-DRIVER-1,0812-XXXX-XXXX,kecamatan setiabudi,Customer_1923,cust@XXXX.com,2026-04-01,"Anonymized Street, Jabodetabek",0812-XXXX-XXXX,Sample_Order_5,,1,,8.03,Zone 3,7000,Kramat - JAKPUS,273600,slot-sameday,Cash on Delivery,5,276
3PLA-DRIVER-1,0812-XXXX-XXXX,kecamatan penjaringan,Customer_1924,cust@XXXX.com,2026-04-01,"Anonymized Street, Jabodetabek",0812-XXXX-XXXX,Sample_Order_5,,1,,8.03,Zone 3,7000,Kramat - JAKPUS,273600,slot-2,Cash on Delivery,5,276
Sample_Driver_8,0812-XXXX-XXXX,kecamatan jatinegara,Customer_1925,cust@XXXX.com,2026-04-01,"Anonymized Street, Jabodetabek",0812-XXXX-XXXX,Sample_Order_4,RETURNING,1,PLASTIC,4.79,Zone 2,6500,Kramat - JAKPUS,162800,slot-0bb,MANDIRI VA Transferpay!,4,99
3PLA-DRIVER-2,0812-XXXX-XXXX,sepatan,Customer_1926,cust@XXXX.com,2026-04-01,"Anonymized Street, Jabodetabek",0812-XXXX-XXXX,Sample_Order_5,,1,,8.03,Zone 3,7000,Kramat - JAKPUS,273600,slot-1bb,Cash on Delivery,5,276
3PLC-DRIVER-2,0812-XXXX-XXXX,kecamatan grogol petamburan,Customer_1927,cust@XXXX.com,2026-04-01,"Anonymized Street, Jabodetabek",0812-XXXX-XXXX,Sample_Order_4,RETURNING,1,PLASTIC,4.79,Zone 2,6500,Kramat - JAKPUS,162800,slot-1bb,MANDIRI VA Transferpay!,4,99
3PLA-DRIVER-1,0812-XXXX-XXXX,kecamatan setiabudi,Customer_1928,cust@XXXX.com,2026-04-01,"Anonymized Street, Jabodetabek",0812-XXXX-XXXX,Sample_Order_5,,1,,8.03,Zone 3,7000,Kramat - JAKPUS,273600,slot-0,Cash on Delivery,5,276
Sample_Driver_8,0812-XXXX-XXXX,cikarang selatan,Customer_1929,cust@XXXX.com,2026-04-01,"Anonymized Street, Jabodetabek",0812-XXXX-XXXX,Sample_Order_8,RETURNING,1,HALF MEDIUM BOX,3.65,Zone 2,6500,Beji - Depok,78200,slot-13,GO-PAY Wallet,2,111
3PLA-DRIVER-1,0812-XXXX-XXXX,sepatan,Customer_1930,cust@XXXX.com,2026-04-01,"Anonymized Street, Jabodetabek",0812-XXXX-XXXX,Sample_Order_1,RETURNING,1,HALF MEDIUM BOX,11.13,Zone 4,11000,Bintaro - TANGSEL,116100,slot-1,OVO Wallet,2,85
Sample_Driver_9,0812-XXXX-XXXX,kecamatan grogol petamburan,Customer_1931,cust@XXXX.com,2026-04-01,"Anonymized Street, Jabodetabek",0812-XXXX-XXXX,Sample_Order_8,RETURNING,1,HALF MEDIUM BOX,3.65,Zone 2,6500,Beji - Depok,78200,slot-1bb,GO-PAY Wallet,2,111
3PLB-DRIVER-1,0812-XXXX-XXXX,cikarang selatan,Customer_1932,cust@XXXX.com,2026-04-01,"Anonymized Street, Jabodetabek",0812-XXXX-XXXX,Sample_Order_0,RETURNING,1,PLASTIC,5.54,Zone 2,6500,Kramat - JAKPUS,227370,slot-13,Cash on Delivery,5,242
3PLB-DRIVER-1,0812-XXXX-XXXX,kecamatan pademangan,Customer_1933,cust@XXXX.com,2026-04-01,"Anonymized Street, Jabodetabek",0812-XXXX-XXXX,Sample_Order_0,RETURNING,1,PLASTIC,5.54,Zone 2,6500,Kramat - JAKPUS,227370,slot-1,Cash on Delivery,5,242
Sample_Driver_8,0812-XXXX-XXXX,kecamatan setiabudi,Customer_1934,cust@XXXX.com,2026-04-01,"Anonymized Street, Jabodetabek",0812-XXXX-XXXX,Sample_Order_1,RETURNING,1,HALF MEDIUM BOX,11.13,Zone 4,11000,Bintaro - TANGSEL,116100,slot-1,OVO Wallet,2,85
3PLA-DRIVER-1,0812-XXXX-XXXX,kecamatan jatinegara,Customer_1935,cust@XXXX.com,2026-04-01,"Anonymized Street, Jabodetabek",0812-XXXX-XXXX,Sample_Order_3,RETURNING,1,PLASTIC,6.8,Zone 3,7000,Kembangan - JAKBAR,151710,slot-13,ShopeePay,4,197
3PLA-DRIVER-1,0812-XXXX-XXXX,kecamatan grogol petamburan,Customer_1936,cust@XXXX.com,2026-04-01,"Anonymized Street, Jabodetabek",0812-XXXX-XXXX,Sample_Order_7,RETURNING,1,HALF MEDIUM BOX,7.41,Zone 3,7000,Satellite HUB Karawaci,126300,slot-2,Credit Card,2,34
3PLA-DRIVER-1,0812-XXXX-XXXX,kecamatan jagakarsa,Customer_1937,cust@XXXX.com,2026-04-01,"Anonymized Street, Jabodetabek",0812-XXXX-XXXX,Sample_Order_4,RETURNING,1,PLASTIC,4.79,Zone 2,6500,Kramat - JAKPUS,162800,slot-sameday03,MANDIRI VA Transferpay!,4,99
3PLC-DRIVER-2,0812-XXXX-XXXX,kecamatan setiabudi,Customer_1938,cust@XXXX.com,2026-04-01,"Anonymized Street, Jabodetabek",0812-XXXX-XXXX,Sample_Order_9,RETURNING,1,HALF MEDIUM BOX,6.9,Zone 3,7000,Kramat - JAKPUS,126900,slot-0bb,Credit Card,4,90
3PLB-DRIVER-3,0812-XXXX-XXXX,kecamatan setiabudi,Customer_1939,cust@XXXX.com,2026-04-01,"Anonymized Street, Jabodetabek",0812-XXXX-XXXX,Sample_Order_6,NEW,1,MEDIUM BOX,9.05,Zone 4,11000,Cibitung - KAB BEKASI,169800,slot-sameday,Cash on Delivery,5,33
3PLB-DRIVER-2,0812-XXXX-XXXX,kecamatan jatinegara,Customer_1940,cust@XXXX.com,2026-04-01,"Anonymized Street, Jabodetabek",0812-XXXX-XXXX,Sample_Order_1,RETURNING,1,HALF MEDIUM BOX,11.13,Zone 4,11000,Bintaro - TANGSEL,116100,slot-sameday,OVO Wallet,2,85
3PLC-DRIVER-1,0812-XXXX-XXXX,kecamatan penjaringan,Customer_1941,cust@XXXX.com,2026-04-01,"Anonymized Street, Jabodetabek",0812-XXXX-XXXX,Sample_Order_3,RETURNING,1,PLASTIC,6.8,Zone 3,7000,Kembangan - JAKBAR,151710,slot-sameday03,ShopeePay,4,197
3PLB-DRIVER-2,0812-XXXX-XXXX,kecamatan jatinegara,Customer_1942,cust@XXXX.com,2026-04-01,"Anonymized Street, Jabodetabek",0812-XXXX-XXXX,Sample_Order_5,,1,,8.03,Zone 3,7000,Kramat - JAKPUS,273600,slot-1bb,Cash on Delivery,5,276
3PLC-DRIVER-1,0812-XXXX-XXXX,kecamatan pademangan,Customer_1943,cust@XXXX.com,2026-04-01,"Anonymized Street, Jabodetabek",0812-XXXX-XXXX,Sample_Order_0,RETURNING,1,PLASTIC,5.54,Zone 2,6500,Kramat - JAKPUS,227370,slot-0,Cash on Delivery,5,242
3PLA-DRIVER-1,0812-XXXX-XXXX,kecamatan parung panjang,Customer_1944,cust@XXXX.com,2026-04-01,"Anonymized Street, Jabodetabek",0812-XXXX-XXXX,Sample_Order_7,RETURNING,1,HALF MEDIUM BOX,7.41,Zone 3,7000,Satellite HUB Karawaci,126300,slot-0bb,Credit Card,2,34
3PLC-DRIVER-1,0812-XXXX-XXXX,kecamatan jatinegara,Customer_1945,cust@XXXX.com,2026-04-01,"Anonymized Street, Jabodetabek",0812-XXXX-XXXX,Sample_Order_7,RETURNING,1,HALF MEDIUM BOX,7.41,Zone 3,7000,Satellite HUB Karawaci,126300,slot-1,Credit Card,2,34
3PLA-DRIVER-1,0812-XXXX-XXXX,sepatan,Customer_1946,cust@XXXX.com,2026-04-01,"Anonymized Street, Jabodetabek",0812-XXXX-XXXX,Sample_Order_6,NEW,1,MEDIUM BOX,9.05,Zone 4,11000,Cibitung - KAB BEKASI,169800,slot-2,Cash on Delivery,5,33
3PLC-DRIVER-1,0812-XXXX-XXXX,kecamatan jagakarsa,Customer_1947,cust@XXXX.com,2026-04-01,"Anonymized Street, Jabodetabek",0812-XXXX-XXXX,Sample_Order_0,RETURNING,1,PLASTIC,5.54,Zone 2,6500,Kramat - JAKPUS,227370,slot-1bb,Cash on Delivery,5,242
3PLB-DRIVER-3,0812-XXXX-XXXX,kecamatan grogol petamburan,Customer_1948,cust@XXXX.com,2026-04-01,"Anonymized Street, Jabodetabek",0812-XXXX-XXXX,Sample_Order_0,RETURNING,1,PLASTIC,5.54,Zone 2,6500,Kramat - JAKPUS,227370,slot-2,Cash on Delivery,5,242
3PLB-DRIVER-3,0812-XXXX-XXXX,kecamatan grogol petamburan,Customer_1949,cust@XXXX.com,2026-04-01,"Anonymized Street, Jabodetabek",0812-XXXX-XXXX,Sample_Order_6,NEW,1,MEDIUM BOX,9.05,Zone 4,11000,Cibitung - KAB BEKASI,169800,slot-sameday03,Cash on Delivery,5,33
3PLA-DRIVER-2,0812-XXXX-XXXX,kecamatan pademangan,Customer_1950,cust@XXXX.com,2026-04-01,"Anonymized Street, Jabodetabek",0812-XXXX-XXXX,Sample_Order_2,RETURNING,1,PLASTIC,7.03,Zone 3,7000,Kembangan - JAKBAR,624450,slot-0bb,Credit Card,8,24
3PLC-DRIVER-2,0812-XXXX-XXXX,kecamatan pademangan,Customer_1951,cust@XXXX.com,2026-04-01,"Anonymized Street, Jabodetabek",0812-XXXX-XXXX,Sample_Order_8,RETURNING,1,HALF MEDIUM BOX,3.65,Zone 2,6500,Beji - Depok,78200,slot-0bb,GO-PAY Wallet,2,111
3PLB-DRIVER-1,0812-XXXX-XXXX,kecamatan parung panjang,Customer_1952,cust@XXXX.com,2026-04-01,"Anonymized Street, Jabodetabek",0812-XXXX-XXXX,Sample_Order_4,RETURNING,1,PLASTIC,4.79,Zone 2,6500,Kramat - JAKPUS,162800,slot-0,MANDIRI VA Transferpay!,4,99
Sample_Driver_8,0812-XXXX-XXXX,kecamatan jagakarsa,Customer_1953,cust@XXXX.com,2026-04-01,"Anonymized Street, Jabodetabek",0812-XXXX-XXXX,Sample_Order_8,RETURNING,1,HALF MEDIUM BOX,3.65,Zone 2,6500,Beji - Depok,78200,slot-sameday03,GO-PAY Wallet,2,111
3PLB-DRIVER-3,0812-XXXX-XXXX,cikarang selatan,Customer_1954,cust@XXXX.com,2026-04-01,"Anonymized Street, Jabodetabek",0812-XXXX-XXXX,Sample_Order_1,RETURNING,1,HALF MEDIUM BOX,11.13,Zone 4,11000,Bintaro - TANGSEL,116100,slot-sameday,OVO Wallet,2,85
3PLA-DRIVER-2,0812-XXXX-XXXX,kecamatan pademangan,Customer_1955,cust@XXXX.com,2026-04-01,"Anonymized Street, Jabodetabek",0812-XXXX-XXXX,Sample_Order_7,RETURNING,1,HALF MEDIUM BOX,7.41,Zone 3,7000,Satellite HUB Karawaci,126300,slot-sameday03,Credit Card,2,34
3PLA-DRIVER-2,0812-XXXX-XXXX,kecamatan penjaringan,Customer_1956,cust@XXXX.com,2026-04-01,"Anonymized Street, Jabodetabek",0812-XXXX-XXXX,Sample_Order_0,RETURNING,1,PLASTIC,5.54,Zone 2,6500,Kramat - JAKPUS,227370,slot-0,Cash on Delivery,5,242
3PLB-DRIVER-3,0812-XXXX-XXXX,kecamatan grogol petamburan,Customer_1957,cust@XXXX.com,2026-04-01,"Anonymized Street, Jabodetabek",0812-XXXX-XXXX,Sample_Order_9,RETURNING,1,HALF MEDIUM BOX,6.9,Zone 3,7000,Kramat - JAKPUS,126900,slot-1,Credit Card,4,90
3PLC-DRIVER-1,0812-XXXX-XXXX,kecamatan parung panjang,Customer_1958,cust@XXXX.com,2026-04-01,"Anonymized Street, Jabodetabek",0812-XXXX-XXXX,Sample_Order_2,RETURNING,1,PLASTIC,7.03,Zone 3,7000,Kembangan - JAKBAR,624450,slot-sameday03,Credit Card,8,24
3PLA-DRIVER-2,0812-XXXX-XXXX,cikarang selatan,Customer_1959,cust@XXXX.com,2026-04-01,"Anonymized Street, Jabodetabek",0812-XXXX-XXXX,Sample_Order_1,RETURNING,1,HALF MEDIUM BOX,11.13,Zone 4,11000,Bintaro - TANGSEL,116100,slot-2,OVO Wallet,2,85
3PLC-DRIVER-1,0812-XXXX-XXXX,kecamatan pademangan,Customer_1960,cust@XXXX.com,2026-04-01,"Anonymized Street, Jabodetabek",0812-XXXX-XXXX,Sample_Order_6,NEW,1,MEDIUM BOX,9.05,Zone 4,11000,Cibitung - KAB BEKASI,169800,slot-0bb,Cash on Delivery,5,33
3PLC-DRIVER-1,0812-XXXX-XXXX,kecamatan pinang,Customer_1961,cust@XXXX.com,2026-04-01,"Anonymized Street, Jabodetabek",0812-XXXX-XXXX,Sample_Order_7,RETURNING,1,HALF MEDIUM BOX,7.41,Zone 3,7000,Satellite HUB Karawaci,126300,slot-sameday,Credit Card,2,34
3PLB-DRIVER-1,0812-XXXX-XXXX,cikarang selatan,Customer_1962,cust@XXXX.com,2026-04-01,"Anonymized Street, Jabodetabek",0812-XXXX-XXXX,Sample_Order_9,RETURNING,1,HALF MEDIUM BOX,6.9,Zone 3,7000,Kramat - JAKPUS,126900,slot-1bb,Credit Card,4,90
3PLB-DRIVER-2,0812-XXXX-XXXX,sepatan,Customer_1963,cust@XXXX.com,2026-04-01,"Anonymized Street, Jabodetabek",0812-XXXX-XXXX,Sample_Order_6,NEW,1,MEDIUM BOX,9.05,Zone 4,11000,Cibitung - KAB BEKASI,169800,slot-1,Cash on Delivery,5,33
3PLB-DRIVER-1,0812-XXXX-XXXX,kecamatan pinang,Customer_1964,cust@XXXX.com,2026-04-01,"Anonymized Street, Jabodetabek",0812-XXXX-XXXX,Sample_Order_5,,1,,8.03,Zone 3,7000,Kramat - JAKPUS,273600,slot-2,Cash on Delivery,5,276
3PLA-DRIVER-2,0812-XXXX-XXXX,cikarang selatan,Customer_1965,cust@XXXX.com,2026-04-01,"Anonymized Street, Jabodetabek",0812-XXXX-XXXX,Sample_Order_9,RETURNING,1,HALF MEDIUM BOX,6.9,Zone 3,7000,Kramat - JAKPUS,126900,slot-0bb,Credit Card,4,90
3PLC-DRIVER-1,0812-XXXX-XXXX,cikarang selatan,Customer_1966,cust@XXXX.com,2026-04-01,"Anonymized Street, Jabodetabek",0812-XXXX-XXXX,Sample_Order_9,RETURNING,1,HALF MEDIUM BOX,6.9,Zone 3,7000,Kramat - JAKPUS,126900,slot-2,Credit Card,4,90
Sample_Driver_9,0812-XXXX-XXXX,kecamatan setiabudi,Customer_1967,cust@XXXX.com,2026-04-01,"Anonymized Street, Jabodetabek",0812-XXXX-XXXX,Sample_Order_5,,1,,8.03,Zone 3,7000,Kramat - JAKPUS,273600,slot-sameday,Cash on Delivery,5,276
Sample_Driver_8,0812-XXXX-XXXX,kecamatan parung panjang,Customer_1968,cust@XXXX.com,2026-04-01,"Anonymized Street, Jabodetabek",0812-XXXX-XXXX,Sample_Order_0,RETURNING,1,PLASTIC,5.54,Zone 2,6500,Kramat - JAKPUS,227370,slot-1,Cash on Delivery,5,242
3PLB-DRIVER-1,0812-XXXX-XXXX,kecamatan penjaringan,Customer_1969,cust@XXXX.com,2026-04-01,"Anonymized Street, Jabodetabek",0812-XXXX-XXXX,Sample_Order_2,RETURNING,1,PLASTIC,7.03,Zone 3,7000,Kembangan - JAKBAR,624450,slot-0,Credit Card,8,24
Sample_Driver_8,0812-XXXX-XXXX,kecamatan pademangan,Customer_1970,cust@XXXX.com,2026-04-01,"Anonymized Street, Jabodetabek",0812-XXXX-XXXX,Sample_Order_4,RETURNING,1,PLASTIC,4.79,Zone 2,6500,Kramat - JAKPUS,162800,slot-13,MANDIRI VA Transferpay!,4,99
3PLA-DRIVER-2,0812-XXXX-XXXX,kecamatan pinang,Customer_1971,cust@XXXX.com,2026-04-01,"Anonymized Street, Jabodetabek",0812-XXXX-XXXX,Sample_Order_4,RETURNING,1,PLASTIC,4.79,Zone 2,6500,Kramat - JAKPUS,162800,slot-13,MANDIRI VA Transferpay!,4,99
3PLA-DRIVER-2,0812-XXXX-XXXX,kecamatan grogol petamburan,Customer_1972,cust@XXXX.com,2026-04-01,"Anonymized Street, Jabodetabek",0812-XXXX-XXXX,Sample_Order_6,NEW,1,MEDIUM BOX,9.05,Zone 4,11000,Cibitung - KAB BEKASI,169800,slot-0bb,Cash on Delivery,5,33
3PLB-DRIVER-2,0812-XXXX-XXXX,kecamatan parung panjang,Customer_1973,cust@XXXX.com,2026-04-01,"Anonymized Street, Jabodetabek",0812-XXXX-XXXX,Sample_Order_7,RETURNING,1,HALF MEDIUM BOX,7.41,Zone 3,7000,Satellite HUB Karawaci,126300,slot-sameday03,Credit Card,2,34
3PLB-DRIVER-1,0812-XXXX-XXXX,cikarang selatan,Customer_1974,cust@XXXX.com,2026-04-01,"Anonymized Street, Jabodetabek",0812-XXXX-XXXX,Sample_Order_2,RETURNING,1,PLASTIC,7.03,Zone 3,7000,Kembangan - JAKBAR,624450,slot-2,Credit Card,8,24
Sample_Driver_9,0812-XXXX-XXXX,kecamatan setiabudi,Customer_1975,cust@XXXX.com,2026-04-01,"Anonymized Street, Jabodetabek",0812-XXXX-XXXX,Sample_Order_1,RETURNING,1,HALF MEDIUM BOX,11.13,Zone 4,11000,Bintaro - TANGSEL,116100,slot-0bb,OVO Wallet,2,85
3PLB-DRIVER-2,0812-XXXX-XXXX,cikarang selatan,Customer_1976,cust@XXXX.com,2026-04-01,"Anonymized Street, Jabodetabek",0812-XXXX-XXXX,Sample_Order_7,RETURNING,1,HALF MEDIUM BOX,7.41,Zone 3,7000,Satellite HUB Karawaci,126300,slot-sameday03,Credit Card,2,34
3PLB-DRIVER-1,0812-XXXX-XXXX,kecamatan jagakarsa,Customer_1977,cust@XXXX.com,2026-04-01,"Anonymized Street, Jabodetabek",0812-XXXX-XXXX,Sample_Order_9,RETURNING,1,HALF MEDIUM BOX,6.9,Zone 3,7000,Kramat - JAKPUS,126900,slot-2,Credit Card,4,90
3PLB-DRIVER-2,0812-XXXX-XXXX,kecamatan jatinegara,Customer_1978,cust@XXXX.com,2026-04-01,"Anonymized Street, Jabodetabek",0812-XXXX-XXXX,Sample_Order_4,RETURNING,1,PLASTIC,4.79,Zone 2,6500,Kramat - JAKPUS,162800,slot-1bb,MANDIRI VA Transferpay!,4,99
3PLB-DRIVER-1,0812-XXXX-XXXX,sepatan,Customer_1979,cust@XXXX.com,2026-04-01,"Anonymized Street, Jabodetabek",0812-XXXX-XXXX,Sample_Order_6,NEW,1,MEDIUM BOX,9.05,Zone 4,11000,Cibitung - KAB BEKASI,169800,slot-1bb,Cash on Delivery,5,33
Sample_Driver_9,0812-XXXX-XXXX,kecamatan setiabudi,Customer_1980,cust@XXXX.com,2026-04-01,"Anonymized Street, Jabodetabek",0812-XXXX-XXXX,Sample_Order_5,,1,,8.03,Zone 3,7000,Kramat - JAKPUS,273600,slot-13,Cash on Delivery,5,276
3PLC-DRIVER-1,0812-XXXX-XXXX,sepatan,Customer_1981,cust@XXXX.com,2026-04-01,"Anonymized Street, Jabodetabek",0812-XXXX-XXXX,Sample_Order_5,,1,,8.03,Zone 3,7000,Kramat - JAKPUS,273600,slot-0bb,Cash on Delivery,5,276
3PLB-DRIVER-2,0812-XXXX-XXXX,kecamatan penjaringan,Customer_1982,cust@XXXX.com,2026-04-01,"Anonymized Street, Jabodetabek",0812-XXXX-XXXX,Sample_Order_5,,1,,8.03,Zone 3,7000,Kramat - JAKPUS,273600,slot-1bb,Cash on Delivery,5,276
3PLB-DRIVER-1,0812-XXXX-XXXX,kecamatan grogol petamburan,Customer_1983,cust@XXXX.com,2026-04-01,"Anonymized Street, Jabodetabek",0812-XXXX-XXXX,Sample_Order_5,,1,,8.03,Zone 3,7000,Kramat - JAKPUS,273600,slot-sameday,Cash on Delivery,5,276
Sample_Driver_9,0812-XXXX-XXXX,kecamatan parung panjang,Customer_1984,cust@XXXX.com,2026-04-01,"Anonymized Street, Jabodetabek",0812-XXXX-XXXX,Sample_Order_7,RETURNING,1,HALF MEDIUM BOX,7.41,Zone 3,7000,Satellite HUB Karawaci,126300,slot-2,Credit Card,2,34
3PLC-DRIVER-1,0812-XXXX-XXXX,kecamatan setiabudi,Customer_1985,cust@XXXX.com,2026-04-01,"Anonymized Street, Jabodetabek",0812-XXXX-XXXX,Sample_Order_5,,1,,8.03,Zone 3,7000,Kramat - JAKPUS,273600,slot-13,Cash on Delivery,5,276
3PLC-DRIVER-1,0812-XXXX-XXXX,kecamatan jagakarsa,Customer_1986,cust@XXXX.com,2026-04-01,"Anonymized Street, Jabodetabek",0812-XXXX-XXXX,Sample_Order_3,RETURNING,1,PLASTIC,6.8,Zone 3,7000,Kembangan - JAKBAR,151710,slot-0,ShopeePay,4,197
Sample_Driver_9,0812-XXXX-XXXX,sepatan,Customer_1987,cust@XXXX.com,2026-04-01,"Anonymized Street, Jabodetabek",0812-XXXX-XXXX,Sample_Order_9,RETURNING,1,HALF MEDIUM BOX,6.9,Zone 3,7000,Kramat - JAKPUS,126900,slot-1,Credit Card,4,90
3PLB-DRIVER-2,0812-XXXX-XXXX,kecamatan jagakarsa,Customer_1988,cust@XXXX.com,2026-04-01,"Anonymized Street, Jabodetabek",0812-XXXX-XXXX,Sample_Order_2,RETURNING,1,PLASTIC,7.03,Zone 3,7000,Kembangan - JAKBAR,624450,slot-0,Credit Card,8,24
3PLA-DRIVER-2,0812-XXXX-XXXX,kecamatan grogol petamburan,Customer_1989,cust@XXXX.com,2026-04-01,"Anonymized Street, Jabodetabek",0812-XXXX-XXXX,Sample_Order_5,,1,,8.03,Zone 3,7000,Kramat - JAKPUS,273600,slot-sameday03,Cash on Delivery,5,276
3PLA-DRIVER-1,0812-XXXX-XXXX,cikarang selatan,Customer_1990,cust@XXXX.com,2026-04-01,"Anonymized Street, Jabodetabek",0812-XXXX-XXXX,Sample_Order_0,RETURNING,1,PLASTIC,5.54,Zone 2,6500,Kramat - JAKPUS,227370,slot-1bb,Cash on Delivery,5,242
Sample_Driver_8,0812-XXXX-XXXX,kecamatan parung panjang,Customer_1991,cust@XXXX.com,2026-04-01,"Anonymized Street, Jabodetabek",0812-XXXX-XXXX,Sample_Order_7,RETURNING,1,HALF MEDIUM BOX,7.41,Zone 3,7000,Satellite HUB Karawaci,126300,slot-0bb,Credit Card,2,34
3PLC-DRIVER-2,0812-XXXX-XXXX,kecamatan setiabudi,Customer_1992,cust@XXXX.com,2026-04-01,"Anonymized Street, Jabodetabek",0812-XXXX-XXXX,Sample_Order_1,RETURNING,1,HALF MEDIUM BOX,11.13,Zone 4,11000,Bintaro - TANGSEL,116100,slot-sameday,OVO Wallet,2,85
Sample_Driver_9,0812-XXXX-XXXX,kecamatan pademangan,Customer_1993,cust@XXXX.com,2026-04-01,"Anonymized Street, Jabodetabek",0812-XXXX-XXXX,Sample_Order_3,RETURNING,1,PLASTIC,6.8,Zone 3,7000,Kembangan - JAKBAR,151710,slot-1,ShopeePay,4,197
3PLC-DRIVER-2,0812-XXXX-XXXX,kecamatan grogol petamburan,Customer_1994,cust@XXXX.com,2026-04-01,"Anonymized Street, Jabodetabek",0812-XXXX-XXXX,Sample_Order_6,NEW,1,MEDIUM BOX,9.05,Zone 4,11000,Cibitung - KAB BEKASI,169800,slot-0bb,Cash on Delivery,5,33
3PLB-DRIVER-3,0812-XXXX-XXXX,kecamatan parung panjang,Customer_1995,cust@XXXX.com,2026-04-01,"Anonymized Street, Jabodetabek",0812-XXXX-XXXX,Sample_Order_7,RETURNING,1,HALF MEDIUM BOX,7.41,Zone 3,7000,Satellite HUB Karawaci,126300,slot-1bb,Credit Card,2,34
3PLC-DRIVER-2,0812-XXXX-XXXX,kecamatan pinang,Customer_1996,cust@XXXX.com,2026-04-01,"Anonymized Street, Jabodetabek",0812-XXXX-XXXX,Sample_Order_2,RETURNING,1,PLASTIC,7.03,Zone 3,7000,Kembangan - JAKBAR,624450,slot-13,Credit Card,8,24
3PLB-DRIVER-1,0812-XXXX-XXXX,cikarang selatan,Customer_1997,cust@XXXX.com,2026-04-01,"Anonymized Street, Jabodetabek",0812-XXXX-XXXX,Sample_Order_0,RETURNING,1,PLASTIC,5.54,Zone 2,6500,Kramat - JAKPUS,227370,slot-0bb,Cash on Delivery,5,242
3PLB-DRIVER-1,0812-XXXX-XXXX,kecamatan parung panjang,Customer_1998,cust@XXXX.com,2026-04-01,"Anonymized Street, Jabodetabek",0812-XXXX-XXXX,Sample_Order_8,RETURNING,1,HALF MEDIUM BOX,3.65,Zone 2,6500,Beji - Depok,78200,slot-sameday,GO-PAY Wallet,2,111
3PLC-DRIVER-1,0812-XXXX-XXXX,kecamatan jatinegara,Customer_1999,cust@XXXX.com,2026-04-01,"Anonymized Street, Jabodetabek",0812-XXXX-XXXX,Sample_Order_6,NEW,1,MEDIUM BOX,9.05,Zone 4,11000,Cibitung - KAB BEKASI,169800,slot-1,Cash on Delivery,5,33
